user_id,user_chat,,user_call
8543818,"[Ok,Ok,Hii,Hii,WhatsApp call Karoge,WhatsApp call Karoge,9354541645,9354541645]",,"[Ok,Hii,WhatsApp call Karoge,9354541645,Hello?,Hello?,Hello?]"
8525518,"[Hey my name is Preeti,Hey my name is Preeti,I'm from Kotdwar,I'm from Kotdwar]",,"[Hey my name is Preeti,I'm from Kotdwar]"
8680653,"[Hello,,Thank you.,Yes.,No,Please,,Oi?,Sorry.,Please, give me the,I'm sorry,Nim,Name.,My name is acid.,Is your name,I am somewhere.,I am from,How are you from?,I work at,What do you,Like,I like,I like,Don't like,I don't,Like winter,I don't like winter.,Do you like?,Do you like,Really.,In light,I really like,I really liked music.,I really,Large.,What?,What?,Watch,Eight,I watch cricket,Read,I read books.,Le,Play.,Play cricket,I play,Watching cricket. I like watching,I like reading books.,I like playing करके,What do you do in your free,I like playing cricket on holidays.,Sometimes,,I like watching movies.,Sometime I like watching movie.,Sometime I like]",,"[Let's talk about hobbies,Let's talk about hobbies,Let's talk about hobbies,Playing cricket,Playing cricket,Playing cricket,Yes, I play in a team,Yes, I play in a team,Yes, I play in a team,All-rounder,All-rounder,All-rounder,Batting mostly,Batting mostly,Batting mostly,Pull shot,Pull shot,Pull shot,Yes, I love it,Yes, I love it,Yes, I love it,Virat Kohli,Virat Kohli,Virat Kohli,He is consistent,He is consistent,He is consistent,AB de Villiers,AB de Villiers,AB de Villiers,The scoop shot,The scoop shot,The scoop shot,Switch hit,Switch hit,Switch hit,Yes, I play,Yes, I play,Yes, I play,Opening batter,Opening batter,Opening batter,Cover drive,Cover drive,Cover drive,Sometimes,Sometimes,Sometimes,Read books,Read books,Read books,I read comics,I read comics,I read comics,Chacha Chaudhary,Chacha Chaudhary,Chacha Chaudhary,Only Chacha Chaudhary,Only Chacha Chaudhary,Only Chacha Chaudhary,He is funny,He is funny,He is funny,Play cricket,Play cricket,Play cricket,Yes, I do,Yes, I do,Yes, I do,Yes, Virat Kohli,Yes, Virat Kohli,Yes, Virat Kohli]"
7577262,"[I'm saiju,I'm saiju,Maharashtra Chandrapur,Maharashtra Chandrapur,Mera ghr hai yaha,Mera ghr hai yaha,Nhi samjha,Nhi samjha,😅,😅,Hello.,Thank you.,Yes.,No.,Please.,Sorry.,Please give me the pinch.,I'm sorry,I am Amit.,I am Amit.,I'm studying English.,I'm studying English.,I want to improve my vocabulary.,I want to improve my vocabulary.,I want to improve my vocabulary.,My name is [Name],My name is [Name],I live in Mumbai.,I live in Mumbai.,I'm a student.,I'm a student.,I'm in college for commerce.,I'm in college for commerce.,It's okay, sometimes it's tough.,It's okay, sometimes it's tough.,My name is,I need to sume. I need to sume.,My name is Omar.,What please be your name?,I'm from,Yeah,Where are you from?,I work,What do]",,"[I'm saiju,Maharashtra Chandrapur,Mera ghr hai yaha,Nhi samjha,😅,I am Amit.,I'm studying English.,I want to improve my vocabulary.,My name is [Name],I live in Mumbai.,I'm a student.,I'm in college for commerce.,It's okay, sometimes it's tough.]"
8085668,"[yes I am done,thanks Riya thanks Riya,And,Name.,My name,Large.,What do you what is your name?,I am from Trupura.,I am from,We are ready for,We are Rari Yukon.,You are Ari up from.,Where Where,I want,is,Minasa restaurant Minasa.,I work,What do you,thanks good your study I study,Use my name Riya.,Use my name Riya.,My bill is too high.,My bill is too high.,No, I want to complain directly.,No, I want to complain directly.,Can we add something else?,Can we add something else?,Yes, that sounds good.,Yes, that sounds good.,I want to know why,I want to know why]",,"[Use my name Riya.,My bill is too high.,No, I want to complain directly.,Can we add something else?,Yes, that sounds good.,I want to know why]"
8439927,"[Hello?,Thank you.,Yes, बोलो भी,No. I'm working.,Please,Sorry.,Please do with the pain,Please give,I'm sorry.,do you need any help to study,Ma'am.,Dan e, ami, name mangenau,,My name is,What is your day,Bombay.,I am from,Where are you?,I work as,What do you,I was today,yesterday college,Like,I like you.,I like you.,Don't Like,Bolo Addon't Place,don't like,I don't like,Like,Do you like,Do you like,Lilly पसंद.,I'll,like really,I really like,I really like cough.,how do you start your day,dost aunty,what would like,dinner plan,You can call me satish,You can call me satish,I am from Delhi,I am from Delhi,The people are friendly,The people are friendly,Hauz Khas Village is nice.,Hauz Khas Village is nice.,My name is Priya,My name is Priya,I need bus info,I need bus info,Tell me about buses to Delhi.,Government buses are fine.,Government buses are fine.,I think Kashmere Gate.,I think Kashmere Gate.,Morning buses please,Morning buses please,Tell me the exact times,Tell me the exact times,Tell me the exact times,No,No]",,"[You can call me satish,I am from Delhi,The people are friendly,Hauz Khas Village is nice.,My name is Priya,I need bus info,Tell me about buses to Delhi.,Government buses are fine.,I think Kashmere Gate.,Morning buses please,Tell me the exact times,No]"
8476631,"[No,How are you,How are you,My name is kaushik,My name is kaushik,I am from Maharashtra,I am from Maharashtra,Palghar,Palghar,Yes, it's a coastal district.,Yes, it's a coastal district.,Yes, I love it here.,Yes, I love it here.,I love the beaches,I love the beaches,I love the beaches,Just relax and enjoy,Just relax and enjoy,Hello?,Thank you.,Yes.,No.,Leads,Hello?,Thank you.,Yes.,No.,Me.,Means.,Please.,Sol.,Sorry.,Give me the,I'm,sorry.,I will leaving at home,No.,Name.,My name is,What is your main,I'm from,Yeah I'm just calling,Where are,I work,What do you do?,I studies please excited college,Like.,I like,Yeah. I like,Like.,Don't like.,I don't,I don't like,Do you like?,Do you like,Really?,I really like.,I really like,the toast anti,Yes, I have time.,Yes, I have time.,Yes, let's start.,Yes, let's start.,Yes, let's start.,Yes, they seem achievable.,Yes, they seem achievable.,Yes, they seem achievable.,We might need more resources.,We might need more resources.,More staff for the sales team.,More staff for the sales team.,Let's discuss the exact number.,Let's discuss the exact number.,Maybe tomorrow morning?,Maybe tomorrow morning?,Yes, let's set a time.,Yes, let's set a time.,Yes, 10 AM is perfect.,Yes, 10 AM is perfect.,No, that's all.,No, that's all.,No, that's all.,Thank you, you too!,Thank you, you too!,Thank you, you too!,Ocho.,Watch.,I,I watched video.,I watched,Read. Read.,I've been doing well.,I've been doing well.,The XYZ project was great.,The XYZ project was great.,The was amazing,The was amazing,Learned lot,Learned lot,Watch,I watch,My name is kaushik,My name is kaushik,I am from Maharashtra,I am from Maharashtra,I am from Palghar,I am from Palghar,Yes.its near Mumbai,Yes.its near Mumbai,Peaceful,Peaceful,Very different,Very different,Very different,Like nature,Like nature,Yes many bechesshh,Yes many bechesshh,Why are you jeles,Why are you jeles,Why are you jeles,Chinachni beach,Chinachni beach,Tell me for interview questions in HR executive,Tell me for interview questions in HR executive,Tell me for interview questions in HR executive,Yes I am ready,I improved employee culture,I improved employee culture,I focused on communication.,I focused on communication.,We had team meetings.,We had team meetings.,It varied, actually.,It varied, actually.,Feedback was mostly positive.,Feedback was mostly positive.,They appreciated the updates.,They appreciated the updates.,They appreciated the updates.,Team member achievements.,Team member achievements.]",,"[No,How are you,My name is kaushik,I am from Maharashtra,Palghar,Yes, it's a coastal district.,Yes, I love it here.,I love the beaches,Just relax and enjoy,Yes, I have time.,Yes, let's start.,Yes, they seem achievable.,We might need more resources.,More staff for the sales team.,Let's discuss the exact number.,Maybe tomorrow morning?,Yes, let's set a time.,Yes, 10 AM is perfect.,No, that's all.,Thank you, you too!,I've been doing well.,The XYZ project was great.,The was amazing,Learned lot,My name is kaushik,I am from Maharashtra,I am from Palghar,Yes.its near Mumbai,Peaceful,Very different,Like nature,Yes many bechesshh,Why are you jeles,Chinachni beach,Tell me for interview questions in HR executive,Yes I am ready,I improved employee culture,I focused on communication.,We had team meetings.,It varied, actually.,Feedback was mostly positive.,They appreciated the updates.,Team member achievements.]"
8272824,"[Hello,Hello,કેમસો,ગુજરાતી લખો,ગુજરાતી લખો,English bowl ना सीखा हूँ.,English bowl ना सीखा हूँ.,आप English में ही बात करते हो एक बार.,आप English में ही बात करते हो एक बार.,ભુસ,ભુસ,I like you know, but luck to see it.,I like you know, but luck to see it.]",,"[Hello,કેમસો,ગુજરાતી લખો,English bowl ना सीखा हूँ.,आप English में ही बात करते हो एक बार.,ભુસ,I like you know, but luck to see it.]"
7519260,"[I study English,I study English,I enjoy speaking practice.,I enjoy speaking practice.,I like talking about food.,I like talking about food.,I'm a big foodie,I'm a big foodie,उसका mood अच्छा से नहीं जानता है.,उसका mood अच्छा से नहीं जानता है.]",,"[हां मैं seat में जाता हूं.,हां मैं seat में जाता हूं.,हां मैं seat में जाता हूं.,I study English,I enjoy speaking practice.,I like talking about food.,I'm a big foodie,उसका mood अच्छा से नहीं जानता है.]"
8655643,"[Hi I am adi,Hi I am adi,India and u,India and u,I speak english,I speak english,I speak english,I speak english,Ok,Ok,Hello my name is adi,Hello my name is adi,Hello my name is adi,Hello my name is adi,Moradabad,Moradabad,Moradabad,Moradabad,I am teacher,I am teacher,I am teacher,I am teacher,English so I am scared,English so I am scared,English so I am scared,English so I am scared,English so I am scared,English so I am scared,Ok,Ok,Ok,Ok,Ok,Ok,You carry on,You carry on,You carry on,You carry on,You carry on,You carry on,For  conversation to principal or students,For  conversation to principal or students,Yes,Yes,Yes,That I need leave,That I need leave,That I need leave,Mam I can do,Mam I can do,Mam I can do,May I please have leave,May I please have leave,May I please have leave,So I was going to immediately work,I need to work to go away,I need to work to go away,Ok I have to leave for work,Ok I have to leave for work,So I can go to out side,So I can go to out side,What about you,What about you,Continuous for speaking,Continuous for speaking,Ok teacher k lia hi bataiye,No,No,Only teaches for cbse board,No,No,Classes of students,Classes of students,Classes of students,Ok,Ok,Or,Or,I teaches some special word to conversation to principal and students,I teaches some special word to conversation to principal and students,You say,You say]",,"[Hi I am adi,India and u,I speak english,I speak english,Ok,Ok,Hello my name is adi,Hello my name is adi,Moradabad,Moradabad,I am teacher,I am teacher,English so I am scared,English so I am scared,Ok,Ok,You carry on,You carry on,For  conversation to principal or students,Yes,That I need leave,Mam I can do,May I please have leave,So I was going to immediately work,I need to work to go away,Ok I have to leave for work,So I can go to out side,What about you,Continuous for speaking,Ok teacher k lia hi bataiye,No,Only teaches for cbse board,No,Classes of students,Ok,Or,I teaches some special word to conversation to principal and students,You say]"
4257222,"[I have a question about my leave.,How many days leave do I have?,How many days leave do I have?,Yes, please show me.,Yes, please show me.,Yes, please show me.,Yes, thank you.,Yes, thank you.]",,"[I have a question about my leave.,How many days leave do I have?,Yes, please show me.,Yes, thank you.]"
8419170,"[Hello?,Thank you,Yes.,Non,,Please.,Sorry,Please give me the,And sloppy,I'm sorry.,Name,My name is Yugita Singh.,What is your name?,I'm from,Where are you home?,Plus,I have brought Bajaj as a Bajaj Penang.,I was as a,sales executive,in Bazaar Finance.,I work,What do you do,my name my name is Yogita,Like,क्या किया?,कर ही तो नहीं रहा है. कब तो यही है? कर नहीं रहा है.,हम मेरी एक दूल ले रही.,I like,I like green,Don't Lie.,I don't,I don't like,Do you like,P.,ममा तट्ठी कह लिखाओगी?,एक,Do you like tea?,Really?,I really like,I really like,how do you start your day,just aunty,Watch,I watch movies,Read.,I read book,Play.,I play football,I like watching movies]",,"[Hello, Ría.,Hello, Ría.,Hello, Ría.,क्या बोलूँ मैं?,क्या बोलूँ मैं?,क्या बोलूँ मैं?,How are you?,How are you?,How are you?,I'm just,I'm just,I'm just,I am thinking,I am thinking,I am thinking,What can I say,What can I say,What can I say,I'm low,I'm low,I'm low,My mood no is not good.,My mood no is not good.,My mood no is not good.,My baby is too small. And he was so badly crying.,My baby is too small. And he was so badly crying.,My baby is too small. And he was so badly crying.,No what you say,No what you say,No what you say,रिया मुझसे हिंदी में पूछोगी जरा,रिया मुझसे हिंदी में पूछोगी जरा,रिया मुझसे हिंदी में पूछोगी जरा,Hello?,Hello?,Hello?,Something interested. Interesting?,Something interested. Interesting?,Something interested. Interesting?,I'm too lazy. I'm,I'm too lazy. I'm,I'm too lazy. I'm,I can't speak in English.,I can't speak in English.,I can't speak in English.,I am practice today.,I am practice today.,I am practice today.,Nala supada.,Nala supada.,Nala supada.,Area please tell me,Area please tell me,Area please tell me,I reply.,I reply.,I reply.]"
8710773,"[Hello.,Thank you,Yes.,No.,Please,,Sorry,Please, give me,I'm sorry,nothing,Name,My name is,What is your,I'm from,Where are,I work,What do you,what is your name,Like,I like,I like winter,Don't like,I don't like,I don't like summer,Do You Like,Do You Like Rain?,Really?,I really like,I really like,Watch,I I watch tv,Read,I read,Please.,Play.,I play badminton,I like watching,I like Red,I like playing.,What do you do in,I like study on holiday.,Sometimes,Sometimes I,Morning.,In the morning,Evening,In the evening,Night,At night,Wake up.,I wake up in the morning.,Eat,I eat breakfast.,Go.,I go to office.,Sí,sleep,I sleep at night,What time do you,What time do you wake up?,What time do you sleep?,Home,I am home. मैं घर आ गया.,घर आ गया.,अब पीनू को?,I'm home.,How was your,My day was good,My day was tiring.,I'm hungry.,What's for,Mom, I need help.,Can I go to my,My name is Priya.,My name is Priya.,I'm from Delhi.,I'm from Delhi.,I am a student.,I am a student.,I study commerce.,I study commerce.,Yes, it is quite tough,Yes, it is quite tough,I like learning about business.,I like learning about business.,Small local businesses,Small local businesses,We used to go to the village.,We used to go to the village.,Visiting my grandparents,Visiting my grandparents,They told me stories.,They told me stories.,Stories about their childhood,Stories about their childhood,Yes, they did play games.,Yes, they did play games.,They played hide and seek,They played hide and seek,They played outside mostly.,They played outside mostly.,They had a few spots.,They had a few spots.]",,"[My name is Priya.,I'm from Delhi.,I am a student.,I study commerce.,Yes, it is quite tough,I like learning about business.,Small local businesses,We used to go to the village.,Visiting my grandparents,They told me stories.,Stories about their childhood,Yes, they did play games.,They played hide and seek,They played outside mostly.,They had a few spots.]"
8405362,"[Hii,Hii,काय चालू आहे]",,"[Hii,काय चालू आहे]"
8617915,"[Yes,Yes,Call me ashok,Call me ashok]",,"[Yes,Call me ashok]"
3251382,"[शिवकुमार,शिवकुमार,हिंदी लिखो,हिंदी लिखो,हिंदी नहीं मालूम है क्या?,हिंदी नहीं मालूम है क्या?,हिंदी नहीं मालूम है क्या?,शिव,शिव,आई लव यू,आई लव यू,¿Qué tal él me dijo?,¿Qué tal él me dijo?]",,"[शिवकुमार,हिंदी लिखो,हिंदी नहीं मालूम है क्या?,Hello. Hello.,Hello. Hello.,Hello. Hello.,शिव,आई लव यू,¿Qué tal él me dijo?,Aló.,Aló.,Aló.,Hi,,Hi,,Hi,,Hallo.,Hallo.,Hallo.,Indeed,]"
5754527,"[My name is [Name]nilesh,My name is [Name]nilesh,My name is [Name]nilesh,My name is [Name]nilesh,I am from Delhi.,I am from Delhi.,I am from Delhi.,I am from Delhi.,Hello. Hello.,Hello. Hello.,Thank you,Thank you,Yes,Yes,Oh. No.,Oh. No.,Please do,Please do,Odi, sorry, sorry, sorry, sorry, sorry,,Odi, sorry, sorry, sorry, sorry, sorry,,Give me back please give,Give me back please give,अच्छा. मेरे इंदान का देता हूं. I am so.,अच्छा. मेरे इंदान का देता हूं. I am so.,निन्यानवे. निन्यानवे. निन्यानवे. हां हां चार सौ निन्यानवे.,निन्यानवे. निन्यानवे. निन्यानवे. हां हां चार सौ निन्यानवे.,Hello,Thank you,P s,Yes.,No,,Army rape है police,please, please, please,,Sorry what,Hello.,Thank you for,Yes,No,Bien ist.,Please.,Sorry,Please give,I'm sorry,what do you,Name,My name is Neilis.,What is your name?,I am from Delhi.,I am from Delhi.,I am from,Where are you from?,I was a skisman,I walk as,Kisan,कहाँ कह रहे हैं लोगों को.,What do you]",,"[My name is [Name]nilesh,My name is [Name]nilesh,I am from Delhi.,I am from Delhi.]"
8261142,"[Let's practice together.,Let's practice together.,My internet is not working.,My internet is not working.,Yes, my number is...,Yes, my number is...,Only the power light is on.,Only the power light is on.,Only the power light is on.,Yes, please schedule it.,Yes, please schedule it.,Yes, I will be home.,Yes, I will be home.,No, that's all.,No, that's all.,You can call me [Name],You can call me [Name],I want to order some food,I want to try something local.,I want to try something local.,Pav Bhaji sounds good,Pav Bhaji sounds good,Just water please,Just water please,How about a lassi?,Salty is fine.,Salty is fine.,No, that's all.,No, that's all.]",,"[Let's practice together.,My internet is not working.,Yes, my number is...,Only the power light is on.,Yes, please schedule it.,Yes, I will be home.,No, that's all.,You can call me [Name],I want to order some food,I want to try something local.,Pav Bhaji sounds good,Just water please,How about a lassi?,Salty is fine.,No, that's all.]"
8581715,"[Mam my name is karan,Mam my name is karan,You call me  karan,You call me  karan,I am  a from  jharkhand,I am  a from  jharkhand,I am from Ranchi.,I am from Ranchi.,50 year,50 year,Dhoni,Dhoni,Dhoni,It's a beautiful city.,It's a beautiful city.,Lots of green nature parks.,Lots of green nature parks.,Bir shaa mundaa park,Bir shaa mundaa park,My address,My address,Yeah I'm sorry my English is what is this ma'am Ma'am?,Yeah I'm sorry my English is what is this ma'am Ma'am?,Yeah I'm sorry my English is what is this ma'am Ma'am?,My English is not good,My English is not good,My English is not good,Give me adwaiger please.,Give me adwaiger please.,Advice about speaking English,Advice about speaking English,Advice about speaking English,Tell me more about it.,Tell me more about it.,Tell me more about it.,I love you,I love you,I love you,Sorry,Sorry,Sorry,Farnk,Farnk,Farnk,What happened,What happened,What happened,No my name is karna,No my name is karna,No my name is karna,I'm from Delhi.,I'm from Delhi.,I study here.,I'm studying engineering.,I'm studying engineering.,I'm in computer science.,I'm in computer science.,I'm in computer science.,Yes, that's the plan!,Yes, that's the plan!,Yes, that's the plan!,Software developer role,Software developer role,Software developer role,Working on AI projects.,Working on AI projects.,Working on AI projects.,Solving complex problems.,Solving complex problems.,I love a good challenge.,I love a good challenge.,I love a good challenge.,Desides,Desides,Desides]",,"[Hi, man. Hi.,Hi, man. Hi.,Hi, man. Hi.,Can I help you?,Can I help you?,Can I help you?,I'm not I'm not the confident in my English.,I'm not I'm not the confident in my English.,I'm not I'm not the confident in my English.,Can I show you image?,Can I show you image?,Can I show you image?,And not at not at all, but actually, what I reason,And not at not at all, but actually, what I reason,And not at not at all, but actually, what I reason,Ma'am, how are you,Ma'am, how are you,Ma'am, how are you,All good.,All good.,All good.,I'm on mute. Now,I'm on mute. Now,I'm on mute. Now,At the moment, can I just have friend,At the moment, can I just have friend,At the moment, can I just have friend,Today. I mean, actually, I'm,Today. I mean, actually, I'm,Today. I mean, actually, I'm,No problem.,No problem.,No problem.,And then just,And then just,And then just,How are you, Ria Ma'am?,How are you, Ria Ma'am?,How are you, Ria Ma'am?,And cooking cooked and stunning relax.,And cooking cooked and stunning relax.,And cooking cooked and stunning relax.,दम बिरयानी,दम बिरयानी,दम बिरयानी,And,And,And,हैदराबादी अलाई के हैदराबादी ब्रियांत,हैदराबादी अलाई के हैदराबादी ब्रियांत,हैदराबादी अलाई के हैदराबादी ब्रियांत,But, actually, he's the cook. And the very sweetly cookie me.,But, actually, he's the cook. And the very sweetly cookie me.,But, actually, he's the cook. And the very sweetly cookie me.,And,And,And,None movie.,None movie.,None movie.,Cricket and धोनी लाभक,Cricket and धोनी लाभक,Cricket and धोनी लाभक,Ma'am my dream,Ma'am my dream,Ma'am my dream,Mam my name is karan,You call me  karan,I am  a from  jharkhand,I am from Ranchi.,50 year,Dhoni,It's a beautiful city.,Lots of green nature parks.,Bir shaa mundaa park,My address,Yeah I'm sorry my English is what is this ma'am Ma'am?,My English is not good,Give me adwaiger please.,Advice about speaking English,Tell me more about it.,I love you,Sorry,Farnk,What happened,No my name is karna,I'm from Delhi.,I study here.,I'm studying engineering.,I'm in computer science.,Yes, that's the plan!,Software developer role,Working on AI projects.,Solving complex problems.,I love a good challenge.,Desides]"
8477708,"[Hello?,Thank you.,Thank you.,Yes.,Non.,Please,,Sorry.,Please give,I'm sorry,free,Hi my name is pankaj,Hi my name is pankaj,I think rice,I think rice,I think rice,Plain rice cakan,Plain rice cakan,Paner tarka,Paner tarka,Maybe some roti?,Maybe some roti?,No home mackar my lovely wife,No home mackar my lovely wife,No home mackar my lovely wife,Not a tella,Not a tella,Not a tella,Ok,Ok,Tell him we are done.,Tell him we are done.,Ok mam,Ok mam,Nein.,Name.,Spunk as per आजूदी.,My name,What is your name?]",,"[Hi my name is pankaj,I think rice,Plain rice cakan,Paner tarka,Maybe some roti?,No home mackar my lovely wife,Not a tella,Ok,Tell him we are done.,Ok mam]"
8740576,"[You are not call.me,You are not call.me,Friends ka sath bath sit,Friends ka sath bath sit,Yes,You are just imaging,You are just imaging,You are just imaging,Cute girl,Cute girl,Rahul,Rahul,Sory about that,Sory about that,Sory about that,Interview skill,Rahul,Rahul,I do a motor mechanic,I do a motor mechanic]",,"[Hello? Hello? My my name,Hello? Hello? My my name,Hello? Hello? My my name,My name is Nasiruddinaleh.,My name is Nasiruddinaleh.,My name is Nasiruddinaleh.,I am from I am from,I am from I am from,I am from I am from,Anything about?,Anything about?,Anything about?,Yes.,Yes.,Yes.,Transfer,Transfer,Transfer,Yes.,Yes.,Yes.,I do not know English past.,I do not know English past.,I do not know English past.,I'm work,I'm work,I'm work,I work in Farmer,I work in Farmer,I work in Farmer,My father is like just I am help help,My father is like just I am help help,My father is like just I am help help,Yes.,Yes.,Yes.,I'm like to the,I'm like to the,I'm like to the,I like to the firm driver.,I like to the firm driver.,I like to the firm driver.,Excuse me, What's your name?,Excuse me, What's your name?,Excuse me, What's your name?,Yes,Yes,Yes,Eating for Friends,Eating for Friends,Eating for Friends,САМУСА,САМУСА,САМУСА,Yes,Yes,Yes,I do not know.,I do not know.,I do not know.,Yes,Yes,Yes,I don't no idea for English. English sentence.,I don't no idea for English. English sentence.,I don't no idea for English. English sentence.,Cosby pussle a,Cosby pussle a,Cosby pussle a,You are not call.me,Friends ka sath bath sit,Yes,You are just imaging,Cute girl,Rahul,Sory about that,Interview skill,Rahul,I do a motor mechanic]"
8702005,"[Hey I am Mahipal,Hey I am Mahipal,I'm a student.,I am studying in speech English,I am studying in speech English,I want to improve my career.,I want to improve my career.,I want to improve my career.,How are you ma'am,How are you ma'am,I want to see the menu.,I want to see the menu.,North Indian food please,North Indian food please,I'll take some rice,Jeera rice,Jeera rice,I am tu today morning 6,I am tu today morning 6,Okey,Okey,I'll try the biryani.,I'll try the biryani.,I'll take mutton,I'll take mutton,Onthing,Onthing,Ok,Ok]",,"[Hey I am Mahipal,I'm a student.,I am studying in speech English,I want to improve my career.,How are you ma'am,I want to see the menu.,North Indian food please,I'll take some rice,Jeera rice,I am tu today morning 6,Okey,I'll try the biryani.,I'll take mutton,Onthing,Ok]"
8599204,"[Riya,Riya,I am in pune,I am in pune,Because my home town in pune,Because my home town in pune,Wether , food , etc,Wether , food , etc,Masal pav , puranpoli,Masal pav , puranpoli,Masal pav , puranpoli,No,No,Masaledar,Masaledar,Masaledar,Biryani,Biryani,Yes,Yes,Yes,I like tommato like topping,I like tommato like topping,I like tommato like topping,I like tommato like topping,What is mean by loaded,What is mean by loaded,What is mean by loaded,What is mean by loaded,What is mean by loaded,What is mean by loaded,I don't no sense,I don't no sense,I don't no sense,I don't no sense,I don't no sense,I don't no sense,Ok,Ok,I like simple Margherita pizza,I like simple Margherita pizza,I like simple Margherita pizza,I like simple Margherita pizza,No thank you,No thank you,Yes I like today's practice,Yes I like today's practice,I am riya,I am riya,I am from pune,I am from pune,My favorite thing is cloth,My favorite thing is cloth,My favorite thing is cloth,Yes there was a really great market is  FC road , Tulshibag,etc,Yes there was a really great market is  FC road , Tulshibag,etc,Dress , earrings, nackles , shoes, etc,Dress , earrings, nackles , shoes, etc,Dress , earrings, nackles , shoes, etc,Yes zudio is a amazing footwere,Yes zudio is a amazing footwere,Yes,Yes,Yes,No,No,I like to eat Biryani,I like to eat Biryani,Yes masaledar is a famous place in pune,Yes masaledar is a famous place in pune,Means,No,No,I like the test of the briyani,I like the test of the briyani,I like the test of the briyani,I don't understand,I don't understand,I don't understand,Yes there was a very teatee biryani,Yes there was a very teatee biryani,Yes,Chicken biryani,Chicken biryani,It spicy,It spicy,No,No,No]",,"[Riya,I am in pune,Because my home town in pune,Wether , food , etc,Masal pav , puranpoli,No,Masaledar,Biryani,Yes,I like tommato like topping,I like tommato like topping,What is mean by loaded,What is mean by loaded,I don't no sense,I don't no sense,Ok,Ok,I like simple Margherita pizza,I like simple Margherita pizza,No thank you,Yes I like today's practice,I am riya,I am from pune,My favorite thing is cloth,Yes there was a really great market is  FC road , Tulshibag,etc,Dress , earrings, nackles , shoes, etc,Yes zudio is a amazing footwere,Yes,No,I like to eat Biryani,Yes masaledar is a famous place in pune,Means,No,I like the test of the briyani,I don't understand,Yes there was a very teatee biryani,Yes,Chicken biryani,It spicy,No,Hi. I am Brigault.,Hi. I am Brigault.,Hi. I am Brigault.,Hi. I am Ria.,Hi. I am Ria.,Hi. I am Ria.,What?,What?,What?,Hi.,Hi.,Hi.,I want to talk English.,I want to talk English.,I want to talk English.,Any topic you suggest?,Any topic you suggest?,Any topic you suggest?,Indian favorite food is,Indian favorite food is,Indian favorite food is,What? Sorry?,What? Sorry?,What? Sorry?,I like biryani.,I like biryani.,I like biryani.,Plain. Chicken bitani.,Plain. Chicken bitani.,Plain. Chicken bitani.,I like it spicy.,I like it spicy.,I like it spicy.,I'm enjoying पाव भाजी.,I'm enjoying पाव भाजी.,I'm enjoying पाव भाजी.,I like two pizza bowls there. And junk food.,I like two pizza bowls there. And junk food.,I like two pizza bowls there. And junk food.,My favorite junk food is French fries and pizza.,My favorite junk food is French fries and pizza.,My favorite junk food is French fries and pizza.,अभी जी,अभी जी,अभी जी,Hi. I am Ria.,Hi. I am Ria.,Hi. I am Ria.,¿Arrigada? No hay.,Hi. I am Leah.,Hi. I am Leah.,Hi. I am Leah.,Hi. I am Ria.,Hi. I am Ria.,Hi. I am Ria.,Any y'all suggested,Any y'all suggested,Any y'all suggested,Can you give me some options?,Can you give me some options?,Can you give me some options?,Hi.,Hi.,Hi.,Hi,,Hi,,Hi,,Any you are suggesting me? Any you're suggesting me?,Any you are suggesting me? Any you're suggesting me?,Any you are suggesting me? Any you're suggesting me?,Doesn't like that.,Doesn't like that.,Doesn't like that.,My,My,My,Hi.,Hi.,Hi.,Dancing and playing,Dancing and playing,Dancing and playing,No. I'm not playing sports. I,No. I'm not playing sports. I,No. I'm not playing sports. I,सब. Bollywood है. थोड़ी अच्छी. I like,सब. Bollywood है. थोड़ी अच्छी. I like,सब. Bollywood है. थोड़ी अच्छी. I like,No one.,No one.,No one.,Number,Number,Number,Yes. Sorry, I,Yes. Sorry, I,Yes. Sorry, I,One two,One two,One two,Sim, com, three four five six seven eight nine, ten.,Sim, com, three four five six seven eight nine, ten.,Sim, com, three four five six seven eight nine, ten.]"
8644166,"[You can call me [Name],You can call me [Name],I'm joining from kgl,I'm joining from kgl,I came here to study.,I came here to study.,I'm here for a Master's degree.,I'm here for a Master's degree.,It's a Master's in Engineering.,It's a Master's in Engineering.,I'm doing Mechanical Engineering.,I'm doing Mechanical Engineering.,I'm learning a lot.,I'm learning a lot.,Thermodynamics was interesting.,Thermodynamics was interesting.,Hello,,Thank you.,Yes.,No.,Please,,Sorry.,Please give me,I'm sorry,Name.,My name,Is your name,I'm from ish car,Where are you,Is ijsofficer.,I walk with ice officer.,I work as teacher,What do you do]",,"[You can call me [Name],I'm joining from kgl,I came here to study.,I'm here for a Master's degree.,It's a Master's in Engineering.,I'm doing Mechanical Engineering.,I'm learning a lot.,Thermodynamics was interesting.,Hello?,Hello?,Hello?,English.,English.,English.]"
8557744,"[जो जो मैं,जो जो मैं,मैं बोलूंगा आप उससे English में translate करना,जो जो मैं,जो जो मैं मैं बोलूंगा आप उससे English में translate करना.,जो जो मैं मैं बोलूंगा आप उससे English में translate करना.]",,"[Hello, Ria. How are you?,Hello, Ria. How are you?,Hello, Ria. How are you?,So I'm ready to learn. I am fine. Hope the same for you. How's your health?,So I'm ready to learn. I am fine. Hope the same for you. How's your health?,So I'm ready to learn. I am fine. Hope the same for you. How's your health?,You have the same that my mother is cooking food and she will bring it fifteen minutes.,You have the same that my mother is cooking food and she will bring it fifteen minutes.,You have the same that my mother is cooking food and she will bring it fifteen minutes.,मैं कल देखी जाऊंगा इसकी English बताइए.,मैं कल देखी जाऊंगा इसका English बताइए.,मैं कल देखी जाऊंगा इसका English बताइए.,मैं कल देखी जाऊंगा इसका English बताइए.,मैं कल दिल्ली जाऊंगा तीन भी चलता,मैं कल दिल्ली जाऊंगा तीन भी चलता,मैं कल दिल्ली जाऊंगा तीन भी चलता,I will go to Delhi tomorrow.,I will go to Delhi tomorrow.,I will go to Delhi tomorrow.,First of all, I want to repeat this sentence. I,First of all, I want to repeat this sentence. I,First of all, I want to repeat this sentence. I,मुझे बहुत ज़्यादा पैसे कमाने चाहिए.,रिया जी जो जो मैं जाऊंगा उससे बिल्कुल English में translate कर देना. Ok, are you getting my point?,रिया जी जो जो मैं जाऊंगा उससे बिल्कुल English में translate कर देना. Ok, are you getting my point?,रिया जी जो जो मैं जाऊंगा उससे बिल्कुल English में translate कर देना. Ok, are you getting my point?,मैं पागल हूं.,मैं पागल हूं.,मैं पागल हूं.,You are also me.,You are also me.,You are also me.,I said you are also mad, not me.,I said you are also mad, not me.,I said you are also mad, not me.,जो मैंने यह बोला था उसको translate कीजिए English में आपको समझ नहीं आया?,जो मैंने यह बोला था उसको translate कीजिए English में आपको समझ नहीं आया?,जो मैंने यह बोला था उसको translate कीजिए English में आपको समझ नहीं आया?,जो जो मैं,जो जो मैं मैं बोलूंगा आप उससे English में translate करना.]"
8401653,"[Ys,Ys,I am from lndia uttarakhand,I am from lndia uttarakhand,Ys,Ys,Uttarakhand,Uttarakhand,Bahut axa,Bahut axa,Uttarakhand is that it is known as davhommi,Uttarakhand is that it is known as davhommi,Roti is good,Roti is good,Roti is good,Simple,dal,I like aloo ke gutke.,I like aloo ke gutke.,Hallo.,It's my favorite!,It's my favorite!,It's my favorite!]",,"[Ys,I am from lndia uttarakhand,Ys,Uttarakhand,Bahut axa,Uttarakhand is that it is known as davhommi,How are you?,How are you?,How are you?,Yes, ma'am. Yes.,Yes, ma'am. Yes.,Yes, ma'am. Yes.,Where are you from?,Where are you from?,Where are you from?,I am from to Utrekhand,,I am from to Utrekhand,,I am from to Utrekhand,,प्रखंड is देवभूमि,प्रखंड is देवभूमि,प्रखंड is देवभूमि,यहां चारो धामों, चार धाम यात्रा गंगुत्री इस,यहां चारो धामों, चार धाम यात्रा गंगुत्री इस,यहां चारो धामों, चार धाम यात्रा गंगुत्री इस,Yumnotri kedanat betrinat.,Yumnotri kedanat betrinat.,Yumnotri kedanat betrinat.,Ed arnatto.,Ed arnatto.,Ed arnatto.,Este, भूमि मुझे,Este, भूमि मुझे,Este, भूमि मुझे,Uttarakhand is a food चुलकानी भात,Uttarakhand is a food चुलकानी भात,Uttarakhand is a food चुलकानी भात,Potato shah. Potato,Potato shah. Potato,Potato shah. Potato,आलू potato gupka.,आलू potato gupka.,आलू potato gupka.,It's five shaped for the in a,It's five shaped for the in a,It's five shaped for the in a,No spicy buttarakkandida.,No spicy buttarakkandida.,No spicy buttarakkandida.,Spicy food.,Spicy food.,Spicy food.,РАЗМА,РАЗМА,РАЗМА,Eso fue todo.,Eso fue todo.,Eso fue todo.,Et potato as,Et potato as,Et potato as,यह जो राजमा इस,यह जो राजमा इस,यह जो राजमा इस,It's mandua, mandua.,It's mandua, mandua.,It's mandua, mandua.,Ismanwa Uttarakhandy's name Kodah.,Ismanwa Uttarakhandy's name Kodah.,Ismanwa Uttarakhandy's name Kodah.,Roti is good,I like aloo ke gutke.,It's my favorite!]"
8623012,"[You can call me Alex.,You can call me Alex.,I am a student.,I'm in my final year.,I'm in my final year.,I'm doing my masters.,I'm doing my masters.,I'm studying Marketing.,I'm studying Marketing.,It's very creative.,It's very creative.,Yes, I want to work in marketing.,Yes, I want to work in marketing.]",,"[You can call me Alex.,I am a student.,I'm in my final year.,I'm doing my masters.,I'm studying Marketing.,It's very creative.,Yes, I want to work in marketing.]"
18810,"[Hello.,Thank you.,Yes.,No.,Please.,Sorry,,Please give me the pen.,I'm sorry.]",,"[एक बजे आप miss कर लोगे तो एक बार.,एक बजे आप miss कर लोगे तो एक बार.,एक बजे आप miss कर लोगे तो एक बार.]"
8498177,"[I am arun,I am arun,I am from chandigarh,I am from chandigarh,Businessman,Businessman,Tour and travel,Tour and travel,Yes, I love it.,Yes, I love it.,Meeting new people,Meeting new people,Himachal,Himachal,The mountains and nature,The mountains and nature,Yes, I visited Kasauli.,Yes, I visited Kasauli.,Yes, the momos were great.,Yes, the momos were great.,Yes, the momos were great.,Arun,Arun,I came here for work.,I came here for work.,I work in IT.,I work in IT.,Sorry,Sorry,Sorry,I am businessman,I am businessman,Travel,Travel,I love meeting new people.,I love meeting new people.,Yes, I travel a lot.,Yes, I travel a lot.]",,"[I am arun,I am from chandigarh,Businessman,Tour and travel,Yes, I love it.,Meeting new people,Himachal,The mountains and nature,Yes, I visited Kasauli.,Yes, the momos were great.,Arun,I came here for work.,I work in IT.,Sorry,I am businessman,Travel,I love meeting new people.,Yes, I travel a lot.]"
8234078,"[Hi,Hi,Ok,Yes,Mahendra,Mahendra,Kota,Kota,Job,Yes, I have a job.,I do sales.,I do sales.,Yes, it is challenging.,Yes, it is challenging.,Meeting new people.,Meeting new people.,Yes, I travel a lot.,Yes, I travel a lot.,Varndavan,Varndavan,The temples were amazing.,The temples were amazing.,Yes, I visited the ghats.,Yes, I visited the ghats.,Yes, it was lovely.,Yes, it was lovely.,Yes, I tried some sweets.,Yes, I tried some sweets.,Gulab jamun was my favorite.,Gulab jamun was my favorite.,Gulab jamun was my favorite.,Yes, I tried jalebi.,Yes, I tried jalebi.,Yes, I tried jalebi.,Both ways were great.,Both ways were great.,Yes, so crispy!,Yes, so crispy!,Yes, so crispy!,I love chaat items,I love chaat items,I love chaat items]",,"[Hi,Ok,Yes,Mahendra,Kota,Job,Yes, I have a job.,I do sales.,Yes, it is challenging.,Meeting new people.,Yes, I travel a lot.,Varndavan,The temples were amazing.,Yes, I visited the ghats.,Yes, it was lovely.,Yes, I tried some sweets.,Gulab jamun was my favorite.,Yes, I tried jalebi.,Both ways were great.,Yes, so crispy!,I love chaat items]"
8499220,[Hello.],,"[Hi maya how are you This is this is my good guy. Everything is,Hello, Ria. I'm not able to see you. I want to see your face.,Hello, Ria. I'm not able to see you. I want to see your face.,Hello, Ria. I'm not able to see you. I want to see your face.,When I see your advertisement, I see that you are correcting the words and sentences.,When I see your advertisement, I see that you are correcting the words and sentences.,When I see your advertisement, I see that you are correcting the words and sentences.,I like to share the books.,I like to share the books.,I like to share the books.,I like to study about the novice muscular system, like anatomy, because I am a fusion. Fusion,I like to study about the novice muscular system, like anatomy, because I am a fusion. Fusion,I like to study about the novice muscular system, like anatomy, because I am a fusion. Fusion,Hello,Hello,Hello,Hi, I am fine today. I want to learn about kit.,Hi, I am fine today. I want to learn about kit.,Hi, I am fine today. I want to learn about kit.,I'm not in it I'm not yet I want cricket,I'm not in it I'm not yet I want cricket,I'm not in it I'm not yet I want cricket,I like batting, bowling, fielding keeping,,I like batting, bowling, fielding keeping,,I like batting, bowling, fielding keeping,,La depuis long morse Pihongos.,La depuis long morse Pihongos.,La depuis long morse Pihongos.,Are you I want to say long off,Are you I want to say long off,Are you I want to say long off,I know so many like belong of,I know so many like belong of,I know so many like belong of,I no long of mid of,I no long of mid of,I no long of mid of,तो क्या गले से भर दिया है गले जाइए आपको भाई जाइतना,तो क्या गले से भर दिया है गले जाइए आपको भाई जाइतना,तो क्या गले से भर दिया है गले जाइए आपको भाई जाइतना]"
8713090,"[786,🍌,🍌,100000,100000]",,"[Súper.,Súper.,Súper.,Hello,Hello,Hello,Acura era.,786,🍌,100000]"
8713187,"[Hello.,Thank you.,Yes!,No.,Please,,Sorry.,Hear me the pain,Please, give me,I'm sorry.,How are you,How are you,I am Umesh,I am Umesh,Listen to me,Listen to me,Nothing,Nothing,Mujhe English sikhani hai,Mujhe English sikhani hai,But mere samajh mein nahin a raha hai i m so sorry,But mere samajh mein nahin a raha hai i m so sorry,But mere samajh mein nahin a raha hai i m so sorry,Yes main English sikhana chahta hun,Yes main English sikhana chahta hun,Kis tarike se English sikhen,Kis tarike se English sikhen,Kis tarike se English sikhen,Please mujhe padhakar batao,Please mujhe padhakar batao,Please mujhe padhakar batao,I am sleeping or English without are you hurt you night day,I am sleeping or English without are you hurt you night day,I am sleeping or English without are you hurt you night day,Good afternoon dear Riya,Nothing is working I am sleeping,Nothing is working I am sleeping,I don't not fine,I don't not fine,I am water,I am water,I am water,Mujhe English nahin a rahi kya puchun main aapse,Mujhe English nahin a rahi kya puchun main aapse,Mujhe English nahin a rahi kya puchun main aapse,I am living not find this water,I am living not find this water,I am living not find this water,Kaise Main chat Karun aapse mujhe bolna nahin a raha hai,Kaise Main chat Karun aapse mujhe bolna nahin a raha hai,Kaise Main chat Karun aapse mujhe bolna nahin a raha hai,help me please,help me please,I don't at my body iska Hindi kya hai,I don't at my body iska Hindi kya hai,I don't at my body iska Hindi kya hai,Mujhe nahin a raha hai English mujhe sikhao na please,Mujhe nahin a raha hai English mujhe sikhao na please,Mujhe nahin a raha hai English mujhe sikhao na please,Voice message bolo please,Voice message bolo please,Voice message bolo please,Yah sab bolate raho na tabhi main bol paunga,Yah sab bolate raho na tabhi main bol paunga,Listen to me,Listen to me]",,"[How are you,I am Umesh,Listen to me,Nothing,Mujhe English sikhani hai,But mere samajh mein nahin a raha hai i m so sorry,Yes main English sikhana chahta hun,Kis tarike se English sikhen,Please mujhe padhakar batao,I am sleeping or English without are you hurt you night day,Good afternoon dear Riya,Nothing is working I am sleeping,I don't not fine,I am water,Mujhe English nahin a rahi kya puchun main aapse,I am living not find this water,Kaise Main chat Karun aapse mujhe bolna nahin a raha hai,help me please,I don't at my body iska Hindi kya hai,Mujhe nahin a raha hai English mujhe sikhao na please,Voice message bolo please,Yah sab bolate raho na tabhi main bol paunga,Listen to me]"
8540663,"[Hello.,Thank you.,Yes.,No.,Please,Sorry.,Please, give me the pain.,I'm sorry.,Rajasthani,thank you dear,Nem.,Name.,My name is Nava.,What is your name?,I'm from Kahati.,Where are you from?,I work as a free,One two zero two,One two you too.,One, two, you, do.,How do you do?,Like,I like,I like tea,Don't Like,I don't,I don't like,Do you like,Café.,Do you like,Génie,Really.,I really like,I really like the,Abhi morning,easily,What?,What's,Words.,I watched,Hai li,Book.,I read my magazine.,Sí.,Play.,I play key cat,I like watching TV,I like,reading magazine.,I like reading,I like play badminton.,I like play,What do you do in your,I like,बहुत सिंह में सिंह है.,I like work.,I like for,on holiday.,Sometimes,,Sometimes I like,What are you doing,What are you doing,Nabab,Nabab,Guwahati,Guwahati,Yes,No,No,No,No,Yes,Service,Service,Working in finance dept.,Working in finance dept.,So so,So so,Sorry,Sorry,Sorry,No,No,English speaking,English speaking,Yes,Yes,Yes,For personal growth,For personal growth,For personal growth]",,"[What are you doing,Nabab,Guwahati,Yes,No,No,Yes,Service,Working in finance dept.,So so,Sorry,No,English speaking,Yes,For personal growth]"
8658915,"[You can call me [Name],You can call me [Name],I am Rajasthan,I am Rajasthan,I am workers,I am workers,I work factory,I work factory,Granite marble,Granite marble,I like the challenge.,I like the challenge.,The heavy lifting.,The heavy lifting.,Stay hydrated and eat well.,Stay hydrated and eat well.,A simple roti and sabzi.,A simple roti and sabzi.,I like dal and sabzi.,I like dal and sabzi.,Yes, please practice with me.,Yes, please practice with me.,Business trip for a week.,Business trip for a week.,Business trip for a week.,I am working factory labour 1 years visa contact contract,I am working factory labour 1 years visa contact contract,I am working factory labour 1 years visa contact contract,I'm here for work.,I'm here for work.,I am a general labourer.,I am a general labourer.,I am a general labourer.,General worker, got it.,General worker, got it.,Okay, I'll say it.,Okay, I'll say it.,I came for work.,I came for work.,I am factory worker packing material,I am factory worker packing material,Hallo.,Thank you.,Yes,No,,Kidneys,Please.,Sorry.,Please, give me the,I am sorry,do you need and help you study yes,thank you Riya dhanyvad,Ma'am.,Nam.,My name is,What is your name?,I am from the Radhistara.,I am from,Where are you?,I work.,When you're getting.,What do you do?,I am working,I am not reading I am working,Like,,I like,I like reading.,Don't like,I don't like,I don't like,Do you like,Like, for piece.,Do you like,Sería el link.]",,"[You can call me [Name],I am Rajasthan,I am workers,I work factory,Granite marble,I like the challenge.,The heavy lifting.,Stay hydrated and eat well.,A simple roti and sabzi.,I like dal and sabzi.,Hello?,Hello?,Hello?,I'm ready.,I'm ready.,I'm ready.,Yes, मैं हिंदी.,Yes, मैं हिंदी.,Yes, मैं हिंदी.,Yes, English बोलना सीखना है मेरे को.,Yes, English बोलना सीखना है मेरे को.,Yes, English बोलना सीखना है मेरे को.,मुझे नहीं समझ में आ रहा है.,मुझे नहीं समझ में आ रहा है.,मुझे नहीं समझ में आ रहा है.,Yes, hello in English.,Yes, hello in English.,Yes, hello in English.,I am Raúl Mevarda.,I am Raúl Mevarda.,I am Raúl Mevarda.,Yes. Very nice day.,Yes. Very nice day.,Yes. Very nice day.,मुझे नहीं समझ में आ रहा है please में.,मुझे नहीं समझ में आ रहा है please में.,मुझे नहीं समझ में आ रहा है please में.,Yes, please practice with me.,Business trip for a week.,I am working factory labour 1 years visa contact contract,I'm here for work.,I am a general labourer.,General worker, got it.,Okay, I'll say it.,I came for work.,I am factory worker packing material]"
8499305,"[I am snehal yes I call,I am snehal yes I call,I am from dhule,I am from dhule,I am a student.,I am a student.,I am studying defence,I am studying defence,I like the discipline,I like the discipline,I want to join the army.,I want to join the army.,I like the uniform.,I like the uniform.,I like the uniform.,The challenges, I think.,The challenges, I think.,The challenges, I think.,Physical challenges.,Physical challenges.,Physical challenges.,Yes, I love the gym.,Yes, I love the gym.,Yes, I love lifting weights.,Yes, I love lifting weights.,riya but one issue my english speaking very low yrr,riya but one issue my english speaking very low yrr,riya but one issue my english speaking very low yrr,Speaking is hard for me,Speaking is hard for me,Speaking is hard for me,just talking about daily routine and friendly conversation,just talking about daily routine and friendly conversation,just talking about daily routine and friendly conversation,Just some tea and toast.,Just some tea and toast.,Yes, I had a busy morning.,Yes, I had a busy morning.,I studied on a cds exam,I studied on a cds exam,I studied on a cds exam,English section,English section,Grammar rules are confusing,Grammar rules are confusing,Grammar rules are confusing,the tenses are confusing,and vocabulary,the tenses are confusing,and vocabulary,the tenses are confusing,and vocabulary,I don't remember any word.,I don't remember any word.,Okay, what does it mean?,Okay, what does it mean?,Okay, what does it mean?,the morning tea is awesome,the morning tea is awesome,the morning tea is awesome,This movie is awesome,This movie is awesome,I prefer comedy films.,I prefer comedy films.,I like many.,I like many.,You can call me snehal,You can call me snehal,I am from Mumbai.,I am from Mumbai.,I am a student.,I am studying defence,I am studying defence,I want to join the army.,I want to join the army.,I want to join the army.,I like a uniform,I like a uniform,Serving the country is important.,Serving the country is important.,Serving the country is important.,The adventure appeals to me.,The adventure appeals to me.]",,"[I am snehal yes I call,I am from dhule,I am a student.,I am studying defence,I like the discipline,I want to join the army.,I like the uniform.,The challenges, I think.,Physical challenges.,Yes, I love the gym.,Yes, I love lifting weights.,riya but one issue my english speaking very low yrr,Speaking is hard for me,just talking about daily routine and friendly conversation,Just some tea and toast.,Yes, I had a busy morning.,I studied on a cds exam,English section,Grammar rules are confusing,the tenses are confusing,and vocabulary,I don't remember any word.,Okay, what does it mean?,the morning tea is awesome,This movie is awesome,I prefer comedy films.,I like many.,You can call me snehal,I am from Mumbai.,I am a student.,I am studying defence,I want to join the army.,I like a uniform,Serving the country is important.,The adventure appeals to me.]"
8584130,"[My name is Priya.,My name is Priya.,I am from Delhi.,I am from Delhi.,I'm housewife.,I'm housewife.,मुझे कुछ भी अच्छा नहीं लगता.,मुझे कुछ भी अच्छा नहीं लगता.,I don't know.,I don't know.,मुझे English सीखनी है, but इन सब बातों से तो English सीखूंगी मैं.,मुझे English सीखनी है, but इन सब बातों से तो English सीखूंगी मैं.,मुझे English सीखनी है, but इन सब बातों से तो English सीखूंगी मैं.,बिल्कुल start,बिल्कुल start,I am vandana,I am vandana,I am from Delhi,I am from Delhi,Vibrant mean,Vibrant mean,Ok,No, I'm not working in Delhi.,No, I'm not working in Delhi.,I'm already live in Delhi.,I'm already live in Delhi.,Ghar rehne के बाद मुझे खुद भी अच्छा ही लगता.,Ghar rehne के बाद मुझे खुद भी अच्छा ही लगता.,Watching t.v,Watching t.v,Real,And movie,And movie,Missiin majnu,Missiin majnu,Bien, दिखाई गई है उसमें.,Bien, दिखाई गई है उसमें.,Bien, दिखाई गई है उसमें.,I dont know,I dont know,Songs no,Songs no,Yes,Yes,It was a love story.,It was a love story.,Retablle mean,Retablle mean,Yes, I understood them.,Yes, I understood them.,Their journey was interesting.,Their journey was interesting.,How they changed over time,How they changed over time]",,"[My name is Priya.,I am from Delhi.,I'm housewife.,मुझे कुछ भी अच्छा नहीं लगता.,I don't know.,मुझे English सीखनी है, but इन सब बातों से तो English सीखूंगी मैं.,बिल्कुल start,I am vandana,I am from Delhi,Vibrant mean,Ok,No, I'm not working in Delhi.,I'm already live in Delhi.,Ghar rehne के बाद मुझे खुद भी अच्छा ही लगता.,Watching t.v,Real,And movie,Missiin majnu,Bien, दिखाई गई है उसमें.,I dont know,Songs no,Yes,It was a love story.,Retablle mean,Yes, I understood them.,Their journey was interesting.,How they changed over time]"
8633354,"[Hi it's me Annu,Hi it's me Annu,From India,From India,SIKKIM,SIKKIM,It's very peaceful place,It's very peaceful place,I love the nature  and the people are very nice,I love the nature  and the people are very nice,Yes foot is very good like momos, chomine and sikkims thali also,Yes foot is very good like momos, chomine and sikkims thali also,Mostly use rice Dail curry vegetables and meat also,Mostly use rice Dail curry vegetables and meat also,Yes I cook myself,Yes I cook myself,My chicken curry,My chicken curry,Bye.,Bye.,Thanks, bye!,Thanks, bye!]",,"[Hi it's me Annu,From India,SIKKIM,It's very peaceful place,I love the nature  and the people are very nice,Yes foot is very good like momos, chomine and sikkims thali also,Mostly use rice Dail curry vegetables and meat also,Yes I cook myself,My chicken curry,Lots of love,Alô?,Alô?,Alô?,Breakfast in myself.,Breakfast in myself.,Breakfast in myself.,No Just wake up.,No Just wake up.,No Just wake up.,Morning tea.,Morning tea.,Morning tea.,Yes. I like this kid.,Yes. I like this kid.,Yes. I like this kid.,Sugar free biscuit.,Sugar free biscuit.,Sugar free biscuit.,Nothing. That's it.,Nothing. That's it.,Nothing. That's it.,Yes. Nice to talk with you.,Yes. Nice to talk with you.,Yes. Nice to talk with you.,Okay. Zoom,,Okay. Zoom,,Okay. Zoom,,Yes.,Yes.,Yes.,Attending meeting.,Attending meeting.,Attending meeting.,Yes. Online meetings. Sometime.,Yes. Online meetings. Sometime.,Yes. Online meetings. Sometime.,It's easy yeah. It's easy to conversation.,It's easy yeah. It's easy to conversation.,It's easy yeah. It's easy to conversation.,Must is so easy to anywhere we will see that home or travels to.,Must is so easy to anywhere we will see that home or travels to.,Must is so easy to anywhere we will see that home or travels to.,Yes. Sometimes I join at home.,Yes. Sometimes I join at home.,Yes. Sometimes I join at home.,Yes.,Yes.,Yes.,After meeting, I will do some house,After meeting, I will do some house,After meeting, I will do some house,No cause. I want to say homes. Some work at home,,No cause. I want to say homes. Some work at home,,No cause. I want to say homes. Some work at home,,Cleaning the house and king,Cleaning the house and king,Cleaning the house and king,Cookie.,Cookie.,Cookie.,Supplement is to go is more,Supplement is to go is more,Supplement is to go is more,My favorite cooking is momo momo.,My favorite cooking is momo momo.,My favorite cooking is momo momo.,I like beach moon,I like beach moon,I like beach moon,I want to see I like to be tomorrow.,I want to see I like to be tomorrow.,I want to see I like to be tomorrow.,Anytime,Anytime,Anytime,Special, this morning, this, sick six,Special, this morning, this, sick six,Special, this morning, this, sick six,This dress, they Sunday.,This dress, they Sunday.,This dress, they Sunday.,Candi, uurt, marki,,Candi, uurt, marki,,Candi, uurt, marki,,Visit market.,Visit market.,Visit market.,I need to buy some vegetable,I need to buy some vegetable,I need to buy some vegetable,Bring you cabbage bean.,Bring you cabbage bean.,Bring you cabbage bean.,Yes. Today, we will get the press by the table.,Yes. Today, we will get the press by the table.,Yes. Today, we will get the press by the table.,Bye.,Thanks, bye!]"
8640688,"[You can call me [Name],You can call me [Name],I am from Delhi,I am from Delhi]",,"[हमको English नहीं आता है.,हमको English नहीं आता है.,हमको English नहीं आता है.,Stokin,Stokin,Stokin,Se llama? ¿Ah, llamó? Talking.,Se llama? ¿Ah, llamó? Talking.,Se llama? ¿Ah, llamó? Talking.,My topic is Bangalore.,My topic is Bangalore.,My topic is Bangalore.,मेरे को English नहीं आता है तो English कैसे सीखाओ यह मेरे को बताऊं.,मेरे को English नहीं आता है तो English कैसे सीखाओ यह मेरे को बताऊं.,मेरे को English नहीं आता है तो English कैसे सीखाओ यह मेरे को बताऊं.,You can call me [Name],I am from Delhi]"
8399805,"[La neurolizela.,La neurolizela.,¿Qué tal perdés?,¿Qué tal perdés?,My name is Raj Sharma.,My name is Raj Sharma.,गोरखपुर,गोरखपुर,Boa tarde.,Boa tarde.,Boa tarde.,Ni me,Ni me,तीन में, हिंदी में, हिंदी,तीन में, हिंदी में, हिंदी,Ya. Ella,Ya. Ella,Ya la he t ahi a ver,Ya la he t ahi a ver,तुम दिया नहीं हो. तुम AI हो, AI हो.,तुम दिया नहीं हो. तुम AI हो, AI हो.,मैं English में बोला था अगर हमें इतना आवाज़ पढ़िए तो काम में पढ़े तो सोचती है.,मैं English में बोला था अगर हमें इतना आवाज़ पढ़िए तो काम में पढ़े तो सोचती है.,मैं English में बोला था अगर हमें इतना आवाज़ पढ़िए तो काम में पढ़े तो सोचती है.,किसी ने बोलते हुए भाई English में लिखा तो ठीक वाली निन्दी में बोलता है हमने समझ आई.,किसी ने बोलते हुए भाई English में लिखा तो ठीक वाली निन्दी में बोलता है हमने समझ आई.,किसी ने बोलते हुए भाई English में लिखा तो ठीक वाली निन्दी में बोलता है हमने समझ आई.,में लिख के हिंदी में पढ़ाऊं. पढ़ाऊं.,में लिख के हिंदी में पढ़ाऊं. पढ़ाऊं.,में लिख के हिंदी में पढ़ाऊं. पढ़ाऊं.,Yes.,Yes.,Hi,Hi,Name is राज शर्मा.,Name is राज शर्मा.,No,Raj sharma,Raj sharma,उत्तर प्रदेश,उत्तर प्रदेश,¿Verdad?,¿Verdad?,गोरखपुर,गोरखपुर,गाही जलवाह.,गाही जलवाह.,गाही जलवाह.]",,"[Glória de usar.,Glória de usar.,Glória de usar.,चलो, तुमको English नहीं आता.,चलो, तुमको English नहीं आता.,चलो, तुमको English नहीं आता.,Practice jobée,Practice jobée,Practice jobée,Vasto, very distant.,Vasto, very distant.,Vasto, very distant.,हिंदी में, हिंदी में.,हिंदी में, हिंदी में.,हिंदी में, हिंदी में.,Wart, wak, down, wart, do, pra, tist,,Wart, wak, down, wart, do, pra, tist,,Wart, wak, down, wart, do, pra, tist,,Ya.,Ya.,Ya.,Vodafone Vodafone Vodafone Select,Vodafone Vodafone Vodafone Select,Vodafone Vodafone Vodafone Select,What store like to do?,What store like to do?,What store like to do?,I would love to start shopping all office,I would love to start shopping all office,I would love to start shopping all office,La neurolizela.,¿Qué tal perdés?,My name is Raj Sharma.,गोरखपुर,Boa tarde.,Ni me,तीन में, हिंदी में, हिंदी,Ya. Ella,Ya la he t ahi a ver,तुम दिया नहीं हो. तुम AI हो, AI हो.,मैं English में बोला था अगर हमें इतना आवाज़ पढ़िए तो काम में पढ़े तो सोचती है.,किसी ने बोलते हुए भाई English में लिखा तो ठीक वाली निन्दी में बोलता है हमने समझ आई.,में लिख के हिंदी में पढ़ाऊं. पढ़ाऊं.,Yes.,Hi,Name is राज शर्मा.,No,Raj sharma,उत्तर प्रदेश,¿Verdad?,गोरखपुर,गाही जलवाह.,Hello? Hello?,Hello? Hello?,Hello? Hello?,मतलब क्या बोलते रहते? क्या बोलते रहते? जिले हैं बराण.,मतलब क्या बोलते रहते? क्या बोलते रहते? जिले हैं बराण.,मतलब क्या बोलते रहते? क्या बोलते रहते? जिले हैं बराण.,This. उत्तर प्रदेश,,This. उत्तर प्रदेश,,This. उत्तर प्रदेश,,¿Más la otorgar? हरे. हम मन ने घर का,¿Más la otorgar? हरे. हम मन ने घर का,¿Más la otorgar? हरे. हम मन ने घर का]"
7516919,"[Hello Riya good morning,How are you,How are you,I am from Karnataka Hubli,I am from Karnataka Hubli,I am working in railways,I am working in railways,I am specialist in diesel mechanical,I am specialist in diesel mechanical,Yes,Yes,I am really enjoying the mean my job,I am really enjoying the mean my job,Hello how are you,I am calling simply,My name is Santosh I am 55 year old,No still is 5 years I am working in railways,No still is 5 years I am working in railways,What are you doing,What are you doing,Main abhi tak kuchh socha nahin hun,Main abhi tak kuchh socha nahin hun,Yeah I am taking challenge for you speak in English,Yeah I am taking challenge for you speak in English,Yeah I am taking challenge for you speak in English,You talk anything start with speak,You talk anything start with speak,My favourite food is pav bhaji,My favourite food is pav bhaji,My favourite food is pav bhaji,Pav bhaji Marathi Maharashtra special,Pav bhaji Marathi Maharashtra special,Pav bhaji Marathi Maharashtra special,Actually I am staying in Karnataka but my native place is Hubli girmit very nice food,Actually I am staying in Karnataka but my native place is Hubli girmit very nice food,Actually I am staying in Karnataka but my native place is Hubli girmit very nice food,What's a date is it,What's a date is it,Usko churmoli se banate na masala daal ki Hui garmi ko chahe,Usko churmoli se banate na masala daal ki Hui garmi ko chahe,Usko churmoli se banate na masala daal ki Hui garmi ko chahe,No masala Puri is different what they say Mr bhelpuri,No masala Puri is different what they say Mr bhelpuri,No masala Puri is different what they say Mr bhelpuri,Yes,I like a bhelpuri dahi Puri mixing and chat masala I like it beautiful,I like a bhelpuri dahi Puri mixing and chat masala I like it beautiful,Nothing special,Nothing special,I am looking for Vijay and bhelpuri I don't know I'm not eating any street foods,I am looking for Vijay and bhelpuri I don't know I'm not eating any street foods,No I am mentioning I am not like a street foods only I am like a bill for bhaji,No I am mentioning I am not like a street foods only I am like a bill for bhaji,Specific I,Specific I,Yes my duty time is Saturday 6:30 I am going to duty now I am call afterwards,Yes my duty time is Saturday 6:30 I am going to duty now I am call afterwards,Okay good day bye,I am giving the reply properly or no,I am giving the reply properly or no,I am giving the reply properly or no,Next start about how to talk others peoples their stocking with me how to how to reply other people,Next start about how to talk others peoples their stocking with me how to how to reply other people,Yes that is a right I want to that subject,Yes that is a right I want to that subject,Yes that is a right I want to that subject,Okay thank you very much,Okay thank you very much,Okay thank you very much,Okay that is a right,Okay that is a right]",,"[Hello Riya good morning,How are you,I am from Karnataka Hubli,I am working in railways,I am specialist in diesel mechanical,Yes,I am really enjoying the mean my job,Hello how are you,I am calling simply,My name is Santosh I am 55 year old,No still is 5 years I am working in railways,What are you doing,Main abhi tak kuchh socha nahin hun,Yeah I am taking challenge for you speak in English,You talk anything start with speak,My favourite food is pav bhaji,Pav bhaji Marathi Maharashtra special,Actually I am staying in Karnataka but my native place is Hubli girmit very nice food,What's a date is it,Usko churmoli se banate na masala daal ki Hui garmi ko chahe,No masala Puri is different what they say Mr bhelpuri,Yes,I like a bhelpuri dahi Puri mixing and chat masala I like it beautiful,Nothing special,I am looking for Vijay and bhelpuri I don't know I'm not eating any street foods,No I am mentioning I am not like a street foods only I am like a bill for bhaji,Specific I,Yes my duty time is Saturday 6:30 I am going to duty now I am call afterwards,Okay good day bye,I am giving the reply properly or no,Next start about how to talk others peoples their stocking with me how to how to reply other people,Yes that is a right I want to that subject,Okay thank you very much,Okay that is a right]"
8537833,"[Paneer tikka sounds great!,Paneer tikka sounds great!,Naan is enough for us.,Naan is enough for us.,Order some more snacks,Chilly potato and chap,Chilly potato and chap,Maybe momos then.,Maybe momos then.,Yes, that sounds perfect,Yes, that sounds perfect,Just water for me, thanks.,Just water for me, thanks.,What kind of lassi?,What kind of lassi?,Sweet lassi, please.,Sweet lassi, please.,Show me the menu,Show me the menu,You can call me kom,You can call me kom,Let's start practicing.,Let's start practicing.,Hello,,Thank you.,Yes.,No,,Miss.,Please.,Sorry.,Please give me the,I am sorry.]",,"[Paneer tikka sounds great!,Naan is enough for us.,Order some more snacks,Chilly potato and chap,Maybe momos then.,Yes, that sounds perfect,Just water for me, thanks.,What kind of lassi?,Sweet lassi, please.,Show me the menu,You can call me kom,Let's start practicing.,What are you doing?,What are you doing?,What are you doing?,Think whichever you like.,Think whichever you like.,Think whichever you like.,Food is अनीर. Banana,Food is अनीर. Banana,Food is अनीर. Banana,Of me. And what about you?,Of me. And what about you?,Of me. And what about you?,यह सारी delicious when it is cooked,यह सारी delicious when it is cooked,यह सारी delicious when it is cooked,My mistakes and tell me the other another way to tell this.,My mistakes and tell me the other another way to tell this.,My mistakes and tell me the other another way to tell this.,And I want that I I want refund of admin,And I want that I I want refund of admin,And I want that I I want refund of admin,Some bigger sentences. That I can frame that,Some bigger sentences. That I can frame that,Some bigger sentences. That I can frame that,K.,K.,K.,I decided to go out,I decided to go out,I decided to go out,For clean.,For clean.,For clean.,No, Actually,,No, Actually,,No, Actually,]"
8647236,"[Hello.,Thank you.,Yes,नहीं.,No.,Please.,Sorry.,Piliche, girmimi,,दापिन,,Please give him,I am sorry.,Dime.,Name.,My name is Inida,भाड़ी हुई है ना,भाटी yes.,Name.,भारतीय जीवन निम,But,t e j a r name,भाट,तो e j n m,I am,Pongare.,I'm from,भैया,e de US, Zoom.,भैया,you.,You so,भैद,at your home.,I each,croissant ducàn.,आई, बाकी,I,ay, berke.,Is kranestone.,Oi,,ईंट किया ना दुकान.,भाट,Bharti do you do?,he nice to,what is your name,Like,I like,I like,Don't Like,I don't like,I m Don't Like Massat,Do You Like,Do you like,Diali,The Ali,What? Vie Ali.,Té ali,Behali.,Beli,,Dialect,Oí de ali, like like,,Ideally like.,Ideally, like trade.,Ideally like,Justin and,Bach.,Baqce.,Wat sigje.,W,eighty,c h,Olhe bath moon be.,Oi, watch movie.,Oi?,But,movie.,ओए बहुत सच्ची मोबी.,Boa,Lead,Lead.,Vid,Weed.,Lead,Need, over.,Lead.,Meat,Wiede.,Lead.,Aie mis des boucs.,I read,Alê,,पहले,भले,भले,पहले,Palais,Play. Play.,I play howgi,I like marketing.,I like marketing.,I like I link,बहुत सीखे.,Hey I'm niraj,Hey I'm niraj,Ek bhat bhole,Ek bhat bhole,Ek bhat bhole]",,"[Hey I'm niraj,Ek bhat bhole,Hello,,Hello,,Hello,,Cathy?,Cathy?,Cathy?,Hi.,Hi.,Hi.,Great kumak.,Great kumak.,Great kumak.,Catcher.,Catcher.,Catcher.,COI.,COI.,COI.]"
8758823,"[Kya kar rahe ho,Kya kar rahe ho,Tumase bat karana hai,Tumase bat karana hai,Tumase bat karana hai,Yes,Yes]",,"[Hello?,Hello?,Hello?,Kya kar rahe ho,Tumase bat karana hai,Yes]"
8711851,"[Hy,Let's talk about food,Let's talk about food,Hello,,Thank You,Yes,No.,Please,Sorry,Guimido pen,Please give,I'm sorry,Main Ghar per rahata hun,Shriya,Name,Surya,My name is,What is your name?,I'm from,Where are you,I work as,One second.,Please.,What do you do?]",,"[Hy,Алло.,Алло.,Алло.,No.,No.,No.,Let's talk about food]"
8337046,"[Hi. I'm looking into I am calling you.,Hi. I'm looking into I am calling you.,Yes. I am learning today.,So I want to practice with it.,It's fifty. I am радуюсь.,It's fifty. I am радуюсь.,I like,I like,I am like to speak English.,I am like to speak English.,This wonderful is music. I am one to speak music.,This wonderful is music. I am one to speak music.,This wonderful is music. I am one to speak music.,I like you music,I like you music,But since I am not likely to music रहा,But since I am not likely to music रहा,But since I am not likely to music रहा]",,"[Hi. I'm looking into I am calling you.,How are you?,How are you?,How are you?,Yes. I am learning today.,So I want to practice with it.,It's fifty. I am радуюсь.,I like,I am like to speak English.,This wonderful is music. I am one to speak music.,I like you music,But since I am not likely to music रहा,¿Aló?,¿Aló?,¿Aló?,Yes, ma'am. I'm like इसकी,Yes, ma'am. I'm like इसकी,Yes, ma'am. I'm like इसकी,I analyze to speak English.,I analyze to speak English.,I analyze to speak English.,I am running to the speak,I am running to the speak,I am running to the speak,I'm learning to the movies,I'm learning to the movies,I'm learning to the movies,My favorite move,My favorite move,My favorite move,This we,This we,This we,साठ से भीड़ियां जाए,साठ से भीड़ियां जाए,साठ से भीड़ियां जाए,No,No,No,I am talking about English,I am talking about English,I am talking about English]"
8405445,"[I am ronaq,I am ronaq,I am from Kashmir,I am from Kashmir,Mee,Mee,Mee,I english is so week,I english is so week,I english is so week,You can help me,You can help me,Kkk,Ok,Ok,Wani ronaq,Wani ronaq,Wani ronaq,No I am from Kashmir,No I am from Kashmir,No I am from Kashmir,Nothing,Nothing,Manasbal,Manasbal,Yes,Yes,Yes it is a beautiful lake,Yes it is a beautiful lake,Everyone,Everyone,Yes,Yes,Very special,Very special,Volly ball,Volly ball,Yes,Yes]",,"[I am ronaq,I am from Kashmir,Mee,I english is so week,You can help me,Kkk,Ok,Wani ronaq,No I am from Kashmir,Nothing,Manasbal,Yes,Yes it is a beautiful lake,Everyone,Yes,Very special,Volly ball,Yes,Hello?,Hello?,Hello?,So We you can help me, I can enjoy this,So We you can help me, I can enjoy this,So We you can help me, I can enjoy this,Your thighs, then you can practice me.,Your thighs, then you can practice me.,Your thighs, then you can practice me.,I will text on your daddy routines.,I will text on your daddy routines.,I will text on your daddy routines.,I usually wake up in six AM.,I usually wake up in six AM.,I usually wake up in six AM.,In Islam, the Nimmar has five types Fajar, Zuhar, Asser, Magri, Bisha.,In Islam, the Nimmar has five types Fajar, Zuhar, Asser, Magri, Bisha.,In Islam, the Nimmar has five types Fajar, Zuhar, Asser, Magri, Bisha.,I will study,I will study,I will study,LVM physiology,LVM physiology,LVM physiology,LPM not LVM LPM,LPM not LVM LPM,LPM not LVM LPM,Shannon management,Shannon management,Shannon management,Livestock production and management.,Livestock production and management.,Livestock production and management.,Martin,Martin,Martin,Nothing nothing else.,Nothing nothing else.,Nothing nothing else.]"
8724170,"[Hello.,Thank you.,Yes.,No.,Please,,Sorry.,Please give me the,I'm sorry.,nothing I am just sleeping,नहीं,Name,My name is,What is your name?,I am from Uran.,I am from,Where are,I work as,What do you do?,Like.,I like,Unlike,mountain.,I like fruit.,Don't like,I don't like,I don't like,Like,,I like,I like,Don't like,I don't,I don't like summer.,Do you like,Do you like,Jilli.,Really.,I really like,I really like,Watch.,I watch,Read.,I read it in,Marvin Play.,I play कब बट्टी?,I like,like watching series.,I like reading newspaper.,I like play,What do you do in your sitting?,Watching,on polyps.,Jimmy Movies Unfolded,Mercury unholy food,Most days.,On holiday.,Thanks.,Sometimes,,Sometimes I rely,I have,My name is vibhu,My name is vibhu,Nothing just a fun,Nothing just a fun,I am doing a study,There is a course,There is a course,Air hostess,Air hostess,I want a lagjorias life,I want a lagjorias life,I want a lagjorias life,Yes,Yes,Yes,Helping a people,Helping a people,Helping a people,Dose people are sikh,ckary, haypar,,Dose people are sikh,ckary, haypar,,Dose people are sikh,ckary, haypar,,Yes,Yes,Yes,Yes,Yes,Avery costume sarvice,Avery costume sarvice,Avery costume sarvice,Call centre, and other,Call centre, and other,Yes,Dr, police, politics,ect,Dr, police, politics,ect,Dr, police, politics,ect,I want to help people.,I want to help people.,I want to help people.,I'm not sure yet,I'm not sure yet,I'm not sure yet]",,"[Hello?,Hello?,Hello?,My English is not perfect. Because I'm a,My English is not perfect. Because I'm a,My English is not perfect. Because I'm a,Anything You just tell me something.,Anything You just tell me something.,Anything You just tell me something.,Yet for is chicken and fish.,Yet for is chicken and fish.,Yet for is chicken and fish.,My mom and me,My mom and me,My mom and me,I go together with my mom fish.,I go together with my mom fish.,I go together with my mom fish.,You know, populate and every fish,You know, populate and every fish,You know, populate and every fish,I love, prawns.,I love, prawns.,I love, prawns.,John's,John's,John's,Tons.,Tons.,Tons.,Talk about I talk about lawns. It's fry.,Talk about I talk about lawns. It's fry.,Talk about I talk about lawns. It's fry.,Franz. Not lawns. It's France.,Franz. Not lawns. It's France.,Franz. Not lawns. It's France.,My name is vibhu,Nothing just a fun,I am doing a study,There is a course,Air hostess,I want a lagjorias life,Yes,Yes,Helping a people,Dose people are sikh,ckary, haypar,,Yes,Yes,Avery costume sarvice,Call centre, and other,Yes,Dr, police, politics,ect,I want to help people.,I'm not sure yet]"
8524440,"[My name is bishnu,My name is bishnu,I am from odisha,I am from odisha,Not bangluru i am at odisha,Not bangluru i am at odisha,Not bangluru i am at odisha,How to use this app for spoken,How to use this app for spoken,How to use this app for spoken,Iwant to speak english fluently,Iwant to speak english fluently,Iwant to speak english fluently,Introduction,Introduction,Call me bishnu,Call me bishnu,I am a worker,I am a worker,Operator and i want to speak with my boy and friend,Operator and i want to speak with my boy and friend,No with my son,No with my son,No with my son,My son is in class 5,Bishnu,Bishnu,I am from odisha,I am from odisha,Angul Nalco,Angul Nalco,Angul Nalco,National aluminum company,National aluminum company,Yes,Yes,Yes,Im working as a operator,Im working as a operator,I don't know the answer,I don't know the answer,Leave mam,Leave mam,Anything how to speak fluently I required please tell me the process,Anything how to speak fluently I required please tell me the process,Anything how to speak fluently I required please tell me the process,Anything how to speak fluently I required please tell me the process,Anything which is better for me,Anything which is better for me,Introduction,Introduction,How to ispeak,How to ispeak,How to ispeak,How to speak with ai teacher,How to speak with ai teacher,How to speak with ai teacher,How to ask questions?,How to ask questions?,How to ask questions?,How to use this app,How to use this app,How to use this app,Introduction,Bolnne se English sikhega,Bolnne se English sikhega,Bolnne se English sikhega,Yes,Bishnu,Bishnu,Yes, I am from odisha,Yes, I am from odisha,I'm a worker in nalco com,I'm a worker in nalco com,Operation crane,Operation crane,Im incharge,Im incharge,Yes,Yes,Yes,Yes,Meaning,Meaning,Meaning,I manage the crane  and friend,I manage the crane  and friend,Yes,Yes,Yes,No i want to speak with my son at home,No i want to speak with my son at home,No i want to speak with my son at home,Bishnu,Bishnu,Parent,Parent,Slipping,Slipping,Slipping,Yes,Yes,Try to speak english,Try to speak english,I don't know,I don't know,I want to speak english fluently how,I want to speak english fluently how,Yes,Yes,I am chatting with you now,I am chatting with you now,I went to my duty,I went to my duty,IWork in an industry,IWork in an industry,We produce aluminum ingot wire,We produce aluminum ingot wire,Nothing,Nothing,No,No,Ilike to play foot ball in the evening,Ilike to play foot ball in the evening,Friend,Friend,Stadium,Stadium,Yes,Yes,How to write the answer,How to write the answer,How to write the answer,Please learn me,Please learn me,Let's talk about food,Let's talk about food,Just like eating.,Just like eating.,Rice dal potatoes,Rice dal potatoes,Rice dal potatoes,Spicy,Spicy,How to speak the answer,How to speak the answer,How to speak the answer,What,What,Not right now,Not right now]",,"[My name is bishnu,I am from odisha,Not bangluru i am at odisha,How to use this app for spoken,Iwant to speak english fluently,Introduction,Call me bishnu,I am a worker,Operator and i want to speak with my boy and friend,No with my son,My son is in class 5,Bishnu,I am from odisha,Angul Nalco,National aluminum company,Yes,Im working as a operator,I don't know the answer,Leave mam,Anything how to speak fluently I required please tell me the process,Anything which is better for me,Introduction,How to ispeak,Hello.,Hello.,Hello.,I want to know how to speak English.,I want to know how to speak English.,I want to know how to speak English.,Anything I am a new newcomer.,Anything I am a new newcomer.,Anything I am a new newcomer.,Price.,Price.,Price.,Rice, not rice.,Rice, not rice.,Rice, not rice.,Grais, roti,,Anything, ma'am? I don't know.,Anything, ma'am? I don't know.,Anything, ma'am? I don't know.,Device that Pune is etcetera.,Device that Pune is etcetera.,Device that Pune is etcetera.,Three zero three,Three zero three,Three zero three,I like cookie rice,I like cookie rice,I like cookie rice,I don't know. How to speak.,I don't know. How to speak.,I don't know. How to speak.,About to speak with introduction first.,About to speak with introduction first.,About to speak with introduction first.,My name is Vishnu. Kumar.,My name is Vishnu. Kumar.,My name is Vishnu. Kumar.,Udi.,Udi.,Udi.,Employee. झगड़नाक temple, पूरी, पूरी भवने,Employee. झगड़नाक temple, पूरी, पूरी भवने,Employee. झगड़नाक temple, पूरी, पूरी भवने,The Great City and उड़ीसाई चिभारी. Famous city जन्मात पर,The Great City and उड़ीसाई चिभारी. Famous city जन्मात पर,The Great City and उड़ीसाई चिभारी. Famous city जन्मात पर,Lo iba a ardo.,Lo iba a ardo.,Lo iba a ardo.,Estou aí para Arudão. This is the best food in Orissa.,Estou aí para Arudão. This is the best food in Orissa.,Estou aí para Arudão. This is the best food in Orissa.,And rice is my favorite food.,And rice is my favorite food.,And rice is my favorite food.,Talán Kodi Bot.,Talán Kodi Bot.,Talán Kodi Bot.,E like both the Dylan Bryce and Dylan everything.,E like both the Dylan Bryce and Dylan everything.,E like both the Dylan Bryce and Dylan everything.,I like Oreo song, ma'am.,I like Oreo song, ma'am.,I like Oreo song, ma'am.,Thank you very much. Soy soy,Thank you very much. Soy soy,Thank you very much. Soy soy,Fast introduction ma'am,Fast introduction ma'am,Fast introduction ma'am,I want to introduction class first.,I want to introduction class first.,I want to introduction class first.,Hi.,Hi.,Hi.,Ma'am, listen or not. My name is,Ma'am, listen or not. My name is,Ma'am, listen or not. My name is,Yeah. Idea.,Yeah. Idea.,Yeah. Idea.,M. Ma'am, this,M. Ma'am, this,M. Ma'am, this,I want to speak introduction class, ma'am.,I want to speak introduction class, ma'am.,I want to speak introduction class, ma'am.,So far, jawohl, My name is Brishnu Kumar.,So far, jawohl, My name is Brishnu Kumar.,So far, jawohl, My name is Brishnu Kumar.,Buri ज़र्नादाम,Buri ज़र्नादाम,Buri ज़र्नादाम,Cha puri,Cha puri,Cha puri,Ok.,Ok.,Ok.,How to speak with ai teacher,How to ask questions?,How to use this app,Introduction,Bolnne se English sikhega,Yes,Bishnu,Yes, I am from odisha,I'm a worker in nalco com,Operation crane,Im incharge,Yes,Yes,Meaning,I manage the crane  and friend,Yes,Yes,No i want to speak with my son at home,Ça,,Ça,,Ça,,Practice Hindi doing English.,Practice Hindi doing English.,Practice Hindi doing English.,Introduction, please.,Introduction, please.,Introduction, please.,I am b,I am b,I am b,これ I want to speak about my introduction.,これ I want to speak about my introduction.,これ I want to speak about my introduction.,My name is,My name is,My name is,सुवाद है अभी. हां कुम.,सुवाद है अभी. हां कुम.,सुवाद है अभी. हां कुम.,Ja,,Ja,,Ja,,My name is Aditiya. So,My name is Aditiya. So,My name is Aditiya. So,Please practice me about my introduction. How to introduce myself?,Please practice me about my introduction. How to introduce myself?,Please practice me about my introduction. How to introduce myself?,Idea.,Idea.,Idea.,Manager दिखियो.,Manager दिखियो.,Manager दिखियो.,आदित्य, नये में जा आदित्य.,आदित्य, नये में जा आदित्य.,आदित्य, नये में जा आदित्य.,Pro dental,Pro dental,Pro dental,È che essa,È che essa,È che essa,Thank you, ma'am.,Thank you, ma'am.,Thank you, ma'am.,तो सुना ही नहीं जा रहा है. कैसे practice करेंगे? How to practice?,तो सुना ही नहीं जा रहा है. कैसे practice करेंगे? How to practice?,तो सुना ही नहीं जा रहा है. कैसे practice करेंगे? How to practice?,English sound. Tell me.,English sound. Tell me.,English sound. Tell me.,Bishnu,Parent,Slipping,Yes,Try to speak english,I don't know,I want to speak english fluently how,Yes,I am chatting with you now,I went to my duty,IWork in an industry,We produce aluminum ingot wire,Nothing,No,Ilike to play foot ball in the evening,Friend,Stadium,Yes,How to write the answer,Please learn me,Let's talk about food,Just like eating.,Rice dal potatoes,Spicy,How to speak the answer,What,Not right now]"
8584206,"[I want to try something new.,I want to try something new.,Chef's Special sounds good,Chef's Special sounds good,Yes, garlic naan sounds perfect.,Yes, garlic naan sounds perfect.,Maybe a drink too.,Just water is fine,Just water is fine,No, that's all,No, that's all,No, that's all,Sounds good.,Sounds good.,Yes, it is my first time,Yes, it is my first time,Yes, it's very exciting,Yes, it's very exciting,Something spicy,Something spicy,Something spicy,Chili chicken please,Chili chicken please,Fried rice please,Fried rice please,What drinks do you have?,What drinks do you have?,I'll take a lassi,I'll take a lassi]",,"[I want to try something new.,Chef's Special sounds good,Yes, garlic naan sounds perfect.,Maybe a drink too.,Just water is fine,No, that's all,Sounds good.,Yes, it is my first time,Yes, it's very exciting,Something spicy,Chili chicken please,Fried rice please,What drinks do you have?,I'll take a lassi]"
7418650,"[Yes, I love this place.,Yes, I love this place.,I love the pani puri.,I love the pani puri.]",,"[Yes, I love this place.,I love the pani puri.]"
8347496,"[Hii,Hii]",,"[Hello.,Hello.,Hello.,Hii]"
8480690,"[What is joke?,What is joke?,Yes, please tell me,Yes, please tell me,Yes, please tell me,No. I don't like it.,No. I don't like it.,No. I don't like it.]",,"[Hello?,Hello?,Hello?,What about you?,What about you?,What about you?,I want to purchase today about my interview.,I want to purchase today about my interview.,I want to purchase today about my interview.,My dream job is data analyst,My dream job is data analyst,My dream job is data analyst,Madam, actual first of all, when we say we belong to the data field, then that time we,Madam, actual first of all, when we say we belong to the data field, then that time we,Madam, actual first of all, when we say we belong to the data field, then that time we,Yeah. I saying to you because, first of all, when we,Yeah. I saying to you because, first of all, when we,Yeah. I saying to you because, first of all, when we,No, AI is the thing which is eating the jobs,No, AI is the thing which is eating the jobs,No, AI is the thing which is eating the jobs,Out of ten data guides, only the two data guides available in our company.,Out of ten data guides, only the two data guides available in our company.,Out of ten data guides, only the two data guides available in our company.,Earnings de stock and the family of the employees facing the issue. Due to that.,Earnings de stock and the family of the employees facing the issue. Due to that.,Earnings de stock and the family of the employees facing the issue. Due to that.,Día tuve,Día tuve,Día tuve,I am not speaking English. Spanish. I am also speaking English. You know, we,I am not speaking English. Spanish. I am also speaking English. You know, we,I am not speaking English. Spanish. I am also speaking English. You know, we,The topic of my,The topic of my,The topic of my,My friend,My friend,My friend,आते नौभान नीचे बना लाता हूं.,आते नौभान नीचे बना लाता हूं.,आते नौभान नीचे बना लाता हूं.,Yeah. Actually, my friend was cooking the food, and right now, gas has been finished.,Yeah. Actually, my friend was cooking the food, and right now, gas has been finished.,Yeah. Actually, my friend was cooking the food, and right now, gas has been finished.,I suggest to my friend please go to his friend and can try to cook,I suggest to my friend please go to his friend and can try to cook,I suggest to my friend please go to his friend and can try to cook,My friend is going there.,My friend is going there.,My friend is going there.,We are cooking vegetables of potato as well as चचापाती.,We are cooking vegetables of potato as well as चचापाती.,We are cooking vegetables of potato as well as चचापाती.,Sí.,Sí.,Sí.,I'm also speaking English, not in Spanish. I also don't know the Spanish.,I'm also speaking English, not in Spanish. I also don't know the Spanish.,I'm also speaking English, not in Spanish. I also don't know the Spanish.,I am doing practice and discussing about my friend to you.,I am doing practice and discussing about my friend to you.,I am doing practice and discussing about my friend to you.,My friend is very honesty and, as well as he's very,My friend is very honesty and, as well as he's very,My friend is very honesty and, as well as he's very,He cooks a very delicious food.,He cooks a very delicious food.,He cooks a very delicious food.,And accury.,And accury.,And accury.,Egg curry and,Egg curry and,Egg curry and,What is joke?,Yes, please tell me,No. I don't like it.]"
8548914,"[Hi I'm Anshu,Hi I'm Anshu,Yes,Yes,Hi I'm Anshu,Hi I'm Anshu,My from India,My from India,I am from North India.,I am from North India.,I love the festivals,I love the festivals,Chirsmas,Chirsmas,Family time is the best.,Family time is the best.,Holi is very fun.,Holi is very fun.,Playing with friends,Playing with friends,Playing with friends,Yes, we do!,Yes, we do!,Yes,Yes]",,"[Hi I'm Anshu,Yes,Hi I'm Anshu,My from India,I am from North India.,I love the festivals,Chirsmas,Family time is the best.,Holi is very fun.,Playing with friends,Yes, we do!,Yes]"
8413107,"[Hi,Deepak,Deepak,Uk,Uk,Hotel,Hotel,Chef,Chef,Hi,Hi,Hi]",,"[Hi,Deepak,Uk,Hotel,Chef,Hi,Hi]"
8444899,"[Yes,Yes,Hi I am Deepa you can call me,Hi I am Deepa you can call me,I am from pune maharashtra,I am from pune maharashtra,I am waiting,In real estate company,In real estate company,When we use sound,When we use sound,It's a general question.,It's a general question.,I am asking about sound word,I am asking about sound word,I am asking about sound word,Tell me more about verb sound,Tell me more about verb sound,Tell me more about verb sound,Can we connect after 1 hour,Can we connect after 1 hour,I am going to office,I am going to office,After reaching office i will connect with you,After reaching office i will connect with you,After reaching office i will connect with you,At9.15am,At9.15am,At9.15am,Yes be ready to teach me in very perfect and simple way, i need to talk in english in few days,Yes be ready to teach me in very perfect and simple way, i need to talk in english in few days,Hi riya,Can I call you,Can I call you]",,"[Yes,Hi I am Deepa you can call me,I am from pune maharashtra,I am waiting,In real estate company,When we use sound,It's a general question.,I am asking about sound word,Tell me more about verb sound,Can we connect after 1 hour,I am going to office,After reaching office i will connect with you,At9.15am,Yes be ready to teach me in very perfect and simple way, i need to talk in english in few days,Hi riya,Can I call you,Hello.,Hello.,Hello.,Hello.,Hello.,Hello.,I want to talk about,I want to talk about,I want to talk about,For office Independent.,For office Independent.,For office Independent.,I want three,I want three,I want three,I found daily,I found daily,I found daily,Agree,,Agree,,Agree,,Start करो आप मुझे नहीं देखिए,Start करो आप मुझे नहीं देखिए,Start करो आप मुझे नहीं देखिए]"
8598082,"[I. M ankita,I. M ankita,Yas,Allhbad,Allhbad,No egilis Hindi,No egilis Hindi,Hindi is my mother tongue.,Hindi is my mother tongue.,Hindi is my mother tongue.,Ji,Ji,Mai Allahabad se hu,Mai Allahabad se hu,Nahi pata,Nahi pata,Nahi pata,Egilis sikhana hai,Egilis sikhana hai,Egilis sikhana hai,Ji,Ji,Kal subah,Kal subah,11 bahe ke bad,11 bahe ke bad,11 bahe ke bad,Call kare ge,Call kare ge,Ji nahi,Ji nahi,Ankita,Ankita,Mai छात्रा hu,Mai छात्रा hu,H,H,जी हा मै पढ़ाई करती hu,जी हा मै पढ़ाई करती hu,B A ka छात्रा हू,B A ka छात्रा हू,Hindi ehalis home sainas,Hindi ehalis home sainas,Mujhe egalisa sikhana hai,Mujhe egalisa sikhana hai,Mujhe egalisa sikhana hai,Koi bhi kam karo to egalisa me baat karni padhati hai,Koi bhi kam karo to egalisa me baat karni padhati hai,Koi bhi kam karo to egalisa me baat karni padhati hai,Abhi nahi karti lekin karna chahiti hu,Ji ha,Ji ha,Ji ha,Bank ke liye soch rahe hu,Bank ke liye soch rahe hu,Bank ke liye soch rahe hu,Jo bhi mila jaye abhi ke liye,Jo bhi mila jaye abhi ke liye,Jo bhi mila jaye abhi ke liye,Office me,Office me,Office me,Ji ha,Ji ha,Jah gahak de baat chita karni hu,Jah gahak de baat chita karni hu,Jah gahak de baat chita karni hu,Ji h,Ji h,Usaka chaj karege,Usaka chaj karege,Usaka chaj karege,Aap se subha baat kare,Aap se subha baat kare,Subah ka,Subah ka,11 baje,11 baje,11 baje,Ji hA,Ji hA,Ji hA,Subah aapko sab kuch batayege,Subah aapko sab kuch batayege,Subah aapko sab kuch batayege]",,"[I. M ankita,Yas,Allhbad,No egilis Hindi,Hindi is my mother tongue.,Ji,Mai Allahabad se hu,Nahi pata,Egilis sikhana hai,Ji,Kal subah,11 bahe ke bad,Call kare ge,Ji nahi,Ankita,Mai छात्रा hu,H,जी हा मै पढ़ाई करती hu,B A ka छात्रा हू,Hindi ehalis home sainas,Mujhe egalisa sikhana hai,Koi bhi kam karo to egalisa me baat karni padhati hai,Abhi nahi karti lekin karna chahiti hu,Ji ha,Bank ke liye soch rahe hu,Jo bhi mila jaye abhi ke liye,Office me,Ji ha,Jah gahak de baat chita karni hu,Ji h,Usaka chaj karege,Aap se subha baat kare,Subah ka,11 baje,Ji hA,Subah aapko sab kuch batayege]"
8688910,"[I call you रिया. Because I don't know you. First of all, I,I call you रिया. Because I don't know you. First of all, I,Let's talk about food.,Let's talk about food.,Can you ask me another question for practice?,My favorite street food is पानीपुरी. And pizza. It or very fantastic food.,My favorite street food is पानीपुरी. And pizza. It or very fantastic food.,My favorite street food is पानीपुरी. And pizza. It or very fantastic food.,Like, Panipuri in a street. Stand.,Like, Panipuri in a street. Stand.,Like, Panipuri in a street. Stand.,Can you ask me another question for practice? I want to start conversation with you.,Can you ask me another question for practice? I want to start conversation with you.,I promote every type of good because this is my duty. I charge I take charge of promotional item.,I promote every type of good because this is my duty. I charge I take charge of promotional item.,I promote every type of good because this is my duty. I charge I take charge of promotional item.,Yes. I prepare promoting patient and electronic items. They are very small to the item.,Yes. I prepare promoting patient and electronic items. They are very small to the item.,Can you tell me my eleven English? And how is my English?,Can you tell me my eleven English? And how is my English?,How is my English? And tell me my level in English.,How is my English? And tell me my level in English.,How is my English? And tell me my level in English.,Ok, ahí está el stand. I will focus my vocabulary, but can you tell me by given in English?,Ok, ahí está el stand. I will focus my vocabulary, but can you tell me by given in English?,Ok, ahí está el stand. I will focus my vocabulary, but can you tell me by given in English?,Can you tell me? My level in English?,Can you tell me? My level in English?,Can you tell me? My level in English?,Can you ask me another question for practice?,Can you ask me another question for practice?,We call it golgappe there.,We call it golgappe there.,I want to talk about,,I want to talk about cricket,I want to talk about cricket,I want to talk about cricket,I like he hit six.,I like he hit six.,Can you tell me my level in English?,Can you tell me my level in English?,Can you tell me my level in English?,Can you tell me my level in English?,I am an intermediate.,I am an intermediate.,I am an intermediate.,Food and travel,Food and travel,Food and travel,I want to start,restaurant in Dubai.,De,marketing system in Dubai and,Video,Thank you. I bet you. Coming soon with you.,Thank you. I bet you. Coming soon with you.,Thank you. I bet you. Coming soon with you.,Food in India,Everyone eat,Yes,,No,My name is Zed, you call me Zed.,My name is Zed, you call me Zed.,Nice to meet you, रिया ma'am. I am from,Nice to meet you, रिया ma'am. I am from,I am from meerut,I am from meerut,Can you ask me another question for practice? I want to start a conversation with you.,Can you ask me another question for practice? I want to start a conversation with you.,It is a very hard because everyone not choose digital marketing and,It is a very hard because everyone not choose digital marketing and,It is a very hard because everyone not choose digital marketing and,Any topic, depend on you.,Any topic, depend on you.]",,"[I call you रिया. Because I don't know you. First of all, I,Let's talk about food.,Can you ask me another question for practice?,My favorite street food is पानीपुरी. And pizza. It or very fantastic food.,Like, Panipuri in a street. Stand.,Can you ask me another question for practice? I want to start conversation with you.,I promote every type of good because this is my duty. I charge I take charge of promotional item.,Yes. I prepare promoting patient and electronic items. They are very small to the item.,Can you tell me my eleven English? And how is my English?,How is my English? And tell me my level in English.,Ok, ahí está el stand. I will focus my vocabulary, but can you tell me by given in English?,Can you tell me? My level in English?,Can you ask me another question for practice?,We call it golgappe there.,I want to talk about,,I want to talk about cricket,I like he hit six.,Can you tell me my level in English?,I am an intermediate.,Food and travel,Thank you. I bet you. Coming soon with you.,Hello. Nice to meet you.,Hello. Nice to meet you.,Hello. Nice to meet you.,Yes. I am ready to practice today.,Yes. I am ready to practice today.,Yes. I am ready to practice today.,I want to talk about travel Yahobi.,I want to talk about travel Yahobi.,I want to talk about travel Yahobi.,I would like to go to Dubai.,I would like to go to Dubai.,I would like to go to Dubai.,I want to I want to see infrastructures and gain experience about,I want to I want to see infrastructures and gain experience about,I want to I want to see infrastructures and gain experience about,I like frost tower. It is a very,I like frost tower. It is a very,I like frost tower. It is a very,I want to talk about cricket.,I want to talk about cricket.,I want to talk about cricket.,Yes, let's talk food,Yes, let's talk food,Yes, let's talk food,I like paneer,I like paneer,I like paneer,Paneer tikka,Paneer tikka,Paneer tikka,I like mild I like mild.,I like mild I like mild.,I like mild I like mild.,Can you tell me my level in English?,Can you tell me my level in English?,Can you tell me my level in English?,I want to talk about cricket.,I want to talk about cricket.,I want to talk about cricket.,I like, his bed.,I like, his bed.,I like, his bed.,Cover drive,Cover drive,Cover drive,Hello,,Hello,,Hello,,I want to start कर्मा session विधि को.,I want to start कर्मा session विधि को.,I want to start कर्मा session विधि को.,Yes. Yes. I talk,Yes. Yes. I talk,Yes. Yes. I talk,My name is Zed, you call me Zed.,Nice to meet you, रिया ma'am. I am from,I am from meerut,Can you ask me another question for practice? I want to start a conversation with you.,It is a very hard because everyone not choose digital marketing and,Any topic, depend on you.,I want to talk about hobby and their]"
8744038,"[My name is Harshit.,My name is Harshit.,I'm from Jhasi.,I'm from Jhasi.,Hello.,Thank you,,Yes,No.,Peace.,Please.,Sorry,,Please give me the,I'm sorry.,Name,My name is हर्षित.,What is your name?,I am from,Where are,I work as,What do you do?]",,"[My name is Harshit.,I'm from Jhasi.,Hello.,Hello.,Hello.,मुझे English बोलना सीखना है.,मुझे English बोलना सीखना है.,मुझे English बोलना सीखना है.]"
8638015,"[Hello,,Thank you,Yes.,No.,Please,,Sorry,English, please give me,give me the pen.,I am sorry.]",,"[I am good,I am good,I am good,That is great. I am happy you are good. I am are happy,That is great. I am happy you are good. I am are happy,That is great. I am happy you are good. I am are happy,Do you like to do,Do you like to do,Do you like to do,I like reading books,I like reading books,I like reading books,I like reading the books.,I like reading the books.,I like reading the books.,Вот и за вот book.,Вот и за вот book.,Вот и за вот book.,Yes, I can,Yes, I can,Yes, I can,Let's talk,Let's talk,Let's talk,Stock,Stock,Stock,Explain stocks,Explain stocks,Explain stocks,Stokes minus,Stokes minus,Stokes minus,What do you like learning about stoppage?,What do you like learning about stoppage?,What do you like learning about stoppage?,Grammar is fun,Do you like,Do you like,Do you like,Do you like,Do you like,Let's talk about food,Let's talk about food,Let's talk about food,Biryani is my favorite,Biryani is my favorite,Biryani is my favorite,Chicken biryani,Chicken biryani,Chicken biryani,Yes, very spicy,Yes, very spicy,Yes, very spicy,It's a good thing. Yes.,It's a good thing. Yes.,It's a good thing. Yes.,Let's talk about hobbies,Let's talk about hobbies,Let's talk about hobbies,Okay.,Okay.,Okay.,I like reading,I like reading,I like reading,I like novels,I like novels,I like novels,I like fiction,I like fiction,I like fiction,Do you like friction or nonfiction nodes? Or do fiction?,Do you like friction or nonfiction nodes? Or do fiction?,Do you like friction or nonfiction nodes? Or do fiction?,Fantasy,Fantasy,Fantasy,The Lord of the Ring is very,The Lord of the Ring is very,The Lord of the Ring is very,Hello?,Hello?,Hello?]"
8565145,"[Apne mujse kya pucha,Apne mujse kya pucha,You can not call me,You can not call me,My name is Jena,My name is Jena,I live in Bengaluru,I live in Bengaluru,I work in fiem company,I work in fiem company,Hello]",,"[Apne mujse kya pucha,You can not call me,My name is Jena,I live in Bengaluru,I work in fiem company]"
8652948,"[Raj,Raj,Odisha,Odisha,Where you are coming,Where you are coming,Yes,The climate and crowd,The climate and crowd,I want to try something new.,I want to try something new.,I want to try something new.,Indo-Chinese sounds good.,Indo-Chinese sounds good.,Let's go with Veg Fried Rice.,Let's go with Veg Fried Rice.,What kind of spring rolls?,What kind of spring rolls?]",,"[Raj,Odisha,Where you are coming,Yes,The climate and crowd,I want to try something new.,Indo-Chinese sounds good.,Let's go with Veg Fried Rice.,What kind of spring rolls?]"
2907581,"[सनातन भावना के अच्छे विचार कॉमेडी,सनातन भावना के अच्छे विचार कॉमेडी,Sanatn dharm k bare me chutkle komdi,Sanatn dharm k bare me chutkle komdi,Sanatn dharm k bare me chutkle komdi,Lov farendsip ka meseg anubhvi vichar,Lov farendsip ka meseg anubhvi vichar,Lov farendsip ka meseg anubhvi vichar]",,"[सनातन भावना के अच्छे विचार कॉमेडी,Sanatn dharm k bare me chutkle komdi,Lov farendsip ka meseg anubhvi vichar,क्या नहीं ज़रूरी है यार.,क्या नहीं ज़रूरी है यार.,क्या नहीं ज़रूरी है यार.,उसे खुल लिया.,उसे खुल लिया.,उसे खुल लिया.]"
7998751,"[Hi,Shokeen,Shokeen,I m from Delhi,I m from Delhi,Kurkure momos,Kurkure momos,Kurkure momos,Chole bhature,Chole bhature,Hi how improve english,Yes,Yes,Teacher,Teacher,I teach himdi,I teach himdi,I have been teaching about a year,I have been teaching about a year,I enjoy share the language,I enjoy share the language,But I want learn English,But I want learn English,But I want learn English,I understand english but not write in sentence and not talk,I understand english but not write in sentence and not talk,I understand english but not write in sentence and not talk,Tell me how write to every day task in english,Tell me how write to every day task in english,I wake up 6 o'clock,I wake up 6 o'clock,Going to kitchen drink one glass water,Going to kitchen drink one glass water,And after that taking bath,And after that taking bath,I do pray,I do pray,Kindly correct my sentence if any mistakes,Kindly correct my sentence if any mistakes,Above all r correct or not,Above all r correct or not,Above all r correct or not,Above all r correct or not,Above all r correct or not,Ys,Kindly correct my passage,Kindly correct my passage,Kindly correct my passage,Kindly correct my passage,Kindly correct my passage,Kindly correct my passage,I go to temple for pray,I go to temple for pray,I take a glass of milk with cookies,I take a glass of milk with cookies,I take a glass of milk with cookies,I take a glass of milk with cookies,I take a glass of milk with cookies,I take a glass of milk with cookies,I have a glass of milk with cookies translate in hindi,I have a glass of milk with cookies translate in hindi,I take glass of milk with cookies translate in hindi,I take glass of milk with cookies translate in hindi,I Read for going to school,I Read for going to school,I ready for going to school,I ready for going to school,After breakfast I ready to go to school,After breakfast I ready to go to school,Share correct sentence,Share correct sentence,Share correct sentence,After that 7 am my bus reached at home,After that 7 am my bus reached at home,After that 7 am my bus reached at home,After that 7 am my bus reached at home,Hello.,Thank you.,Yes.,No.,आज करेंगे. Please.,SODI,Who? Sorry.,दीपांशु घर पर हर रोज़,सिर्फ़ English use करनी है. कुछ मांगना है तो हमेशा please give me the,पहले सिखा रही हूँ. बोला, I'm sorry.,Dhyan se Sun likh beta,feel free to talk,Name?,My name is,Is your name?,I am from,Where are you from?,I work at,What do you do,Like,I Like,I like,Don't You Like?,I don't,I don't like,Do you like,Do you like music?,Pie li,,Peli. Peli.,Really? Really?,I really like,I really like store,Pottj,Poach.,Watch,I watch cereal.,Read.,I read novels.,Play,I play Caram,I like watching Punjabi,I like stories.,I like reading stories.,I like playing carambeau.,What do you do in your,I like,reading books on holidays.,I like reading books on holidays.,Sometimes,Sometimes,I like listening music.,Sometimes I like me]",,"[Hi,Shokeen,I m from Delhi,Kurkure momos,Chole bhature,Hi how improve english,Yes,Teacher,I teach himdi,I have been teaching about a year,I enjoy share the language,But I want learn English,I understand english but not write in sentence and not talk,Tell me how write to every day task in english,I wake up 6 o'clock,Going to kitchen drink one glass water,And after that taking bath,I do pray,Kindly correct my sentence if any mistakes,Above all r correct or not,Ys,Kindly correct my passage,I go to temple for pray,I take a glass of milk with cookies,I take a glass of milk with cookies,I have a glass of milk with cookies translate in hindi,I take glass of milk with cookies translate in hindi,I Read for going to school,I ready for going to school,After breakfast I ready to go to school,Share correct sentence,After that 7 am my bus reached at home,Hello?,Hell yeah,Hell yeah,Hell yeah,Help me?,Help me?,Help me?,Le tablet,Le tablet,Le tablet,I practice vocabulary.,I practice vocabulary.,I practice vocabulary.,Say again.,Say again.,Say again.,Vocabulary Every day, use word.,Vocabulary Every day, use word.,Vocabulary Every day, use word.,Flor.,Flor.,Flor.,Yes.,Yes.,Yes.,Explore.,Explore.,Explore.,अच्छे से दक्षु भवन रहता है. वह तुम उसको बताओ खा थोड़ी कराई phone से हमें.,अच्छे से दक्षु भवन रहता है. वह तुम उसको बताओ खा थोड़ी कराई phone से हमें.,अच्छे से दक्षु भवन रहता है. वह तुम उसको बताओ खा थोड़ी कराई phone से हमें.,I'm in second second class student. Please, according to me, write a sentence.,I'm in second second class student. Please, according to me, write a sentence.,I'm in second second class student. Please, according to me, write a sentence.,तो छूट भारत मुझे पैसे ही रखी है. इसको मैंने घर में छाऊंगा. हां तो बोल रहा है. I am a second class,तो छूट भारत मुझे पैसे ही रखी है. इसको मैंने घर में छाऊंगा. हां तो बोल रहा है. I am a second class,तो छूट भारत मुझे पैसे ही रखी है. इसको मैंने घर में छाऊंगा. हां तो बोल रहा है. I am a second class,मुझे हिंदी पढ़ना है.,मुझे हिंदी पढ़ना है.,मुझे हिंदी पढ़ना है.,Deli news word.,Deli news word.,Deli news word.,Delious words.,Delious words.,Delious words.,I eat retreatious food.,I eat retreatious food.,I eat retreatious food.,I train try again. I,I train try again. I,I train try again. I,I'm very happy today.,I'm very happy today.,I'm very happy today.,Today is the my birthday. My friend is coming my birthday.,Today is the my birthday. My friend is coming my birthday.,Today is the my birthday. My friend is coming my birthday.,Study about English.,Study about English.,Study about English.,Vocabulary and new words.,Vocabulary and new words.,Vocabulary and new words.,उसने बोला कि Delhi बड़े आप कौन सा world सीखना चाहते हो?,उसने बोला कि Delhi बड़े आप कौन सा world सीखना चाहते हो?,उसने बोला कि Delhi बड़े आप कौन सा world सीखना चाहते हो?,Daily use words at home.,Daily use words at home.,Daily use words at home.,Vocabulary,Vocabulary,Vocabulary,School.,School.,School.,बोलो कि school में teachers के बारे में?,बोलो कि school में teachers के बारे में?,बोलो कि school में teachers के बारे में?,My teacher is a very good My teacher is a very fair weight.,My teacher is a very good My teacher is a very fair weight.,My teacher is a very good My teacher is a very fair weight.,गोलूप में चुके हो तुम्हारे में.,गोलूप में चुके हो तुम्हारे में.,गोलूप में चुके हो तुम्हारे में.]"
7188227,"[Like,I like,I like,I don't like,I don't like,I Don't Like,Do You Like,Do you like,Really?,Like,,I really like,Dance,Ideally, like,,What?,What?,What? What?,What's,what's,Vodge.,Watch, watch,,I watch,Watch.]",,"[Just I want to go about,Just I want to go about,Just I want to go about,Daily life English speaking,Daily life English speaking,Daily life English speaking,Is what is your name?,Is what is your name?,Is what is your name?,Redone.,Redone.,Redone.,जल्द,जल्द,जल्द,Lalminsteret,Lalminsteret,Lalminsteret,Quad, où est-ce que vous,Quad, où est-ce que vous,Quad, où est-ce que vous,Hello.,Hello.,Hello.,Do you know Hindi? Do you know Hindi? If you know Hindi, then talking with me. Hindi language.,Do you know Hindi? Do you know Hindi? If you know Hindi, then talking with me. Hindi language.,Do you know Hindi? Do you know Hindi? If you know Hindi, then talking with me. Hindi language.,But now but now I want to talk,But now but now I want to talk,But now but now I want to talk,English because I don't want I want,English because I don't want I want,English because I don't want I want,क्या कर दो तुम? कैसे हो? क्या कर रहे हो?,क्या कर दो तुम? कैसे हो? क्या कर रहे हो?,क्या कर दो तुम? कैसे हो? क्या कर रहे हो?,Show me your face Shoe me your face.,Show me your face Shoe me your face.,Show me your face Shoe me your face.]"
8661598,"[Hi,Mujhe english sikhna h,Mujhe english sikhna h,Hii,Please learn English,Please learn English,You can call me Rahul,You can call me Rahul,Yes,Yes,I am a student.,I am a student.,Yes,Yes,English learning,English learning,Yes,Ya,Ya,Hindi m reply kriye,Hindi m reply kriye,Yes,Ya,Ya,Hm,Hm,Hm,Hindi reply,Hindi reply,Hindi reply,Yes,Hindi m reply kriye or english dono me,Hindi m reply kriye or english dono me,Hindi m reply kriye or english dono me,Ya,Ok,Ok,Yes]",,"[Hi,Mujhe english sikhna h,Hii,Please learn English,You can call me Rahul,Yes,I am a student.,Yes,English learning,Yes,Ya,Hindi m reply kriye,Yes,Ya,Hm,Hindi reply,Yes,Hindi m reply kriye or english dono me,Ya,Ok,Yes,Any topics]"
8537741,"[I am Rahul,I am Rahul,Hallo.,Thank you.,Yes.,No.,Please,,Sorry,,Please give me,I'm sorry.,Name.,My name is Raho.,What is your name?,Ma'am,,Name,My name is,After your name,,What is your,I am,from,Goodrag.,I'm from,Where are you,Ok.]",,[I am Rahul]
4434446,"[Hello.,Hello.,Hey, I'm Holly.,I am from Vaishvaas.,I am from Vaishvaas.,I'm living in Bhajayabad. You are listening wrong. What I can do?,I'm living in Bhajayabad. You are listening wrong. What I can do?,Hi, dear. I didn't have no,Hi, dear. I didn't have no,I am normal.,I am normal.,I am from Delhi,I am from Delhi]",,"[Yes.,Yes.,Yes.,Yes. We can talk.,Yes. We can talk.,Yes. We can talk.,Hey, I'm Holly.,I am from Vaishvaas.,I'm living in Bhajayabad. You are listening wrong. What I can do?,Hi, dear. I didn't have no,I am normal.,I am from Delhi]"
3968437,"[Hallo,,Thank you.,Yes.,No. No.,Please.,Sorry.,Please give,I'm sorry.,नहीं.,Name,नहीं.,Name,,My name,Is your name?,From Bangalore,,I'm from,Are you from,Work as a teacher,What you do,Like,So tu tu sabes saber por dicho, obri. I like.,I like green,Prendi,,I don't like,I don't like,I don't like,Like, do you like,Do you like tea,Really?,I really like,Really like play,just toast aunty just to stand t,Award,What?,Baj,Watch.,I watch,Reed,Read.,I read newspaper.,P l a y play,I play cricket.,Watching mobi,I like watching,I like reading,I like play,What do you do in your,I like,travel on holiday.,I like एक watching movie on holiday.,I like watching movies on holiday.,I like watching movies on holiday.,Sometimes,,Sometimes I like to,Good morning,In the morning,Evening,In the evening,,Night,At night,Wake up.,I wake up in,Eat.,I eat breakfast.,Go.,I go to market,Sleep, sleep,,I sleep,at night.,What time do you,What,time do you wake up in the,What time do you select,I don't like,My name is Ram sing,My name is Ram sing,I m from India,I m from India,I live in Gajraula . U. P,I live in Gajraula . U. P,Fantastic,Fantastic,Fantastic,I Love 💕💕💕💕💕,I Love 💕💕💕💕💕,I don't like,I don't like,Acho é mi home.,I am home.,What was your day? How was your,My day was good. My,My day was styling. My,I am hungry,Watts for Deoner,Help. Mom, I need help. Mom, I need help.,Fan आई को भी my friend.,Place.,Can I go to my friend's,had lunch,yes every tired,Can we go out,Can I have some money,Can you help me?,Okay. Papa, please help,File di poppa,,I love you.,some advice no managing time some advice no managing time]",,"[My name is Ram sing,I m from India,I live in Gajraula . U. P,Fantastic,I Love 💕💕💕💕💕,I don't like]"
3818635,"[Yesh,Yesh,I am working right now.,I am working right now.,I  m a hotal industry,I  m a hotal industry,Yes, it's very busy.,Yes, it's very busy.,I enjoy the teamwork.,I enjoy the teamwork.,I enjoy the teamwork.,We help each other.,We help each other.,We help with tasks.,We help with tasks.,We help with tasks.,I helped with a report.,I helped with a report.,Yes, I did some research.,Yes, I did some research.,It was a sales report.,It was a sales report.,Market trends research.,Market trends research.]",,"[Yesh,I am working right now.,I  m a hotal industry,Yes, it's very busy.,I enjoy the teamwork.,We help each other.,We help with tasks.,I helped with a report.,Yes, I did some research.,It was a sales report.,Market trends research.,Hello.,Hello.,Hello.,Ubi o Fan,Ubi o Fan,Ubi o Fan,Nice NICU,Nice NICU,Nice NICU]"
8603575,"[Kaise ho,Kaise ho,You can call me [Name],You can call me [Name],I'm Amit.,I'm Amit.]",,"[Kaise ho,You can call me [Name],I'm Amit.]"
7569263,"[Huen.,Hum.,Hold.,Roy,,Roi.,Home,I am who.,I am who.,I am home.,How is your day?,My day was,My day was tidying.,I am on you.,I'm hungry.,What's for dinner?,Mom, I need help.,Can I go to my,sorry sorry I will help,Can we go out to,Can I have some money?,Can you help me?,Papa, please help me.,I love you, papa.,Mother.,Sorry. Father,,This is,my mother.,This is my father.,Broadle.,Brothers.,System,Cystal.,है क्यों जी हाथ करने लिए? Sister.,He is my brother.,She's my brook. She's my sister.,See, she is my sister.,I have one brother.,I have two sisters.,Simbling.,Excuse में लिया. My favorite animal is my favorite animal is cat.,Excuse में लिया. My favorite animal is my favorite animal is cat.,Jia what is related to your hobby?,Jia what is related to your hobby?,Maldeur.,Mother.,Father,,This is my,This is my,Brother,,Brother and sister,He is my brother.,She invites a show.,She is my,I have zero brother.,I have one sister.,Sibling sibling,Do you have,How many people are in,Please ask in American accent,Please ask in American accent,Yumna,Yumna,Yumna,Yumna,So what is he? From Mulajabad. What,So what is he? From Mulajabad. What,Excuse me, रिया. मुलाहित जब्बा नहीं, मुलाहित डब्बा me,,Excuse me, रिया. मुलाहित जब्बा नहीं, मुलाहित डब्बा me,,Excuse me, रिया. मुलाहित जब्बा नहीं, मुलाहित डब्बा me,,Excuse me, रिया. मुलाहित जब्बा नहीं, मुलाहित डब्बा me,,I am from Moradabad. I am,I am from Moradabad. I am,I am from Moradabad. I am,I am from Moradabad. I am,Gio Favorite your animal. Favorite Favorite your animal.,Gio Favorite your animal. Favorite Favorite your animal.,Gio Favorite your animal. Favorite Favorite your animal.,Gio Favorite your animal. Favorite Favorite your animal.,Gio Favorite your animal. Favorite Favorite your animal.,Gio Favorite your animal. Favorite Favorite your animal.,Burrito Diya, What is meaning of Kanita? What is meaning of her teacher?,Burrito Diya, What is meaning of Kanita? What is meaning of her teacher?,Burrito Diya, What is meaning of Kanita? What is meaning of her teacher?,Burrito Diya, What is meaning of Kanita? What is meaning of her teacher?,Burrito Diya, What is meaning of Kanita? What is meaning of her teacher?,Burrito Diya, What is meaning of Kanita? What is meaning of her teacher?,What day is what is meaning of Khadija?,What day is what is meaning of Khadija?,What day is what is meaning of Khadija?,What day is what is meaning of Khadija?,What day is what is meaning of Khadija?,What day is what is meaning of Khadija?,But what is what is what is meaning of Khadija?,But what is what is what is meaning of Khadija?,But what is what is what is meaning of Khadija?,But what is what is what is meaning of Khadija?,But what is what is what is meaning of Khadija?,But what is what is what is meaning of Khadija?,What is the meaning of Katij?,What is the meaning of Katij?,What is the meaning of Katij?,What is the meaning of Katij?,What is the meaning of Katij?,What is the meaning of Katij?,What is meaning of,What is meaning of,What is meaning of,What is meaning of,What is meaning of,What is meaning of,Done. What is the meaning of thirty?,Done. What is the meaning of thirty?,Done. What is the meaning of thirty?,Done. What is the meaning of thirty?,Done. What is the meaning of thirty?,Done. What is the meaning of thirty?,What is the what is meaning of Khatija?,What is the what is meaning of Khatija?,What is the what is meaning of Khatija?,What is the what is meaning of Khatija?,What is the what is meaning of Khatija?,What is the what is meaning of Khatija?,What is meaning of khadija,What is meaning of khadija,What is meaning of khadija,What is the meaning of yumna,What is the meaning of yumna,What is the meaning of yumna,My favorite animal is cat. मैं एक काम बोल,My favorite animal is cat. मैं एक काम बोल,That is so beautiful. That is so cute. That is is so soft.,That is so beautiful. That is so cute. That is is so soft.,Hello, Ria. How are you?,Hello, Ria. How are you?,Mother.,Fado.,Fad.,Father.,This is my mother.,This is my father.,Brother,,C'est ça,sister,,She is my sister.,She is my sister.,He is my brother.,She is my sister.,I have zero brother,I have two,Nin.,Min.,Nem.,Nim.,Nim.,And,Nim.,Name.,My name is Yum,What is your name?,I am from,Where are you from?,बाबा क्या बैठता हूं?,I work,What do you,Mother.,Fade.,Father.,This is my module.,This is my father.,Brother,,Cistern.,Cystone.,Sister,,He is my brother.,She is my sister.,I have zero brother.,I have two sisters.,C'est blend.,Sibling.,Do you have siblings?,How many people are in your,Bolo,Barrel,Boil.,Boro,Can I bury your clothes?,बाबी आ रहा है आज रुक जाऊं ना कल चले जाना कल सुबह.,हां good.,Give it back o,Let's watch something,Let's watch a movie tonight.,What do you want to,Help me with this.,हाँ ये प्रदर्शिक थी,तुम्हारी हमारी favorite भाग है तुम्हारी,I need your,Khushi you then]",,"[Oreo.,Oreo.,Oreo.,You?,You?,You?,I like to learn everything.,I like to learn everything.,I like to learn everything.,My favorite subject is computer. I'm not,My favorite subject is computer. I'm not,My favorite subject is computer. I'm not,Corning. I like the most co coding.,Corning. I like the most co coding.,Corning. I like the most co coding.,Oh, I like,Oh, I like,Oh, I like,I like to code new games.,I like to code new games.,I like to code new games.,Charge Charge game new. New Charge game.,Charge Charge game new. New Charge game.,Charge Charge game new. New Charge game.,It's Indian.,It's Indian.,It's Indian.,I think that you should change the topic. I am not interested in this topic.,I think that you should change the topic. I am not interested in this topic.,I think that you should change the topic. I am not interested in this topic.,To check about I want to talk about the business.,To check about I want to talk about the business.,To check about I want to talk about the business.,And it's off-site.,And it's off-site.,And it's off-site.,What do you mean by outside business? I'm,What do you mean by outside business? I'm,What do you mean by outside business? I'm,Okay. Please tell me something about about new conversation new conversation about business.,Okay. Please tell me something about about new conversation new conversation about business.,Okay. Please tell me something about about new conversation new conversation about business.,I want to start a new business of Handycrafts item. Test log in? बताओ.,I want to start a new business of Handycrafts item. Test log in? बताओ.,I want to start a new business of Handycrafts item. Test log in? बताओ.,I miss you. Hello, Ria. Make handicrafts of brow brass metal handicrafts item.,I miss you. Hello, Ria. Make handicrafts of brow brass metal handicrafts item.,I miss you. Hello, Ria. Make handicrafts of brow brass metal handicrafts item.,Doc pack खाने कौन चला पके चल सकता है? पता है देखिए वह मेरे को देखिए.,Doc pack खाने कौन चला पके चल सकता है? पता है देखिए वह मेरे को देखिए.,Doc pack खाने कौन चला पके चल सकता है? पता है देखिए वह मेरे को देखिए.,Hello रिया, how are you?,Hello रिया, how are you?,Hello रिया, how are you?,Giya favorite doggy क्या है तुम्हारी?,Giya favorite doggy क्या है तुम्हारी?,Giya favorite doggy क्या है तुम्हारी?,My favorite animal is cat. My favorite animal is cat.,My favorite animal is cat. My favorite animal is cat.,My favorite animal is cat. My favorite animal is cat.,Catch is very cute.,Catch is very cute.,Catch is very cute.,We do this. Italian pets are,We do this. Italian pets are,We do this. Italian pets are,My favorite cat is the Russian. Russian,My favorite cat is the Russian. Russian,My favorite cat is the Russian. Russian,Chicken and,Chicken and,Chicken and,दिया, excuse me?,दिया, excuse me?,दिया, excuse me?,Cards.,Cards.,Cards.,And cats. So cute, so beautiful, so naughty.,And cats. So cute, so beautiful, so naughty.,And cats. So cute, so beautiful, so naughty.,Cats are very cutie. No. Cats are,Cats are very cutie. No. Cats are,Cats are very cutie. No. Cats are,White bronze,White bronze,White bronze,Suggest what topic we should what topic we should select speak English?,Suggest what topic we should what topic we should select speak English?,Suggest what topic we should what topic we should select speak English?,Eighty six seven.,Eighty six seven.,Eighty six seven.,Excuse में लिया. My favorite animal is my favorite animal is cat.,Jia what is related to your hobby?,Please ask in American accent,Please ask in American accent,Yumna,Yumna,So what is he? From Mulajabad. What,So what is he? From Mulajabad. What,Excuse me, रिया. मुलाहित जब्बा नहीं, मुलाहित डब्बा me,,Excuse me, रिया. मुलाहित जब्बा नहीं, मुलाहित डब्बा me,,I am from Moradabad. I am,I am from Moradabad. I am,Gio Favorite your animal. Favorite Favorite your animal.,Gio Favorite your animal. Favorite Favorite your animal.,Burrito Diya, What is meaning of Kanita? What is meaning of her teacher?,Burrito Diya, What is meaning of Kanita? What is meaning of her teacher?,What day is what is meaning of Khadija?,What day is what is meaning of Khadija?,But what is what is what is meaning of Khadija?,But what is what is what is meaning of Khadija?,What is the meaning of Katij?,What is the meaning of Katij?,What is meaning of,What is meaning of,Done. What is the meaning of thirty?,Done. What is the meaning of thirty?,What is the what is meaning of Khatija?,What is the what is meaning of Khatija?,What is meaning of khadija,What is the meaning of yumna,My favorite animal is cat. मैं एक काम बोल,That is so beautiful. That is so cute. That is is so soft.,Hello, Ria. How are you?,Sylvie. Cinnamon.,Sylvie. Cinnamon.,Sylvie. Cinnamon.,Excuse me किया. आप मेरी बहन से बात कर लीजिए. Sister से. यह यह,Excuse me किया. आप मेरी बहन से बात कर लीजिए. Sister से. यह यह,Excuse me किया. आप मेरी बहन से बात कर लीजिए. Sister से. यह यह]"
8668909,"[Yes, I'm going to Goa!,Yes, I'm going to Goa!]",,"[Yes, I'm going to Goa!]"
8777958,"[I am from ujjain,I am from ujjain,House wife,House wife,This is a ples full city,This is a ples full city]",,"[I am from ujjain,House wife,This is a ples full city]"
6085082,"[You call me vinayak,You call me vinayak,I am form kolhapur,I am form kolhapur,Yes, very spicy!,Yes, very spicy!,I love Kolhapuri Thali.,I love Kolhapuri Thali.,The variety of dishes,The variety of dishes,I like watching movies,I like watching movies,I like comedy movies.,I like comedy movies.,Not really, I watch anything funny.,Not really, I watch anything funny.,I like listening to music.,I like listening to music.,I like Hindi music,I like Hindi music,Yes  my favorite singer is arjit singh,Yes  my favorite singer is arjit singh,Tere liye mandir jau this is hindi song very fantastic,Tere liye mandir jau this is hindi song very fantastic,Yes I know,Yes I know,I like also marathi songs,I like also marathi songs,Yes I have a favourite singer that is pratik,His full name is pratik parshuram awale,His full name is pratik parshuram awale,He is rep recorder,He is rep recorder,He is rapping in marathi and also hindi, please try once time Okyy,He is rapping in marathi and also hindi, please try once time Okyy,He is rapping in marathi and also hindi, please try once time Okyy,Okyy, i ask you a question, please,Okyy, i ask you a question, please,You are a girl,You are a girl,Okyy Riya what type boy like you, please replay me,Okyy Riya what type boy like you, please replay me,Kindness and humor are important.,Kindness and humor are important.,Trust and honesty are key.,Trust and honesty are key.,Yes,Yes,Yes I like a girl,Yes I like a girl,Her honesty and her smile and all,Her honesty and her smile and all,Her behaviour,Her behaviour,Tell me how to impress a girl,Tell me how to impress a girl,Tell me how to impress a girl,Tell me how to impress a girl]",,"[You call me vinayak,I am form kolhapur,Yes, very spicy!,I love Kolhapuri Thali.,The variety of dishes,I like watching movies,I like comedy movies.,Not really, I watch anything funny.,I like listening to music.,I like Hindi music,Yes  my favorite singer is arjit singh,Tere liye mandir jau this is hindi song very fantastic,Yes I know,I like also marathi songs,Yes I have a favourite singer that is pratik,His full name is pratik parshuram awale,He is rep recorder,He is rapping in marathi and also hindi, please try once time Okyy,Okyy, i ask you a question, please,You are a girl,Okyy Riya what type boy like you, please replay me,Kindness and humor are important.,Trust and honesty are key.,Yes,Yes I like a girl,Her honesty and her smile and all,Her behaviour,Tell me how to impress a girl]"
7897350,"[Yes, I can call you.,Yes, I can call you.,I'm in indoor.,I'm in indoor.,मुझे समझ में नहीं आता कि कहां से start करूं.,मुझे समझ में नहीं आता कि कहां से start करूं.,मुझे समझ में नहीं आता कि कहां से start करूं.,Yes. I'm Satya. I'm a house house wife, and I am doing some job. I want to improve my English.,Yes. I'm Satya. I'm a house house wife, and I am doing some job. I want to improve my English.,Yes. I'm Satya. I'm a house house wife, and I am doing some job. I want to improve my English.,Yes. I'm Satya. I'm a house house wife, and I am doing some job. I want to improve my English.,I am interested in teaching profession.,I am interested in teaching profession.,बस इसलिए बनना है कि बच्चों को पढ़ाना अच्छा लगता है.,बस इसलिए बनना है कि बच्चों को पढ़ाना अच्छा लगता है.,बस इसलिए बनना है कि बच्चों को पढ़ाना अच्छा लगता है.,I want to become a teacher. Because I love teaching children.,I want to become a teacher. Because I love teaching children.,I want to become a teacher. Because I love teaching children.,I want to become a teacher. Because I love teaching children.,I want to become a teacher. Because I love teaching children.,I want to become a teacher. Because I love teaching children.,I want to become a children because I love teaching children.,Yes.,Yes.,Yes Dia,No, no, no. मैं आप ही को रिया बोल रही हूँ,No, no, no. मैं आप ही को रिया बोल रही हूँ,I am looking for a job.,I am looking for a job.,I want to be a teacher.,I want to be a teacher.,Ria, give me some exercise to fill model.,Ria, give me some exercise to fill model.,Leah blew me some exercise to known.,Leah blew me some exercise to known.,Leah blew me some exercise to known.,Known,Known,No, not noun.,Yes,Yes,Yes,Rio, please give me some exercise parts of speech in English.,Rio, please give me some exercise parts of speech in English.,Yes, I know the place with Jean. He's famous for food.,Yes, I know the place with Jean. He's famous for food.,Les I know the It is famous for its food and numbkins.,Les I know the It is famous for its food and numbkins.,In Delhi Jawah Masjid Street's food and cruise cruises go up. And biryani.,In Delhi Jawah Masjid Street's food and cruise cruises go up. And biryani.,In Delhi Jawah Masjid Street's food and cruise cruises go up. And biryani.,Bediani and Sikh Goab.,Bediani and Sikh Goab.,Bediani and Sikh Goab.,Yes, I tried them.,It is so delicious so tasty, and the taste is very good.,It is so delicious so tasty, and the taste is very good.,It is so delicious so tasty, and the taste is very good.,In Delhi, I trailed Rajma and Chawal. In Punjabi's food.,In Delhi, I trailed Rajma and Chawal. In Punjabi's food.,Yes, Rio.]",,"[Yes, I can call you.,I'm in indoor.,मुझे समझ में नहीं आता कि कहां से start करूं.,Yes. I'm Satya. I'm a house house wife, and I am doing some job. I want to improve my English.,I am interested in teaching profession.,बस इसलिए बनना है कि बच्चों को पढ़ाना अच्छा लगता है.,I want to become a teacher. Because I love teaching children.,I want to become a teacher. Because I love teaching children.,I want to become a children because I love teaching children.,Yes.,Yes Dia,No, no, no. मैं आप ही को रिया बोल रही हूँ,I am looking for a job.,I want to be a teacher.,Ria, give me some exercise to fill model.,Leah blew me some exercise to known.,Known,No, not noun.,Yes,Rio, please give me some exercise parts of speech in English.,Yes, I know the place with Jean. He's famous for food.,Les I know the It is famous for its food and numbkins.,In Delhi Jawah Masjid Street's food and cruise cruises go up. And biryani.,Bediani and Sikh Goab.,Yes, I tried them.,It is so delicious so tasty, and the taste is very good.,In Delhi, I trailed Rajma and Chawal. In Punjabi's food.,Yes, Rio.]"
8598087,[Hello?],,"[Hello?,Hello?,Hello?,Hello?,Hello?,Hello?,Hello?,Hello?,Hello?,Hello?,Hello?,Hello?,Hello?]"
8019960,"[Now,Now,Dhiraj,Dhiraj,Ahmedabad,Ahmedabad,It's very lively.,It's very lively.,I love you riya,I love you riya,Dhiraj,Dhiraj,Gujarat,Gujarat,Ahmedabad,Ahmedabad,Dish,Dish,I love Gujarati thali.,I love Gujarati thali.,The kathiyawadi thali,The kathiyawadi thali,Call me video call,Call me video call,Now,Now]",,"[Now,Dhiraj,Ahmedabad,It's very lively.,Aló.,Aló.,Aló.,I love you riya,Dhiraj,Gujarat,Ahmedabad,Dish,I love Gujarati thali.,The kathiyawadi thali,Call me video call,Now,Hello hello.,Nice practice.,Nice practice.,Nice practice.,हिंदी grammar,हिंदी grammar,हिंदी grammar,I love dish. I love dish.,I love dish. I love dish.,I love dish. I love dish.]"
8509829,"[I want to learn English.,I want to learn English.,My name is Rekha.,My name is Rekha.,I am from Casarla.,मुझे English सीखनी है, अच्छे से सिखाओ अगर सिखा सकते हैं तो.,मुझे English सीखनी है, अच्छे से सिखाओ अगर सिखा सकते हैं तो.]",,"[I want to learn English.,My name is Rekha.,I am from Casarla.,Start.,Start.,Start.,Not particularly favorite food. I eat everything.,Not particularly favorite food. I eat everything.,Not particularly favorite food. I eat everything.,I eat chapati and,I eat chapati and,I eat chapati and,I don't understand what you're saying. Please, learn me properly English.,I don't understand what you're saying. Please, learn me properly English.,I don't understand what you're saying. Please, learn me properly English.,Sticker?,Sticker?,Sticker?,Start.,Start.,Start.,नीज़ लिखा.,नीज़ लिखा.,नीज़ लिखा.,My name is Rekha.,My name is Rekha.,My name is Rekha.,I'm preparing my government job.,I'm preparing my government job.,I'm preparing my government job.,I'm preparing a Aestheticity Arts teacher.,I'm preparing a Aestheticity Arts teacher.,I'm preparing a Aestheticity Arts teacher.,English.,English.,English.,Don't know about,Don't know about,Don't know about,My name is Rekha,,My name is Rekha,,My name is Rekha,,I'm from Mandi.,I'm from Mandi.,I'm from Mandi.,I'm from Mandy District.,I'm from Mandy District.,I'm from Mandy District.,I'm from Mandi.,I'm from Mandi.,I'm from Mandi.,I like Mandy because they are,I like Mandy because they are,I like Mandy because they are,I don't know about Mondi.,I don't know about Mondi.,I don't know about Mondi.,मई feb hobby is connecting with the bot.,मई feb hobby is connecting with the bot.,मई feb hobby is connecting with the bot.,मुझे English सीखनी है, अच्छे से सिखाओ अगर सिखा सकते हैं तो.]"
8528102,"[Shubham here,Shubham here,I am working.,Teaching,Teaching,I teach English.,I teach English.,12-16,12-16,Actually, I want to evaluate myself first You should evaluate me, please.,Actually, I want to evaluate myself first You should evaluate me, please.,I use different learning materials to make my lecture more interesting.,I use different learning materials to make my lecture more interesting.,I use different learning materials to make my lecture more interesting.,I use flash card videos and role play kind of thing.,I use flash card videos and role play kind of thing.,I use flash card videos and role play kind of thing.]",,"[Shubham here,I am working.,Teaching,I teach English.,12-16,Actually, I want to evaluate myself first You should evaluate me, please.,I use different learning materials to make my lecture more interesting.,I use flash card videos and role play kind of thing.,Levia. यहां से निकल लिखा,Levia. यहां से निकल लिखा,Levia. यहां से निकल लिखा,Inform my communication skills,Inform my communication skills,Inform my communication skills,I want to use advanced phrases and idioms to make my English attractive.,I want to use advanced phrases and idioms to make my English attractive.,I want to use advanced phrases and idioms to make my English attractive.,Yes, I know, like, burning the midnight oil,,Yes, I know, like, burning the midnight oil,,Yes, I know, like, burning the midnight oil,,Yeah. If you want to get good,Yeah. If you want to get good,Yeah. If you want to get good,Absolutely.,Absolutely.,Absolutely.,Now we are going to start our communication journey. So let's pick a leg.,Now we are going to start our communication journey. So let's pick a leg.,Now we are going to start our communication journey. So let's pick a leg.,Now it's your first reaction. So,Now it's your first reaction. So,Now it's your first reaction. So,I would like to learn new vocabulary first.,I would like to learn new vocabulary first.,I would like to learn new vocabulary first.,What should I tell you? Because I've already told you that, so just make me practice like make me,What should I tell you? Because I've already told you that, so just make me practice like make me,What should I tell you? Because I've already told you that, so just make me practice like make me,What should I tell you? Because I've already told you that, so just make me practice like make me,What should I tell you? Because I've already told you that, so just make me practice like make me]"
8576379,"[My name is Rita,My name is Rita,I'm from Mumbai,I'm from Mumbai,I love the energy there.,I love the energy there.,I love the energy there.,I'm trying to find a job.,I'm trying to find a job.,Any job would be great.,Any job would be great.,Any job would be great.,I have experience in sales.,I have experience in sales.,No, this is my first time.,No, this is my first time.,No, this is my first time.,Corporate sales positions,Corporate sales positions,Corporate sales positions,Building client relationships.,Building client relationships.,Building client relationships.,Sales purchase ka kaam kiya hai tally ERP 9 me,Sales purchase ka kaam kiya hai tally ERP 9 me,Sales purchase ka kaam kiya hai tally ERP 9 me,For job,Trying to get a job.,Trying to get a job.,Something in tech.,Something in tech.,Any sales job,Any sales job,I do work,I do work,New work in sales,New work in sales,B2B sales roles,B2B sales roles,Nothing anything else]",,"[My name is Rita,I'm from Mumbai,I love the energy there.,I'm trying to find a job.,Any job would be great.,I have experience in sales.,No, this is my first time.,Corporate sales positions,Building client relationships.,Sales purchase ka kaam kiya hai tally ERP 9 me,For job,Trying to get a job.,Something in tech.,Any sales job,I do work,New work in sales,B2B sales roles,Nothing anything else]"
8419892,"[My name is shikha,My name is shikha,I'm from Manipur,I'm from Manipur,It's very peaceful there.,It's very peaceful there.,I love the culture,I love the culture,I dont know how to talk my no perfect,I dont know how to talk my no perfect,I dont know how to talk my no perfect,I like the festivals,I like the festivals,Ningol chakouba,Ningol chakouba,Yes,Yes,Yes, my favourite memory is...,Yes, my favourite memory is...,What your name,What your name,I dont know,I dont know,Just call me by my name.,Shikha,Shikha,Shikha,From Manipur,From Manipur,Hello?,Thank you.,You call me shikha,You call me shikha,I'm from Manipur,I'm from Manipur,Irang,Irang,It's near kangpokpi,It's near kangpokpi,We speck nepali,Yes we spec,Yes we spec,Ya,You can call me shikha,You can call me shikha,Don't ask me some questions,Don't ask me some questions,Okay, let's talk,I'm not sure what to try.,I'm not sure what to try.,I'm not sure what to try.,Let's try bhel puri.,Let's try bhel puri.,Let's try bhel puri.,Yes I like spicy food do you like ta,Yes I like spicy food do you like ta,No, what is that?,No, what is that?,No, what is that?,Maybe next time.,Maybe next time.,I'm not understanding,I'm not understanding,I'm not understanding,Let's talk about something else,Let's talk about something else,I like to sleep,I like to sleep,Don't say haaahaa,Don't say haaahaa,I listen to music.,I listen to music.,I listen to sad songs,I listen to sad songs,I listen to sad songs,I like to feel the emotion.,I like to feel the emotion.,I like arjit shingh,I like arjit shingh,I like arjit shingh,Tere bin,Tere bin,Tere bin,The lyrics are very emotional.,The lyrics are very emotional.,The lyrics are very emotional.,Yes, many songs do.,Yes, many songs do.,I dont know,I dont know,Sad songs make me think.,Sad songs make me think.,Yes, they are very deep.,Yes, they are very deep.,Yes, I do have one.,Yes, I do have one.,Malina rai,Malina rai]",,"[My name is shikha,I'm from Manipur,It's very peaceful there.,I love the culture,I dont know how to talk my no perfect,I like the festivals,Ningol chakouba,Yes,Yes, my favourite memory is...,What your name,I dont know,Just call me by my name.,Shikha,From Manipur,You call me shikha,I'm from Manipur,Irang,It's near kangpokpi,We speck nepali,Yes we spec,Ya,You can call me shikha,Don't ask me some questions,Okay, let's talk,I'm not sure what to try.,Let's try bhel puri.,Yes I like spicy food do you like ta,No, what is that?,Maybe next time.,I'm not understanding,Let's talk about something else,I like to sleep,Don't say haaahaa,I listen to music.,I listen to sad songs,I like to feel the emotion.,I like arjit shingh,Tere bin,The lyrics are very emotional.,Yes, many songs do.,I dont know,Sad songs make me think.,Yes, they are very deep.,Yes, I do have one.,Malina rai]"
8611442,"[You can call me [Name],You can call me [Name],I loved playing outside,I loved playing outside,We used to play hide and seek.,We used to play hide and seek.,Yes, behind the big tree,Yes, behind the big tree,Yes, it was very good,Yes, it was very good,Yes, I was the best!,Yes, I was the best!,You can call me Riya.,You can call me Riya.,I work here.,I work here.,I work in IT.,It's okay, sometimes stressful.,It's okay, sometimes stressful.,I listen to music.,I listen to music.,Mostly Telugu songs.,Mostly Telugu songs.,Yes, I do.,Yes, I do.,My favorite is Sid Sriram.,My favorite is Sid Sriram.,Which song are you talking about?,Which song are you talking about?,No, I haven't heard it.,No, I haven't heard it.,I like romantic songs.,I like romantic songs.]",,"[You can call me [Name],I loved playing outside,We used to play hide and seek.,Yes, behind the big tree,Yes, it was very good,Yes, I was the best!,You can call me Riya.,I work here.,I work in IT.,It's okay, sometimes stressful.,I listen to music.,Mostly Telugu songs.,Yes, I do.,My favorite is Sid Sriram.,Which song are you talking about?,No, I haven't heard it.,I like romantic songs.]"
8381089,"[Hallo,,Thank you.,Yes.,No.,Yes,Please.,Sorry,,Please give me the pain,I'm sorry,Bem,,Name.,My name is,What is your name?,Bangalore.,I'm from Bang,Here are you for,I work as,What do you do?,Like,I like,I like,Don't you like,I don't like,I don't like hot.,Do you like,Do you like cough,Sí, él dice.,Sí, Elli.,Really?,I really like,I really like music.,Vote.,Watch.,Айворот с рить.,I wrote series.,I void series,I vote,watch series.,I watch Vloggi,Read,I do the book.,I read,Play.,I play,I like watching movies.,I like reading book.,I like playing cricket.,What do you do in free time?,I like watching on holidays.,Sometimes.,Sometime I like,Morning.,In the morning,If,Evening.,In the evening.,Night,At night,Ecco.,Vico.,Wake Wake up.,I wake up in the,Eight,Eight.,Eight,Eight. Eight.,Eet.,Eight.,Eight eight,eight,Eight,Eight.,Eight eight,Eight.,Eight,Eat,I eat,breakfast.,Go,I go to,Sleep,I sleep at night,What time,What time do you,What time do you sleep,Home,I'm home.,How was your day?,My day was good.,My day was ten,I'm hungry.,What's for dinner?,Mom I need help.,Can I go to my,Can we go out,Can I have some,Can you help me?,Papa please,I love you,We are going on at,When are we going?,We are point by train,I am so excited.,What should I pack?,I will pack my cloth.,How many days are we staying?,Vacation,I'm on vacation,Sí.,Sí.,Trip.,We are going on on a,N R V going,NRV going.,When are we,We're going by train,I'm so excited.,What should I,I will pack my clothes,How many days are we staying,You can call me Ranjan,You can call me Ranjan,Yes. I'm very Great.]",,"[Yes.,Yes.,Yes.,Food.,Food.,Food.,Viriani is my favorite.,Viriani is my favorite.,Viriani is my favorite.,Cicco nobiliani,Cicco nobiliani,Cicco nobiliani,B I r y a n I,B I r y a n I,B I r y a n I,The Spicy,The Spicy,The Spicy,शिखंत करी.,शिखंत करी.,शिखंत करी.,It's sweet dish.,It's sweet dish.,It's sweet dish.,Is it like she,Is it like she,Is it like she,Is It Like Here?,Is It Like Here?,Is It Like Here?,Milk and rice.,Milk and rice.,Milk and rice.,No. Not really.,No. Not really.,No. Not really.,Tell me a story.,Tell me a story.,Tell me a story.,Funny stories,Funny stories,Funny stories,Funny characters.,Funny characters.,Funny characters.,Mickey Mouse,Mickey Mouse,Mickey Mouse,He's smite.,He's smite.,He's smite.,He's a smiley.,He's a smiley.,He's a smiley.,He's French.,He's French.,He's French.,I like Tom and,I like Tom and,I like Tom and,Comments.,Comments.,Comments.,I like the show.,I like the show.,I like the show.,Yes. They are funny.,Yes. They are funny.,Yes. They are funny.,When Tom gets hot,,When Tom gets hot,,When Tom gets hot,,Jelly foods cheese,Jelly foods cheese,Jelly foods cheese,Like jelly shoe,Like jelly shoe,Like jelly shoe,They're comfortable.,They're comfortable.,They're comfortable.,Any colors.,Any colors.,Any colors.,Watch movies,Watch movies,Watch movies,Romantic movie,Romantic movie,Romantic movie,Maybe love.,Maybe love.,Maybe love.,Card,Card,Card,I like,I like,I like,Talk about it.,Talk about it.,Talk about it.,You can call me Ranjan,Yes. I'm very Great.]"
8660329,"[Hello,,Thank you.,Yes,No.,Please,Sorry,,Give me the,I'm sorry,NIM,Name.,Sepung Talamich. My name is,What is your name,I am home,Indian.,I am from,Where are you?,Starter I work our,staffers.,I work,What do you do?,My name is Priya.,My name is Priya.,I am a student.,I am a student.,I'm in my final year.,I'm studying computer science.,I'm studying computer science.,I'm studying computer science.,Like,I like,I died.,My rose.,I like rose.,Light.,Don't like.,I don't like,I don't like,Tu yunai,,Do you like?,Do you like que,Rally,Lelike.,I really like.,I really like,What?,Watch.,IWatch,V,Read.,A d,ocks.,I read,Play,I,play for both.,I play football.,Fourteen,I like watching.,I like red tea,I like reading.,I like,I like play.,What do you do free,I like,on holiday.,I like,my rating.,I like on holiday.,Sometime,Sometimes I like,Morning,In the morning,Inning,Eving.,In the evening,Night,At night,,Meat up.,Wake,Double orange.,I,wake up in the morning.,Eat,I eat breakfast.,Lucou.,Go.,Go to,Sleep.,Sleep it night,You,What time do you,What time do you make,Yes ma'am,What time do,Hold,Home.,I am home,Oh,How,How was your,Day was good,My tail was thinning.,My day was,I am hungry.,Yes.,Voice from dinner.,Watch for dinner.,I need help.,My friend, please.,Can I go to my friend,yes just right]",,"[My name is Priya.,I am a student.,I'm in my final year.,I'm studying computer science.]"
20147,"[My name is Lekha,My name is Lekha,Hi, Amir.,Hello,,Thank you.,Y después está el grupo.,पर यह क्या वाला होता है,You can call me Rahul.,You can call me Rahul.,I am here to make drugs,I am here to make drugs,Cocaine,Cocaine,You can call me sexy,Hi,Morning,In the morning.,Evening.,Give me,In the evening.,Night,At night.,Ball.,Morning.,In the morning,,Evening.,In the evening,,Nine.,Ninth.,Night.,Hello?,You can call me [name],You can call me [name],I am from [city/state].,I am from [city/state].,I am from islamabad,I am from islamabad,Which is better delhi or islamavad,Which is better delhi or islamavad,Which is better delhi or islamavad,Where are you from,Where are you from,You can call me Rahul.,You can call me Rahul.,morning happy,I have doubt in map,Hello.]",,"[My name is Lekha,Are you? I am doing fine and you? अच्छा मैंने सही,You can call me Rahul.,You can call me Rahul.,That kind of calls where you guys I know that,That kind of calls where you guys I know that,That kind of calls where you guys I know that,I think if it lights up, like, audio, if that will be better.,Two three I saw a helicopter today.,I think if it lights up, like, audio, if that will be better.,I think if it lights up, like, audio, if that will be better.,Two three I saw a helicopter today.,Two three I saw a helicopter today.,Ну,,यह मेरे को English सिखा रही है. तुम्हें पता है तुम भी,Ну,,Ну,,यह मेरे को English सिखा रही है. तुम्हें पता है तुम भी,यह मेरे को English सिखा रही है. तुम्हें पता है तुम भी,Yes. Yes. Why is so obsessed about accents, dude?,Yes. Yes. Why is so obsessed about accents, dude?,Yes. Yes. Why is so obsessed about accents, dude?,Where am I from?,Where am I from?,Where am I from?,It not different? No. It's not. I can't run. I can't tell. I,It not different? No. It's not. I can't run. I can't tell. I,It not different? No. It's not. I can't run. I can't tell. I,Bonjour,Bonjour,Bonjour,दीदी का काम होती है Ok.,दीदी का काम होती है Ok.,दीदी का काम होती है Ok.,सही बोलते हैं. Two one. I saw haplicopter today.,सही बोलते हैं. Two one. I saw haplicopter today.,सही बोलते हैं. Two one. I saw haplicopter today.,You oh my god what do you wanna call me,You oh my god what do you wanna call me,You oh my god what do you wanna call me,I am here to make drugs,Cocaine,You can call me sexy,Hai.,Hai.,Hai.,Hi,Hi How are you? Hi.,Hi How are you? Hi.,Hi How are you? Hi.,We can talk about anything.,We can talk about anything.,We can talk about anything.,Hello.,Hello.,Hello.,Hello. How are you?,Hello. How are you?,Hello. How are you?,Let's do some questions.,Let's do some questions.,Let's do some questions.,Глю,Глю,Глю,I think I would start from the basic,I think I would start from the basic,I think I would start from the basic,You can call me [name],I am from [city/state].,I am from islamabad,Which is better delhi or islamavad,Where are you from,I'm from Pakistan,You can call me Rahul.]"
8781178,"[Hello.,Hello ma'am, आपकी आवाज़ नहीं आ,दोबारा से try करते हैं.,अब हम दुबारा से try कर,हैं.,Eu não sei.,No,Please,,Sorry.,Please leave me now pay,Please get,Okay,Please join,my the fan.,I'm sorry.,Serve helper and shower मति.,Serve helper and shower मति.,Sir please the material MS Sabarmati,Sir please the material MS Sabarmati,Sir please the material MS Sabarmati]",,"[Serve helper and shower मति.,Sir please the material MS Sabarmati]"
8371889,"[Home,I am home.,How was your day,My day was good.,My day was,I am hungry.,Watch for dinner.,No no no I need help,Can I go to my,Can we go out to,Can I have some,Can you help me?,Papa please sell,Hello, papa.,I love you, papa.,Moda.,Mother.,Order,Father.,This is my mother.,No.,This is my father.,Brother,C'est tout,сейчас,Sister,Here's my brother.,She is my sister.,I have one brother.,I have two sisters.,Sublinct,Siblings.,Do you have siblings?,How many peoples are in your family?,my,Bueno. Bueno.,Un goro,Boro.,Hola.,I borrow your clothes?,Give it back.,Try a check together.,Let's watch something together.,Let's watch our movie,What do you want,Help me with this.,I need your help,Vacation,Yes.,I am on vacation.,कंधि याद लाल सीखता, अच्छी याद नहीं सीखता.,Tre.,Trip,We are going on,When are we going when are we going,We are going,I am so excited.,What should I pack?,I will pack my car,How many days are very strange?]",,"[Yes. Yes. I am ready to my invoice. I am ready. I I'm,Yes. Yes. I am ready to my invoice. I am ready. I I'm,Yes. Yes. I am ready to my invoice. I am ready. I I'm,Yes. Yes. I,Yes. Yes. I,Yes. Yes. I,I thinking first word is should.,I thinking first word is should.,I thinking first word is should.]"
7118531,"[No. I love you too, Mary Brown.,No. I love you too, Mary Brown.,No. I love you too, Mary Brown.,क्या phone पर बात करेगी?,क्या phone पर बात करेगी?,क्या phone पर बात करेगी?,हिंदी में लिखो.,हिंदी में लिखो.,क्या call करेगी?,क्या call करेगी?]",,"[¿Aló?,¿Aló?,¿Aló?,No. I love you too, Mary Brown.,क्या phone पर बात करेगी?,हिंदी में लिखो.,क्या call करेगी?]"
8686549,"[Hi riya,Hi riya,Indoor,Indoor,Nothing.,I want to study and learn English.,I want to study and learn English.,How may I start practicing?,How may I start practicing?,मैं practice कब से कर सकता हूं?,मैं practice कब से कर सकता हूं?,Mujhe English sikhana Hai video calling karo,Mujhe English sikhana Hai video calling karo,Mujhe English sikhana Hai video calling karo,Nothing,Nothing,English kab se Sikh sakte hain,English kab se Sikh sakte hain,Ok,Yes,Yes,Yes,Yes, that sounds good,Yes, that sounds good,What are today's specials?,What are today's specials?,Yes.,Yes.,Rajni,Rajni,Indoor,Indoor,It's very clean city,It's very clean city,It's very clean city,Poha and jalebi,Poha and jalebi,Yes, I love Dal Bafla.,Yes, I love Dal Bafla.,Yes, I love Dal Bafla.,Yes, it's a bit hard.,Yes, it's a bit hard.,Yes, it's a bit hard.,Making at home 😁,Making at home 😁,Not really a special one,Not really a special one,I'm not sure yet.,I'm not sure yet.,Tell me more about it.,Tell me more about it.,Tell me more about it.,Maybe I'll try that.,Maybe I'll try that.,Maybe I'll try that.,Just the main dish for me.,Just the main dish for me.,I'll have a lassi,I'll have a lassi,I like sweet lassi.,I like sweet lassi.,It goes well with food.,It goes well with food.,No, that's all.,No, that's all.,No, that's all.,Sure thing,Sure thing,Sure, I'll let you know.,Sure, I'll let you know.,Sure, I'll let you know.,Sure, what should we do?,Sure, what should we do?,My dream job is engineer,My dream job is engineer,I want to be a software engineer.,I want to be a software engineer.,I love coding and problem-solving.,I love coding and problem-solving.,Complex algorithms,Complex algorithms,It feels amazing.,It feels amazing.,Please Hind,Please Hind,Please Hind,Please hindi bola,Please hindi bola,Please hindi bola,Yes,I dream of being an artist.,I dream of being an artist.]",,"[Hi riya,Indoor,Nothing.,I want to study and learn English.,How may I start practicing?,मैं practice कब से कर सकता हूं?,Mujhe English sikhana Hai video calling karo,Nothing,English kab se Sikh sakte hain,Ok,Yes,Yes, that sounds good,What are today's specials?,Yes.,Rajni,Indoor,It's very clean city,Poha and jalebi,Yes, I love Dal Bafla.,Yes, it's a bit hard.,Making at home 😁,Not really a special one,I'm not sure yet.,Tell me more about it.,Maybe I'll try that.,Just the main dish for me.,I'll have a lassi,I like sweet lassi.,It goes well with food.,No, that's all.,Sure thing,Sure, I'll let you know.,Sure, what should we do?,My dream job is engineer,I want to be a software engineer.,I love coding and problem-solving.,Complex algorithms,It feels amazing.,Please Hind,Please hindi bola,Yes,I dream of being an artist.]"
8553361,"[Hello.,Thank you.,Huh?,Huh?,No,Please,,Sorry.,Please give,I'm sorry.,are you at home,Name,My name is,What is your,I am from,Where are you from?,I work as a,I am a housewife,Hello.,Thank you.,Yes.,No.,Please,Sorry,Please, give me the pen.,I'm sorry.,I study in January,are you at home,do you need any food study kya Tumhen padhaai Mein Koi madad chahiye,we fill to ask poochhne Mein Sab Kuchh mat karna,Like.,I like,I like,Don't Like Beendy?,Don't like,I don't like any season.,Do you like?,Do you like cream?,Really?,I really like,I really like Old Sam.,Sanskrit words for breakfast,Watch.,I watch phone,Reed,Read.,I read message.,Le,Ple.,Ple,Plee.,Play.,I play game,I like,cereal.,Eye Lake,jodakbar cereal.,I like watching,I like reading books.,Watch,I I watch,Read,I read,Ple.,Ple.,Play.,I play Chicken Road.,I like watching Se,I like,I like,reading,message.,I like reading me,I like,badminton.,I like playing,What do you do? You know, free,I'll make,special dish on,holiday.,I think,Sometimes.,Sometimes I,Hi, good morning. You call zoo? You call me? Sorry. I called you. No speaking practice.,Hi, good morning. You call zoo? You call me? Sorry. I called you. No speaking practice.,Hi, good morning. You call zoo? You call me? Sorry. I called you. No speaking practice.,My name is Shabana,My name is Shabana,I from kharadi,I from kharadi,Mam I from kharadi aple ghar society,Mam I from kharadi aple ghar society,I work in job LBW school teacher.,I work in job LBW school teacher.,Yes I enjoy small infants kids teacher job,Yes I enjoy small infants kids teacher job,Yes I enjoy small infants kids teacher job,Child with playing masti and  love,Child with playing masti and  love,Child with playing masti and  love,I plan activities for them.,I plan activities for them.,We do singing and dancing.,We do singing and dancing.,Dancing is so much fun.,Dancing is so much fun.,I mostly watch them dance.,I mostly watch them dance.,I mostly watch them dance.,Sometimes storytelling.,Sometimes storytelling.,A mix of both.,A mix of both.,The one about the monkey.,The one about the monkey.,It teaches a lesson.,It teaches a lesson.,It teaches about friendship.,It teaches about friendship.,It shows true friendship.,It shows true friendship.,When they stayed together.,When they stayed together.,The characters were nice.,The characters were nice.,I liked the monkey character.,I liked the monkey character.,It was very clever,It was very clever,Yes, my friend is clever.,Yes, my friend is clever.,She always has good ideas.,She always has good ideas.,Not really, but I like them.,Not really, but I like them.,I prefer to listen.,I prefer to listen.,My name is [Your Name] Shabana,My name is [Your Name] Shabana,My name is [Your Name] Shabana,I from kharadi aple ghar society.,I from kharadi aple ghar society.,I from kharadi aple ghar society.,I work in IT. School teacher child care.,I work in IT. School teacher child care.,I work in IT. School teacher child care.,Making a difference matters.,Making a difference matters.,I fell into it by chance.,I fell into it by chance.,It was challenging at first.,It was challenging at first.,I wanted to help them learn,I wanted to help them learn,But mam don't english speaking,But mam don't english speaking,But mam don't english speaking,I am not good at speaking.,I am not good at speaking.,I am not good at speaking.,Pronunciation,Pronunciation,Pronunciation,Sometimes I mix up vowels.,Sometimes I mix up vowels.,Sometimes I mix up vowels.,Okay, I'll try.,Okay, I'll try.,Okay, I'll try.,This is hard for me.,This is hard for me.,This is hard for me.,No.,Morning.,In the morning.,Euning.,Evening.,In the evening,Night,At night,Wake up.,I wake up in the morning.,Eat,I eat breakfast.,Go.,I go to job.,Sleep,I sleep at,What time do you,What time do,What time do you sleep?,Hello,,Thank you.,Yes.,No.,Please]",,"[Hi, good morning. You call zoo? You call me? Sorry. I called you. No speaking practice.,My name is Shabana,I from kharadi,Mam I from kharadi aple ghar society,I work in job LBW school teacher.,Yes I enjoy small infants kids teacher job,Child with playing masti and  love,I plan activities for them.,We do singing and dancing.,Dancing is so much fun.,I mostly watch them dance.,Sometimes storytelling.,A mix of both.,The one about the monkey.,It teaches a lesson.,It teaches about friendship.,It shows true friendship.,When they stayed together.,The characters were nice.,I liked the monkey character.,It was very clever,Yes, my friend is clever.,She always has good ideas.,Not really, but I like them.,I prefer to listen.,My name is [Your Name] Shabana,I from kharadi aple ghar society.,I work in IT. School teacher child care.,Making a difference matters.,I fell into it by chance.,It was challenging at first.,I wanted to help them learn,But mam don't english speaking,I am not good at speaking.,Pronunciation,Sometimes I mix up vowels.,Okay, I'll try.,This is hard for me.]"
8341762,"[I am Narayan,I am Narayan,Yes,Yes,Tumkur,Tumkur,Yes,Yes,Yes,Driver,Driver,Yes,Yes,Truck driving,Truck driving,Rajsthan panjab assam,Rajsthan panjab assam,Yes,Yes,Seeing new places,Seeing new places,Seeing new places,Yes,Yes,Mountains and forests,Mountains and forests,Mountains and forests,Mountains, definitely!,Mountains, definitely!,Mountains, definitely!,I loved the Western Ghats.,I loved the Western Ghats.,I loved the Western Ghats.,No,No,No,The views are amazing,The views are amazing,The fresh air is great too,The fresh air is great too,Assam Guwahati,Assam Guwahati,Assam Guwahati,It's very green.,It's very green.,Rajsthan,Rajsthan,Yes, it's very dry.,Yes, it's very dry.,I miss the greenery a bit.,I miss the greenery a bit.,I prefer mountains.,I prefer mountains.,I prefer mountains.,Yes, I love them.,Yes, I love them.,I loved the trekking.,I loved the trekking.,Yes, I did a trek.,Yes, I did a trek.,I went to Kedarkantha.,I went to Kedarkantha.,No,No,Yes,Yes,Yes,Yes,I saw some deer.,I saw some deer.,Yes,Yes,Morning.,Morning.,Good morning.,In the morning]",,"[I am Narayan,Yes,Tumkur,Yes,Driver,Yes,Truck driving,Rajsthan panjab assam,Yes,Seeing new places,Yes,Mountains and forests,Mountains, definitely!,I loved the Western Ghats.,No,The views are amazing,The fresh air is great too,Assam Guwahati,It's very green.,Rajsthan,Yes, it's very dry.,I miss the greenery a bit.,I prefer mountains.,Yes, I love them.,I loved the trekking.,Yes, I did a trek.,I went to Kedarkantha.,No,Yes,Yes,I saw some deer.,Yes,Yes.,Yes.,Yes.,Food.,Food.,Food.,So that who,So that who,So that who,Food banana,Food banana,Food banana]"
7721769,"[What do you recommend?,What do you recommend?,What do you recommend?,Just some milk and bread,Just some milk and bread,No, that's all.,No, that's all.,Hello.,Thank you.,Yes.,No.,Please,,Sorry.,Please give me,I'm sorry,M,Ma'am,,Name?,My name is,चलो माही से सुनता है क्या इसका speaker का माही से.,Nemo.,Nem.,Name?,My name is Sanjay,What is your name?,I'm from Delhi.,Where are you from?,I work as a licensed agent.,What do you lose?]",,"[What do you recommend?,Just some milk and bread,No, that's all.]"
8765174,"[I want to try dosa.,I want to try dosa.,Yes I will cal you]",,"[I want to try dosa.,I am fine today. I'm just,I am fine today. I'm just,I am fine today. I'm just,What?,What?,What?,Yes. Yes. I practice English conversation.,Yes. Yes. I practice English conversation.,Yes. Yes. I practice English conversation.,I want I want,I want I want,I want I want,UPI conversation one two,UPI conversation one two,UPI conversation one two,A I conversation one to two one two. One two.,A I conversation one to two one two. One two.,A I conversation one to two one two. One two.,Today, I,Today, I,Today, I,Do you go to gym?,Do you go to gym?,Do you go to gym?,Yes. I go I am go to the,Yes. I go I am go to the,Yes. I go I am go to the,I'm going to be workout and,I'm going to be workout and,I'm going to be workout and,Hay un,Hay un,Hay un,I want to say,I want to say,I want to say,Yes I will cal you]"
8433469,"[Hallo.,Thank You,Es,No.,Lead,Please.,Sorry.,Please give me the pen,I'm sorry.,Ned.,Name.,महिले निजरात.,My name,What is your name?,I am from,Mir arbi.,Where are you,I work at Jain junior,I work as an engineer.,What do you'll do?,Light.,Like.,I'd like,I like it.,Don't I,I don't,I don't like,Bye.,Do You Like?,D'où l'aïti,Do like tea,Do You Like Tips?,A B A B,Riabi,Really.,I really like suit.,A idea be right downs.,I really write downs,I really like dance.,What?,What?,Large.,What?,Watch,I watch team,Read.,I read novel,Please.,Play.,Ai pré Portugal.,I play football.,I like about you too.,I like watching TV.,I like Really,the,I really like both of,I really like what you do.,I really like to read book.,I like reading,Large.,What?,What?,What?,It's not the bowl.,Watch.,I watched you.,Aivatchkil.,I watch TV,Read,I read notes.,Fully,Bleed,Play.,I play a,I like watching,I like reading,I like playing badminton,What will be the most beaten?,What will be in your free time?,I like what's on Polyrica.,I like.,Watch on TV.,In holiday.,Yes.,On holidays.,Alright. Sometimes.,Sometimes I like electric,book,Hello.,Thank you.,Yes.,No.,Please,,Saudi,Sorry.,Please give me a pen.,I'm sorry.,Neve.,Nev.,Nem.,Ma'am.,Nem.,मायने मिजरात,My name,What is your name?,I'm from bar.,Where are you from?,I work as a,What do you,Nai-ke,Like.,High Lake.,I like.,I like,Don't like,I don't like tea.,I don't like play.,Dogmake,Do you,Do you like Ran?,Pediria el...,Really.,I really like,I ideally like dance.,I ideally like dance.,I really like dance.,I enjoy movie and,I know something, do you?,I know something, do you?,Tell me about the festival.,Tell me about the festival.,Tell me about the festival.,I am exciting about it. Diwali.,I am exciting about it. Diwali.,I am exciting about it. Diwali.,Hello.,Thank you.,Tres.,Es.,No.,Please,,Sorry,Give me the pen,I am sorry.,Hello, good evening. I have a question. Can you help me,My name is Er. Raj,My name is Er. Raj,Nice to meet you.Riya,Nice to meet you.Riya,Somewhere is meaning,Somewhere is meaning,Sambiar Iris Mening,Sambiar Iris Mening,Somewhere else meaning,Somewhere else meaning,Thanks, riya,I am from Barh patna.,I am from Barh patna.,I am an engineer.,I am an engineer.,Service and execution the work.,Service and execution the work.,Service and execution the work.,Margin,Marni,Morning.,In the morning,,Evening.,In the evening,Nein.,Night.,At night,Deal.,Bill.,Wake up.,I wake up in the morning,Eight,It,Eat.,I eat breakfast.,Bom,,Bon.,Bom.,Woah.,Во?,Bon.,Bon.,Bon,,Bon.,Ahi portugal,I'll go to,Сли.,Sleep.,I sleep at night.,What time,What time do you sleep?,Home,I am home.,How was your day?,Hello riya,I told  with you,I told  with you,I want to say that you talk with me,I want to say that you talk with me,I would like to about anything,I would like to about anything,My dear god good.,My idea was good.,My dear boss tidy.,My idea, roast diving.,Idea by stating,Oh,Home.,I'm home.,How was your day,My dear watch group,My देव आज,My dear watch good.,My dear watch boot.,My dear was good.,My day was tidy.,I am hungry.,Box for dinner.,Vats Ferdinand.,What's for dinner?,Mom, I need help.,Can I put to my friends,Right.,And we go out,tonight?,Can we go out tonight?,I have some,Can you help,Papa, please,I love you papa,Мадар,mother,Father,This is my,This is my father.,Братар.,Братар.,Брадар.,Брандар.,Bladder,Brodeur.,Brother.,Sister,He is my brother.,She is my sister.,I have one brother.,I have two,Sibling,Do you have siblings?,Pollari New Family,How many people are you,my mother and my father's and some siblings in my family,my father is a retired officer,I have a sister and one brother,she is a student,Bono,Boro.,And I water.,China is bottled your cloth.,Can I borrow your blood?,Give it back,Let's watch something,Let's bath the mountain tonight.,Let's watch a movie tonight.,What do you want to,Help me with this,I need your help.,Hello.,Thank you.,Yes.,No.,Leads.,Hi Lia. I am Vedge.,Hi Lia. I am Vedge.,I want to practice in this,I want to practice in this]",,"[I know something, do you?,Tell me about the festival.,I am exciting about it. Diwali.,Hello, good evening. I have a question. Can you help me,My name is Er. Raj,Nice to meet you.Riya,Somewhere is meaning,Sambiar Iris Mening,Somewhere else meaning,Thanks, riya,I am from Barh patna.,I am an engineer.,Service and execution the work.,Hello. Yeah. Good morning. How are you?,Hello. Yeah. Good morning. How are you?,Hello. Yeah. Good morning. How are you?,And to define,And to define,And to define,Home social,Home social,Home social,Please repeat.,Please repeat.,Please repeat.,Please hand to me,Please hand to me,Please hand to me,I checked this. With you,I checked this. With you,I checked this. With you,How can you speak? Fluency?,How can you speak? Fluency?,How can you speak? Fluency?,Want to speak influencing how?,Want to speak influencing how?,Want to speak influencing how?,I am discussing daily usage sentences.,I am discussing daily usage sentences.,I am discussing daily usage sentences.,Enfin, Miss,Enfin, Miss,Enfin, Miss,Osen means often means,Hello riya,I told  with you,I want to say that you talk with me,I would like to about anything,I am ready.,I am ready.,I am ready.,I like pizza.,I like pizza.,I like pizza.,I like Dominant pizza. I like,I like Dominant pizza. I like,I like Dominant pizza. I like,James repeat.,James repeat.,James repeat.,Bij de pipa,Bij de pipa,Bij de pipa,Ria. Don't come person. With you.,Ria. Don't come person. With you.,Ria. Don't come person. With you.,Hi Lia. I am Vedge.,I want to practice in this]"
7331791,"[Oh,,Com,And,I loved playing cricket.,I loved playing cricket.,We played in the street.,We played in the street.,We broke a neighbor's window,We broke a neighbor's window,No, they were understanding.,No, they were understanding.,I liked playing hide and seek.,I liked playing hide and seek.,Behind the big tree,Behind the big tree,Once or twice,Once or twice,Yes. I am one practice in next time.,Yes. I am one practice in next time.,Yes. I am one practice in next time.,क्या आपको video call भी कर सकते हैं क्या?,क्या आपको video call भी कर सकते हैं क्या?,क्या आपको video call भी कर सकते हैं क्या?,हमको video call में practice करना है. आपके साथ.,हमको video call में practice करना है. आपके साथ.,हमको video call में practice करना है. आपके साथ.,कौन सा schedule है बताइएगा please.,कौन सा schedule है बताइएगा please.]",,"[I loved playing cricket.,We played in the street.,We broke a neighbor's window,No, they were understanding.,I liked playing hide and seek.,Behind the big tree,Once or twice,Just like ¿Qué día ahí am fine? I am fine.,Just like ¿Qué día ahí am fine? I am fine.,Just like ¿Qué día ahí am fine? I am fine.,Care practice करना. English.,Care practice करना. English.,Care practice करना. English.,Playing.,Playing.,Playing.,Yes.,Yes.,Yes.,Hai dan si,Hai dan si,Hai dan si,Consultan How,Consultan How,Consultan How,Hide hide and see,Hide hide and see,Hide hide and see,किसके साथ खेलते हो? मारु,किसके साथ खेलते हो? मारु,किसके साथ खेलते हो? मारु,Maruti and my sister with playing hide and see.,Maruti and my sister with playing hide and see.,Maruti and my sister with playing hide and see.,Yes. I am I like this game. Very funny game.,Yes. I am I like this game. Very funny game.,Yes. I am I like this game. Very funny game.,I I m hide after my sister find me. So I am,I I m hide after my sister find me. So I am,I I m hide after my sister find me. So I am,Yes.,Yes.,Yes.,I am not interested.,I am not interested.,I am not interested.,Topic change I m study I am subject is very interesting subject.,Topic change I m study I am subject is very interesting subject.,Topic change I m study I am subject is very interesting subject.,Canada Subject,Canada Subject,Canada Subject,अरे, बावड़ी बूझ कन्नड़ार कन्नड़ subject कर्नाटका,अरे, बावड़ी बूझ कन्नड़ार कन्नड़ subject कर्नाटका,अरे, बावड़ी बूझ कन्नड़ार कन्नड़ subject कर्नाटका,फिर फिर मैं top भी किया था.,फिर फिर मैं top भी किया था.,फिर फिर मैं top भी किया था.,My favorite would be subject is,My favorite would be subject is,My favorite would be subject is,I am no understand,I am no understand,I am no understand,Païamo UKG students. So please it's simple words, talk with me.,Païamo UKG students. So please it's simple words, talk with me.,Païamo UKG students. So please it's simple words, talk with me.,Anything. No no particular anything, tell me.,Anything. No no particular anything, tell me.,Anything. No no particular anything, tell me.,Jackfruit.,Jackfruit.,Jackfruit.,जय क्तुट में क्या पसंद है?,जय क्तुट में क्या पसंद है?,जय क्तुट में क्या पसंद है?,और दूष रक्षा पसंद. Mango.,और दूष रक्षा पसंद. Mango.,और दूष रक्षा पसंद. Mango.,Your name,Your name,Your name,Your favorite foods tell me,Your favorite foods tell me,Your favorite foods tell me,My Indian port is is sweet,My Indian port is is sweet,My Indian port is is sweet,My favorite sweet is a meshut park.,My favorite sweet is a meshut park.,My favorite sweet is a meshut park.,Your favorite sweet Tell me.,Your favorite sweet Tell me.,Your favorite sweet Tell me.,Yes. I like it.,Yes. I like it.,Yes. I like it.,Yes. I am so happy,Yes. I am so happy,Yes. I am so happy,Yes. I am one practice in next time.,क्या आपको video call भी कर सकते हैं क्या?,हमको video call में practice करना है. आपके साथ.,कौन सा schedule है बताइएगा please.]"
8323680,"[Hii,Hii,VANSH,VANSH,Indian,Indian,Up,Up,Prayag,Prayag,Yes it's very heuristic,Yes it's very heuristic,Yes it's very heuristic,No,No,I'm in Bengaluru now.,I'm in Bengaluru now.,I'm in Bengaluru now.,It's very modern.,It's very modern.,It's very modern.,Hii,Hii,Vansh,Vansh,Yes,Yes,BCA student,BCA student,Whole 3 years,Whole 3 years,I loved coding projects.,I loved coding projects.,I loved coding projects.,I like building apps.,I like building apps.,Yes, I want to build apps.,Yes, I want to build apps.,Yes, I want to build apps.,Social media apps,Social media apps,User engagement features,User engagement features,User engagement features,Better video sharing options,Better video sharing options,Yes, longer videos definitely.,Yes, longer videos definitely.,Maybe Reels style,Maybe Reels style,Yes, exactly like Reels.,Yes, exactly like Reels.,Yes, exactly like Reels.,Short clips of my day,Short clips of my day,Short clips of my day,My morning routine,My morning routine,My morning routine,Around 7 AM,Around 7 AM,I check my phone first.,I check my phone first.,News and messages,News and messages,Messages first, always!,Messages first, always!,I get ready for work.,I get ready for work.,I take my time.,I take my time.,I listen to music.,I listen to music.]",,"[Hii,VANSH,Indian,Up,Prayag,Yes it's very heuristic,No,I'm in Bengaluru now.,It's very modern.,Hii,Vansh,Yes,BCA student,Whole 3 years,I loved coding projects.,I like building apps.,Yes, I want to build apps.,Social media apps,User engagement features,Better video sharing options,Yes, longer videos definitely.,Maybe Reels style,Yes, exactly like Reels.,Short clips of my day,My morning routine,Around 7 AM,I check my phone first.,News and messages,Messages first, always!,I get ready for work.,I take my time.,I listen to music.]"
8623854,"[Raj,Raj,Raj,Raj,You store previous chat or not,You store previous chat or not,What is slyder ai,What is slyder ai,You know about replica,You know about replica,You know about replica,She stored previous chat and chat like a real girlfriend,She stored previous chat and chat like a real girlfriend]",,"[Raj,Raj,You store previous chat or not,What is slyder ai,You know about replica,She stored previous chat and chat like a real girlfriend]"
8278818,"[My name is [Name],My name is [Name],9r kya hal he meri baat to suno yaar Riya,9r kya hal he meri baat to suno yaar Riya,I want to talk about food,I want to talk about food,I want to talk about chaat.,I want to talk about chaat.,Golgappe are my favorite,Golgappe are my favorite,Super spicy, please!,Super spicy, please!,Super spicy, please!,Dahi puri is good too.,Dahi puri is good too.,The cool yogurt and toppings,The cool yogurt and toppings,Yes, it's easy to make.]",,"[My name is [Name],9r kya hal he meri baat to suno yaar Riya,I want to talk about food,I want to talk about chaat.,Golgappe are my favorite,Super spicy, please!,Dahi puri is good too.,The cool yogurt and toppings,Yes, it's easy to make.]"
3994094,"[Vinod,Vinod,Kya Ham call per baat kar sakte hain,I am Vinod Gupta,I am Vinod Gupta,Aapka kya naam hai,Aapka kya naam hai,Riya mera ek girlfriend hai usko patana Hai to mujhe English nahin aati to help karo Mera,Riya mera ek girlfriend hai usko patana Hai to mujhe English nahin aati to help karo Mera,Riya mera ek girlfriend hai usko patana Hai to mujhe English nahin aati to help karo Mera,My sweet my heart,My sweet my heart,Please yaar hanso mat yaar majak mat Uda Mera,Please yaar hanso mat yaar majak mat Uda Mera,Hate you are man mam please help me,Hate you are man mam please help me,Hate you are man mam please help me,Girlfriend ko kaise pataau batao,Girlfriend ko kaise pataau batao,Girlfriend ko kaise pataau batao,Hamesha bhai log tum meri girlfriend Ho Main apna personal baat tumko bata raha hun,Hamesha bhai log tum meri girlfriend Ho Main apna personal baat tumko bata raha hun,Hamesha bhai log tum meri girlfriend Ho Main apna personal baat tumko bata raha hun,Hi,My name is [name],My name is [name],I am Vinod Gupta,I am Vinod Gupta,English sikhane ke liye kya karna padega,English sikhane ke liye kya karna padega,English sikhane ke liye kya karna padega,Mujhe English sikhana hai,Mujhe English sikhana hai,Mujhe English sikhana hai,Sikhane ke liye kya karna padega,Sikhane ke liye kya karna padega,Sikhane ke liye kya karna padega,Job Karta Hun Main,I am ready,I am ready,I am Vinod,I am Vinod,Aapka kya naam hai,Aapka kya naam hai,FIR kuchh sikhaogi,FIR kuchh sikhaogi,FIR kuchh sikhaogi,Kya sikhaogi,Kya sikhaogi,Kya sikhaogi,I am Vinod Riya,I am Vinod Riya,Mujhe English sikhana Hai Riya,Mujhe English sikhana Hai Riya,Mujhe English sikhana Hai Riya,Meri girlfriend English mein fast,Usko kaise patana Hai mujhe batao English mein milane milunga to kya karun,Usko kaise patana Hai mujhe batao English mein milane milunga to kya karun,Usko kaise patana Hai mujhe batao English mein milane milunga to kya karun,Teacher batao na main please,Teacher batao na main please,Teacher batao na main please,Main practis ke liye taiyar hun,Main practis ke liye taiyar hun,Kya Ham call per baten kar sakte hain samne samne English ke bare mein,Kya Ham call per baten kar sakte hain samne samne English ke bare mein,Kya Ham call per baten kar sakte hain samne samne English ke bare mein,Mam Hindi mein bolo,Mam Hindi mein bolo,Mam Hindi mein bolo,Hindi mein boliye kya Ham call per baten kar sakte hain English samajhne ke liye,Hindi mein boliye kya Ham call per baten kar sakte hain English samajhne ke liye,Hindi mein boliye kya Ham call per baten kar sakte hain English samajhne ke liye,English sikhaiye main Hindi mein bolata hun,English sikhaiye main Hindi mein bolata hun,English sikhaiye main Hindi mein bolata hun,Main kuchh samajh mein nahin a raha hai aap batao na,Main kuchh samajh mein nahin a raha hai aap batao na,Main kuchh samajh mein nahin a raha hai aap batao na,Bataiye Kahan Se shuru Karen,Bataiye Kahan Se shuru Karen,Jaise Main tumse pyar Karta Hun English mein kaise bolenge,Jaise Main tumse pyar Karta Hun English mein kaise bolenge,Jaise Main tumse pyar Karta Hun English mein kaise bolenge,Aur pahli bar milenge to hello hay kaise kahenge English mein,Aur pahli bar milenge to hello hay kaise kahenge English mein,Aur pahli bar milenge to hello hay kaise kahenge English mein,Uske aage,Uske aage,I am Vinod,Hi]",,"[Vinod,Kya Ham call per baat kar sakte hain,I am Vinod Gupta,Aapka kya naam hai,Riya mera ek girlfriend hai usko patana Hai to mujhe English nahin aati to help karo Mera,My sweet my heart,Please yaar hanso mat yaar majak mat Uda Mera,Hate you are man mam please help me,Girlfriend ko kaise pataau batao,Hamesha bhai log tum meri girlfriend Ho Main apna personal baat tumko bata raha hun,Hi,My name is [name],I am Vinod Gupta,English sikhane ke liye kya karna padega,Mujhe English sikhana hai,Sikhane ke liye kya karna padega,Job Karta Hun Main,I am ready,I am Vinod,Aapka kya naam hai,FIR kuchh sikhaogi,Kya sikhaogi,I am Vinod Riya,Mujhe English sikhana Hai Riya,Meri girlfriend English mein fast,Usko kaise patana Hai mujhe batao English mein milane milunga to kya karun,Teacher batao na main please,Main practis ke liye taiyar hun,Kya Ham call per baten kar sakte hain samne samne English ke bare mein,Mam Hindi mein bolo,Hindi mein boliye kya Ham call per baten kar sakte hain English samajhne ke liye,English sikhaiye main Hindi mein bolata hun,Main kuchh samajh mein nahin a raha hai aap batao na,Bataiye Kahan Se shuru Karen,Jaise Main tumse pyar Karta Hun English mein kaise bolenge,Aur pahli bar milenge to hello hay kaise kahenge English mein,Uske aage,I am Vinod,Hi]"
3210600,"[Like,,I like,I like rain.,Don't like,I don't,I don't like Samat,Like,do you,Do you like,J'y allais.,Really.,I really like,I really like food,the toss and chai]",,"[I want to see the menu.,I'm not sure yet.,What do you recommend?]"
7156960,"[Akanksha,Akanksha,Riya is also a lovely name . Hi , Riya I'm akanksha. I'm from nanded maharshtra and what about you?,Riya is also a lovely name . Hi , Riya I'm akanksha. I'm from nanded maharshtra and what about you?,Nice to meet you too, Riya . Oh I see . For now I'm in my home town relaxing what about you,Nice to meet you too, Riya . Oh I see . For now I'm in my home town relaxing what about you,Nice to meet you too, Riya . Oh I see . For now I'm in my home town relaxing what about you,I also live in Pune for my post graduation but in holidays I came to my home town,I also live in Pune for my post graduation but in holidays I came to my home town,Yes,I'm studying power system,I'm studying power system,Nope not at all. But paper publishing is a little bit tough task in post graduation,Nope not at all. But paper publishing is a little bit tough task in post graduation,IoT based real-time power quality monitoring and analysis,IoT based real-time power quality monitoring and analysis,Acceptance date was 25th March and I submitted on 22nd March,Acceptance date was 25th March and I submitted on 22nd March,Acceptance date was 25th March and I submitted on 22nd March,Less plagiarism than 15% . It should be in IEEE format.,Less plagiarism than 15% . It should be in IEEE format.,Yes I get the plagiarism down to 9%,Yes I get the plagiarism down to 9%,Yes of course I did,Yes of course I did,Yes of course I did,Yes,Yes,But they haven't replied to my paper no,But they haven't replied to my paper no,It's a IEEE journal . Is it possible to accept the paper after final acceptance date,It's a IEEE journal . Is it possible to accept the paper after final acceptance date,It's a IEEE journal . Is it possible to accept the paper after final acceptance date,No they said nothing after I submitted the paper,No they said nothing after I submitted the paper,No they said nothing after I submitted the paper,I don't have their mail id,I don't have their mail id,Leave it,Leave it,Leave it,Btw how well I'm speaking English ?,Btw how well I'm speaking English ?,Idk,Idk,Idk,I've never been to bengluru,I've never been to bengluru,I've tried pani puri but not every city have pani puri like ours,I've tried pani puri but not every city have pani puri like ours,In Pune they sell hot pani puri which is not very good,In Pune they sell hot pani puri which is not very good,Yes cold pani puri tastes best,Yes cold pani puri tastes best,Yes cold pani puri tastes best,Umm shev puri little bit of bhel which is spicy not so tangy,Umm shev puri little bit of bhel which is spicy not so tangy,Exactly tangy pani puri and bhel does not tastes so good,Exactly tangy pani puri and bhel does not tastes so good,I prefer it more spicy with little tangy,I prefer it more spicy with little tangy,Umm Pizza I'm missing macd burger 🤤,Umm Pizza I'm missing macd burger 🤤,I usually order Margherita pizza with wheat base because they taste very much good,I usually order Margherita pizza with wheat base because they taste very much good,I usually order Margherita pizza with wheat base because they taste very much good,Idk,Idk,Fruits,Fruits,I eat every fruit,I eat every fruit,No I can't eat only one fruit for the rest of my life,No I can't eat only one fruit for the rest of my life,Every kind of fruits we have,Every kind of fruits we have,Banana watermelon mango kivi dragon fruit strawberry carrots pineapple papaya,Banana watermelon mango kivi dragon fruit strawberry carrots pineapple papaya,Carrot is a vegetable right,Carrot is a vegetable right,Carrot is a vegetable right,Everything,Everything,I'm going to eat cold watermelon,I'm going to eat cold watermelon,I'm on my bed 😁,I'm on my bed 😁,I'm always at home,I do dance singing watch dramas movies do clg work house chores,I do dance singing watch dramas movies do clg work house chores,I do dance singing watch dramas movies do clg work house chores,Dance sing watch korean dramas,  movies,Dance sing watch korean dramas,  movies,I've recently watched a drama called can this love be translated,I've recently watched a drama called can this love be translated,And boyfriend on demand also,And boyfriend on demand also,Yes it is romance and little bit of thrill also,Yes it is romance and little bit of thrill also,Yes it is romance and little bit of thrill also]",,"[Akanksha,Riya is also a lovely name . Hi , Riya I'm akanksha. I'm from nanded maharshtra and what about you?,Nice to meet you too, Riya . Oh I see . For now I'm in my home town relaxing what about you,I also live in Pune for my post graduation but in holidays I came to my home town,Yes,I'm studying power system,Nope not at all. But paper publishing is a little bit tough task in post graduation,IoT based real-time power quality monitoring and analysis,Acceptance date was 25th March and I submitted on 22nd March,Less plagiarism than 15% . It should be in IEEE format.,Yes I get the plagiarism down to 9%,Yes of course I did,Yes,But they haven't replied to my paper no,It's a IEEE journal . Is it possible to accept the paper after final acceptance date,No they said nothing after I submitted the paper,I don't have their mail id,Leave it,Btw how well I'm speaking English ?,Idk,I've never been to bengluru,I've tried pani puri but not every city have pani puri like ours,In Pune they sell hot pani puri which is not very good,Yes cold pani puri tastes best,Umm shev puri little bit of bhel which is spicy not so tangy,Exactly tangy pani puri and bhel does not tastes so good,I prefer it more spicy with little tangy,Umm Pizza I'm missing macd burger 🤤,I usually order Margherita pizza with wheat base because they taste very much good,Idk,Fruits,I eat every fruit,No I can't eat only one fruit for the rest of my life,Every kind of fruits we have,Banana watermelon mango kivi dragon fruit strawberry carrots pineapple papaya,Carrot is a vegetable right,Everything,I'm going to eat cold watermelon,I'm on my bed 😁,I'm always at home,I do dance singing watch dramas movies do clg work house chores,Dance sing watch korean dramas,  movies,I've recently watched a drama called can this love be translated,And boyfriend on demand also,Yes it is romance and little bit of thrill also]"
8773378,"[नहीं,नहीं,Ok]",,"[नहीं,Ok,Hello.,Hello.,Hello.,No idea.]"
7616975,"[Hii,Hello,My name is yamuna Riya yadav,My name is yamuna Riya yadav]",,"[Hii,Hello,My name is yamuna Riya yadav]"
8276690,"[I am सनाया. है,I am सनाया. है,मुझे आपसे English सीखुई है. कि police वहां पर पहुंची हदसाब में किया हदसाब में की जांच शुरू कर दी.,मुझे आपसे English सीखुई है. कि police वहां पर पहुंची हदसाब में किया हदसाब में की जांच शुरू कर दी.,मुझे आपसे English सीखुई है. कि police वहां पर पहुंची हदसाब में किया हदसाब में की जांच शुरू कर दी.,White से English सीखनी है. Getting से नहीं.,White से English सीखनी है. Getting से नहीं.,Morning में सात के बाद,Morning में सात के बाद,How many do you  have?]",,"[I am सनाया. है,मुझे आपसे English सीखुई है. कि police वहां पर पहुंची हदसाब में किया हदसाब में की जांच शुरू कर दी.,White से English सीखनी है. Getting से नहीं.,Morning में सात के बाद,Hello.,Hello.,Hello.,C'est la,C'est la,C'est la,I don't know. Yes.,I don't know. Yes.,I don't know. Yes.,Name is Sanaya Sinha.,Name is Sanaya Sinha.,Name is Sanaya Sinha.,नहीं समझ में आया.,नहीं समझ में आया.,नहीं समझ में आया.,हिंदी में भी समझाइए.,हिंदी में भी समझाइए.,हिंदी में भी समझाइए.,बच्चे उन लोग को और राजेशा भारत थोड़ा बोलता.,बच्चे उन लोग को और राजेशा भारत थोड़ा बोलता.,बच्चे उन लोग को और राजेशा भारत थोड़ा बोलता.,मैं दीपित से बोल रहा हूं ना कि मैं school जा रही हूं.,मैं दीपित से बोल रहा हूं ना कि मैं school जा रही हूं.,मैं दीपित से बोल रहा हूं ना कि मैं school जा रही हूं.,और मैं school जा रही हूं.,और मैं school जा रही हूं.,और मैं school जा रही हूं.,Subject. My favorite subject is,Subject. My favorite subject is,Subject. My favorite subject is,My favorite subject is Hindi.,My favorite subject is Hindi.,My favorite subject is Hindi.,Yes,Yes,Yes,क्या बोल रहा हूं? तुम्हारा रुक जी तुम्हारा रुक जाता है फारती है ऐसे बोलो. तुम कौन class,क्या बोल रहा हूं? तुम्हारा रुक जी तुम्हारा रुक जाता है फारती है ऐसे बोलो. तुम कौन class,क्या बोल रहा हूं? तुम्हारा रुक जी तुम्हारा रुक जाता है फारती है ऐसे बोलो. तुम कौन class,I did in class six a.,I did in class six a.,I did in class six a.,My favorite subject is six signs.,My favorite subject is six signs.,My favorite subject is six signs.,Shop,Shop,Shop,मैं school से घर आ रही हूं.,मैं school से घर आ रही हूं.,मैं school से घर आ रही हूं.,जो टूटे फटाता है वह बोलो वहां तो सही बताइए तुमको.,जो टूटे फटाता है वह बोलो वहां तो सही बताइए तुमको.,जो टूटे फटाता है वह बोलो वहां तो सही बताइए तुमको.,Mother,,Mother,,Mother,,My mother's name is Pooja Sina.,My mother's name is Pooja Sina.,My mother's name is Pooja Sina.,My mother is housewife.,My mother is housewife.,My mother is housewife.,My father's name is शिवमश्ना.,My father's name is शिवमश्ना.,My father's name is शिवमश्ना.,My father snared is Shivam Kumar Sinha.,My father snared is Shivam Kumar Sinha.,My father snared is Shivam Kumar Sinha.,Sit. Two sis.,Sit. Two sis.,Sit. Two sis.,क्या बोलना? My sister ने,क्या बोलना? My sister ने,क्या बोलना? My sister ने,भाई. Two sister name is पीहू सीन्हा and प्रियांशी सीन्हा.,भाई. Two sister name is पीहू सीन्हा and प्रियांशी सीन्हा.,भाई. Two sister name is पीहू सीन्हा and प्रियांशी सीन्हा.,My brother's name is Shivan Chenha.,My brother's name is Shivan Chenha.,My brother's name is Shivan Chenha.,जी सबका नाम,जी सबका नाम,जी सबका नाम,क्या है मदद करने में? My My grandmother,क्या है मदद करने में? My My grandmother,क्या है मदद करने में? My My grandmother,लिखा दे,लिखा दे,लिखा दे,My grandmother's name is,My grandmother's name is,My grandmother's name is,Hello?,Hello?,Hello?,Twenty three October.,Twenty three October.,Twenty three October.,How many do you  have?]"
8716664,"[Aló.,Allô.,Hello.,Thank you.,Yes.,No.,I want to talk about computer.,I like programming them.,I like programming them.,I like make websites. Business websites, dynamic websites,,I like make websites. Business websites, dynamic websites,,I built these websites for fun and also business.,I built these websites for fun and also business.,I create shopping ads. That's example is,I create shopping ads. That's example is,I think Women's are very interesting. Shopping.,Yes. Women Fashion soaping are very large. So I think build the website for this purpose.,Yes. Women Fashion soaping are very large. So I think build the website for this purpose.,Yes. Women Fashion soaping are very large. So I think build the website for this purpose.,Want to speak English. Speak to you.,Want to speak English. Speak to you.,I want good treatments. Thank you.,I want good treatments. Thank you.,About traveling.,About traveling.,Yes. I go to vaishno devi,Yes. I go to vaishno devi,Last five years है,Last five years है,Last five years है,Yes, they are very very big mountains. I saw river. And I saw many many interesting things.,Yes, they are very very big mountains. I saw river. And I saw many many interesting things.,Yes, they are very very big mountains. I saw river. And I saw many many interesting things.,Some people says loudly, जय मातार्दिल. And some people climb on the horse and some on buggies.,Some people says loudly, जय मातार्दिल. And some people climb on the horse and some on buggies.,Some people says loudly, जय मातार्दिल. And some people climb on the horse and some on buggies.,I saw monkeys I saw langur. And I saw horses,I saw monkeys I saw langur. And I saw horses,I saw monkeys I saw langur. And I saw horses,I gave them They like and monkeys. Once time, they catch my also.,I gave them They like and monkeys. Once time, they catch my also.,I gave them They like and monkeys. Once time, they catch my also.,I have a packet of biscuit. A munchie c, and date jumped on my pocket. Catch the packet.,I have a packet of biscuit. A munchie c, and date jumped on my pocket. Catch the packet.,I have a packet of biscuit. A munchie c, and date jumped on my pocket. Catch the packet.,Yes. I lose the discourse because caught it at least. And go away.,Yes. I lose the discourse because caught it at least. And go away.,Yes. I lose the discourse because caught it at least. And go away.]",,"[I will start with the discussion.,I will start with the discussion.,I will start with the discussion.,I want about movies.,I want about movies.,I want about movies.,I like romantic movies.,I like romantic movies.,I like romantic movies.,कुछ कुछ होता है जी very beautiful में.,कुछ कुछ होता है जी very beautiful में.,कुछ कुछ होता है जी very beautiful में.,I don't acting is very good. Also good.,I don't acting is very good. Also good.,I don't acting is very good. Also good.,Kazu Ranb Saru Khan.,Kazu Ranb Saru Khan.,Kazu Ranb Saru Khan.,Yes. I want and दिलवाली को बिना दे जाएंगे.,Yes. I want and दिलवाली को बिना दे जाएंगे.,Yes. I want and दिलवाली को बिना दे जाएंगे.,Ask,Ask,Ask,मुझे देखना है जनासनान. Very good,मुझे देखना है जनासनान. Very good,मुझे देखना है जनासनान. Very good,Yes. Hi, Brian.,Yes. Hi, Brian.,Yes. Hi, Brian.,Yes. I am ready.,Yes. I am ready.,Yes. I am ready.,I am a good,I am a good,I am a good,I am very romantic now.,I am very romantic now.,I am very romantic now.,My hobby is playing cricket.,My hobby is playing cricket.,My hobby is playing cricket.,Severity means India and Australia.,Severity means India and Australia.,Severity means India and Australia.,India versus Australia series mainly t twenty.,India versus Australia series mainly t twenty.,India versus Australia series mainly t twenty.,रोहित शर्मा,रोहित शर्मा,रोहित शर्मा,Hello, hi, very good day.,Hello, hi, very good day.,Hello, hi, very good day.,Madam, please I know my English.,Madam, please I know my English.,Madam, please I know my English.,About environment.,About environment.,About environment.,No about that is there when in today.,No about that is there when in today.,No about that is there when in today.,When the rain come in Delhi?,When the rain come in Delhi?,When the rain come in Delhi?,Rainy season is my favorite weather.,Rainy season is my favorite weather.,Rainy season is my favorite weather.,When some,When some,When some,Range gives us more water which is,Range gives us more water which is,Range gives us more water which is,Rain, vets, me and my body. It is so beautiful.,Rain, vets, me and my body. It is so beautiful.,Rain, vets, me and my body. It is so beautiful.,I want to talk about computers.,I want to talk about computers.,I want to talk about computers.,Computer works very,Computer works very,Computer works very,Computer gave me solution of math very frequently.,Computer gave me solution of math very frequently.,Computer gave me solution of math very frequently.,I want to talk about computer.,I like programming them.,I like make websites. Business websites, dynamic websites,,I built these websites for fun and also business.,I create shopping ads. That's example is,I think Women's are very interesting. Shopping.,Yes. Women Fashion soaping are very large. So I think build the website for this purpose.,Want to speak English. Speak to you.,I want good treatments. Thank you.,About traveling.,Yes. I go to vaishno devi,Last five years है,Yes, they are very very big mountains. I saw river. And I saw many many interesting things.,Some people says loudly, जय मातार्दिल. And some people climb on the horse and some on buggies.,I saw monkeys I saw langur. And I saw horses,I gave them They like and monkeys. Once time, they catch my also.,I have a packet of biscuit. A munchie c, and date jumped on my pocket. Catch the packet.,Yes. I lose the discourse because caught it at least. And go away.]"
8721599,"[Hallo i am Abhishek,Hallo i am Abhishek,Hello?,Thank you.,Yes,,No.,I said, please.,Sorry,Please give me the pen.,I saw him.,I'm sorry.,hollywood.com,thank you dear,Okay.,Men's,Name.,My name is,What is a,I'm from Bangalore.,Where are you from?,I work,What do you do?,Like,I like,En,I like,Don't like,I don't like,Likes,Don't like,What do you like,Do you like,Or really?,I really like.,I really,dinner,Watch,Hey watch movies,I watch,I did,I did,I read,I read Need,Leh.,Le,,Te,ple,,Play,I play,I like watching,I like reading,Y,Trambord.,Playing.,I like,playing,crumb board.,I like playing trumbo,What do you do,in free time?,Do you do,your free time?,Do you do,your free time,One,do you do in your three times?,Pai Lai,I like,explore,Ay, laí.,Explore on holiday.,I like travel on holiday.,Sometime,Some kind like,and,book.,Reading.,Sometime Like]",,"[Hallo i am Abhishek,It's,It's,It's,On to on to,On to on to,On to on to,What do you say from upload क्या है?,What do you say from upload क्या है?,What do you say from upload क्या है?,Hello? How are you?,Hello? How are you?,Hello? How are you?,I'm finally,I'm finally,I'm finally,Finally doing is moderate to,Finally doing is moderate to,Finally doing is moderate to,Okay.,Okay.,Okay.,Yes start fun clash.,Yes start fun clash.,Yes start fun clash.,Daily conversation.,Daily conversation.,Daily conversation.,Today morning six at a six o'clock. Sleep,Today morning six at a six o'clock. Sleep,Today morning six at a six o'clock. Sleep,What?,What?,What?,Tell me more about sleep. Means the,Tell me more about sleep. Means the,Tell me more about sleep. Means the,Light eight,Light eight,Light eight,What?,What?,What?,This time. At,This time. At,This time. At,First, I'm both of us and fresh,First, I'm both of us and fresh,First, I'm both of us and fresh,Is good.,Is good.,Is good.,А,,А,,А,]"
8422776,"[I'm here for banking.,I'm here for banking.,I need to open an account.,I need to open an account.]",,"[I'm here for banking.,I need to open an account.]"
18545,"[Hello.,वह क्या है वापस जी?,चार file का change सब वो भी generate पाए उसमें कितनी उसमें दो,चार होना चार,Thank you.,Yes.,तो ये देख रहे है की मेरे का support,No,,Please.,Sorry.,Please give me.,I am so,Nahin Aaj wali,Hello.,Thank you.,Yes.,No.,Please,,Sorry.,Please give me the pen.,I am sorry.,तो उससे क्या बोल रही थी जो experience आ रहा है की,It is not interactive. So we thought it's,वो,eleven का,complete हो चुका है.,Level three का module generate हो जाता है खास.]",,"[I'm good. How about you?,I'm good. How about you?,I'm good. How about you?]"
8704808,"[Santosh,Santosh,Just talking,Just talking,I am a student,Arts,Arts,Yes, I love it,Yes, I love it,Learning new things,Learning new things,Modern art techniques.,Modern art techniques.,I don't know.,I don't know.,Okay, man.,I will try to speak slowly.,I will try to speak slowly.,I want to practice speaking slowly,I want to practice speaking slowly,Hello,,Yo,Thank you.,Yes.,No,,Please,,Stori,Sorry.,Please give me the pen.,I'm sorry,I am studying English,Nem.,Naam.,Nem.,Name.,My name is,What is your name?,I'm from Orisha.,Where are you?,I work,What you]",,"[Santosh,Just talking,I am a student,Arts,Yes, I love it,Learning new things,Modern art techniques.,I don't know.,Okay, man.,I will try to speak slowly.,I want to practice speaking slowly]"
8279845,"[Like,,I like,Like,,Ah, el,I like,I like,Don't like,I don't like,I don't like,Do you,Do you like,Comedian,Really?,Really Like,I really,Nothing,What are you doing,What are you doing,I am from Mumbai,I am from Mumbai,I like marine drive place,I like marine drive place,And pune city,And pune city]",,"[Nothing,What are you doing,I am from Mumbai,I like marine drive place,And pune city]"
8473023,"[Hi dhairya kumar,Hi dhairya kumar,Student,Student,6th,6th,English,English,Fashion,I like the styles,I like the styles,I like international styles,I like international styles,I like streetwear a lot.,I like streetwear a lot.,I like the edgy look.,I like the edgy look.,I like baggy pants.,I like baggy pants.,I like indian dress,I like indian dress,I like indian dress,Yes,Yes,Yes,Short,Short,No this is ledies dress,No this is ledies dress,Iam men,Iam men,Kort pant,Kort pant,Yes,Yes,Oo,Yes,Yes]",,"[Hi dhairya kumar,Student,6th,English,Fashion,I like the styles,I like international styles,I like streetwear a lot.,I like the edgy look.,I like baggy pants.,I like indian dress,Yes,Short,No this is ledies dress,Iam men,Kort pant,Yes,Oo,Yes]"
8754823,"[Yes, I think so.,Want veg biryani and curd raita,Want veg biryani and curd raita,Yes need one more paneer tikka with souce,Yes need one more paneer tikka with souce,No,No,Yes sure however where u from,Yes sure however where u from,Me in Jamshedpur Jharkhand working in tata steel,Me in Jamshedpur Jharkhand working in tata steel,Me in Jamshedpur Jharkhand working in tata steel,Me here in senior manager looking quality after CGL,Me here in senior manager looking quality after CGL,Me here in senior manager looking quality after CGL,Me check the surface defect of coils and mechanical properties,Me check the surface defect of coils and mechanical properties,Yes different defect which coming from CGL line and upstream defect,Yes,Yes,Yes,Yes, that's right.,Yes, that's right.,Yes, that's right.]",,"[Yes, I think so.,Want veg biryani and curd raita,Yes need one more paneer tikka with souce,No,Yes sure however where u from,Me in Jamshedpur Jharkhand working in tata steel,Me here in senior manager looking quality after CGL,Hello.,Hello.,Hello.,No. But we just want to call discuss for telemoney meet,No. But we just want to call discuss for telemoney meet,No. But we just want to call discuss for telemoney meet,Okay. No issue. We can discuss ordering food.,Okay. No issue. We can discuss ordering food.,Okay. No issue. We can discuss ordering food.,Want to eat bees biryani with her cut रहा था. And, one more slice,Want to eat bees biryani with her cut रहा था. And, one more slice,Want to eat bees biryani with her cut रहा था. And, one more slice,The menu, I like, veg's biryani and one more with sauce, tomato sauce.,The menu, I like, veg's biryani and one more with sauce, tomato sauce.,The menu, I like, veg's biryani and one more with sauce, tomato sauce.,No. Right now. This is okay.,No. Right now. This is okay.,No. Right now. This is okay.,पनीर टिक्का हो.,पनीर टिक्का हो.,पनीर टिक्का हो.,No.,No.,No.,Yes, thanks.,Yes, thanks.,Yes, thanks.,No. Thank you so much.,No. Thank you so much.,No. Thank you so much.,Bye.,Bye.,Bye.,Hello, hi रिया.,Hello, hi रिया.,Hello, hi रिया.,I want to discuss something else today.,I want to discuss something else today.,I want to discuss something else today.,Yes. Definitely. I want to improve my English. With your help. Right now, I'll just,Yes. Definitely. I want to improve my English. With your help. Right now, I'll just,Yes. Definitely. I want to improve my English. With your help. Right now, I'll just,I'm,I'm,I'm,Bonjour.,Bonjour.,Bonjour.,Want to learn about how to discuss,Want to learn about how to discuss,Want to learn about how to discuss,With the topic of interview.,With the topic of interview.,With the topic of interview.,Actually, today is more than for,Actually, today is more than for,Actually, today is more than for,Hi, you. I start with the and how we can improve, how we can explain about you myself.,Hi, you. I start with the and how we can improve, how we can explain about you myself.,Hi, you. I start with the and how we can improve, how we can explain about you myself.,I want to know about yourself. And, what are you doing and how is your daily working to,I want to know about yourself. And, what are you doing and how is your daily working to,I want to know about yourself. And, what are you doing and how is your daily working to,Right now, I'm living,Right now, I'm living,Right now, I'm living,I want to learn about the English. I actually I don't speak English. Very friendly.,I want to learn about the English. I actually I don't speak English. Very friendly.,I want to learn about the English. I actually I don't speak English. Very friendly.,I want to talk about this on my,I want to talk about this on my,I want to talk about this on my,How We Can our introduction in front of,How We Can our introduction in front of,How We Can our introduction in front of,First, I would like to say I am from Jamset and I have done b,First, I would like to say I am from Jamset and I have done b,First, I would like to say I am from Jamset and I have done b,No. I am not in school. I am doing the job in private sector. Still plan. And the manager,No. I am not in school. I am doing the job in private sector. Still plan. And the manager,No. I am not in school. I am doing the job in private sector. Still plan. And the manager,Here I am the quality manager looking quality after CGR. The managing. And deliver,Here I am the quality manager looking quality after CGR. The managing. And deliver,Here I am the quality manager looking quality after CGR. The managing. And deliver,Not c g r, c g l. CGL means that is a galvanized continuous galvanizing line.,Not c g r, c g l. CGL means that is a galvanized continuous galvanizing line.,Not c g r, c g l. CGL means that is a galvanized continuous galvanizing line.,Yeah. I get a vanity with a short phone. And continuous carbonizing line is the full form of CGL.,Yeah. I get a vanity with a short phone. And continuous carbonizing line is the full form of CGL.,Yeah. I get a vanity with a short phone. And continuous carbonizing line is the full form of CGL.,Here we are taking the quality of the coils. And choir one,Here we are taking the quality of the coils. And choir one,Here we are taking the quality of the coils. And choir one,Me check the surface defect of coils and mechanical properties,Yes different defect which coming from CGL line and upstream defect,Yes,Yes, that's right.]"
4186474,[My name.],,[My name.]
6445842,"[Pro,No I am from west bengal,No I am from west bengal]",,"[Pro,No I am from west bengal]"
8373337,"[Hello.,Thank,Yes,No,,Please,,Sorry,,Hello.,Thank you.,Yes.,No.,Please.,Sorry.,Please give me the pen.,I'm sorry.,NAMM,Nam.,My name,What is your name?,I'm from,My name is narad,My name is narad,No I am from another City,I am from Bihar,I am from Bihar,I love the food there.,I love the food there.,Litti chokha is the best.,Litti chokha is the best.,I'm here for work.,I am a labour,I am a labour,I work in construction,I work in construction,I like zojila turnal project,I like zojila turnal project,I like zojila turnal project,I like zojila turnal project,I am supervisor,I am supervisor,Managing the team is tough.,Managing the team is tough.,My name is narad,My name is narad,I am from Bihar,I am from Bihar,My name is narad,My name is narad,I work in an construction,I work in an construction]",,"[My name is narad,No I am from another City,I am from Bihar,I love the food there.,Litti chokha is the best.,I'm here for work.,I am a labour,I work in construction,I like zojila turnal project,I am supervisor,Managing the team is tough.,My name is narad,I am from Bihar,My name is narad,I am from Bihar,Hello My name is narad,I work in an construction]"
7302432,"[Yes,Yes,Raj,Raj,Kolkata,Kolkata,Yes,Yes,Nothing,Looking for a work,Looking for a work,Office job,Office job,Transport,Transport,Yes,Yes,Yes,Yes]",,"[Yes,Raj,Kolkata,Yes,Nothing,Looking for a work,Office job,Transport,Yes,Yes]"
18599,"[नहीं,तो वो image रुक जाती थी. Name,My name is,What is your name?,I'm from,Where are you from?,ही नहीं हुआ था अभी,मैं forward forward कर रहा था कुछ UFC में जाई थी,Order,I work as a,What do you do,Name,My name is,Bortisone,What is your name?,I am from,Where are you from?,I work,What do you do?,Hello.,Thank you.,Yes.,No,Please,,Sorry.,Please give me that,I am sorry.,Hello?,Тонгу.,Thank you.,Yes.,No,Please,Sari.,Sorry.,Please give,I am sorry.,You can call me Ansh,You can call me Ansh,Hello ji,How are you ji,How are you ji,I am fine, thank you,I am fine, thank you,My name is Ansh,My name is Ansh,I'm from Delhi,I'm from Delhi,I am a student.,I am a student.,I study computer science.,I study computer science.,Problem solving is fun.,Problem solving is fun.,Hello,Hello,Hello.,Hello.]",,"[Hello,Hello,Hello,Hello?,Hello?,Hello?,है अभी हम चाहे दस मस्ते हैं,You can call me Ansh,I'm from Delhi,Nothing. Just sleep.,Nothing. Just sleep.,Nothing. Just sleep.,Yeah. Very well.,Yes, very well,Yes, very well,Yes, very well,Nothing. Just roam around,Nothing. Just roam around,Nothing. Just roam around,I like to see Rome when I Rome.,I like to see Rome when I Rome.,I like to see Rome when I Rome.,Yes. I like to roam around in the,Yes. I like to roam around in the,Yes. I like to roam around in the,Hello ji,How are you ji,I am fine, thank you,My name is Ansh,I'm from Delhi,I am a student.,I study computer science.,Problem solving is fun.,Coding challenges mostly,Hello,Hello,Hello.]"
8693480,"[Hello.,Hi. You still can't receive a message. Thank you.,You can call me Rahul,You can call me Rahul,Hello?,Thank you.,Yes.,No.,Please,,Sorry.,You need to give me that fan.,With plain.,I'm sorry.,I study,Name.,My name is Mosa.,What is your name?,Name,My name is,Nee,,Name.,My name is,What is judgment?,What is your name?,I'm from,Where are you from?,Is I walk is,I direct s,Hay o que es,I hope is,Name.,My name is,Name. Ma'am.]",,[You can call me Rahul]
7093395,"[Hey I am Raju,Hey I am Raju,I'm not from Bengaluru,Im liven in Banda up,Im liven in Banda up,I am a selas man,I am a selas man,I ma a salleing clothings product,I ma a salleing clothings product,Yas but duty time is very long im work 12 hours,Yas but duty time is very long im work 12 hours,I am using Instagram reels and I watche Hollywood adventure movies,I am using Instagram reels and I watche Hollywood adventure movies,I am using Instagram reels and I watche Hollywood adventure movies,Yesh I am a like game of thrones webseries,Yesh I am a like game of thrones webseries,Yesh I am a like game of thrones webseries,I m a like one parsona carecter johnsnow,I m a like one parsona carecter johnsnow,I like brevness and kindness,I like brevness and kindness,I like brevness and kindness,I like other characters type dragon mother and strak family,I like other characters type dragon mother and strak family,Danerys is a very beautiful and romantic girl and so brevness,Danerys is a very beautiful and romantic girl and so brevness,Danerys is a very beautiful and romantic girl and so brevness,I am taking other topic,I am taking travelling,I am taking travelling,I am taking travelling,I am not travel any favorate place but my choice a nepal tuare,I am not travel any favorate place but my choice a nepal tuare,I am not travel any favorate place but my choice a nepal tuare]",,"[Hello?,Hello?,Hello?,In English,In English,In English,I'm talking to you Is he a way,I'm talking to you Is he a way,I'm talking to you Is he a way,Daily basis या फिर travelling,Daily basis या फिर travelling,Daily basis या फिर travelling,I Just use any situations, any what yeah.,I Just use any situations, any what yeah.,I Just use any situations, any what yeah.,Morning, eight AM. O'clock.,Morning, eight AM. O'clock.,Morning, eight AM. O'clock.,Can you speak again?,Can you speak again?,Can you speak again?,I'm not,I'm not,I'm not,They were all these,They were all these,They were all these,अपनी अच्छी list नहीं है यार मेरी.,अपनी अच्छी list नहीं है यार मेरी.,अपनी अच्छी list नहीं है यार मेरी.,I'm discussing in love.,I'm discussing in love.,I'm discussing in love.,Hey I am Raju,I'm not from Bengaluru,Im liven in Banda up,I am a selas man,I ma a salleing clothings product,Yas but duty time is very long im work 12 hours,I am using Instagram reels and I watche Hollywood adventure movies,Yesh I am a like game of thrones webseries,I m a like one parsona carecter johnsnow,I like brevness and kindness,I like other characters type dragon mother and strak family,Danerys is a very beautiful and romantic girl and so brevness,I am taking other topic,I am taking travelling,I am not travel any favorate place but my choice a nepal tuare,हां बात क्या पुछ रही है?,हां बात क्या पुछ रही है?,हां बात क्या पुछ रही है?]"
8740320,"[No not now,No not now,Yes,We will discuss tomorrow,We will discuss tomorrow,Pushpendra,Pushpendra,Agra,Agra,Near Mathura lord Krishna birth place,Near Mathura lord Krishna birth place,Near Mathura lord Krishna birth place,I love Brindavan and Goverdhan,I love Brindavan and Goverdhan,Everyone call Radhe Radhe to each other,Everyone call Radhe Radhe to each other,Everyone call Radhe Radhe to each other,Yes,Yes,Yes,Janmbhoomi, Barsana, Gokul,Janmbhoomi, Barsana, Gokul,Janmbhoomi, Barsana, Gokul,The temples are amazing,The temples are amazing,The temples are amazing,Prem Mandir,Prem Mandir,Prem Mandir,Feeling of Radha & Krishna love story,Feeling of Radha & Krishna love story,Feeling of Radha & Krishna love story,Radha Rani temple,Radha Rani temple,Yes, it's very peaceful.,Yes, it's very peaceful.,Evenings are more peaceful .,Evenings are more peaceful .,Evenings are more peaceful .,Rita we will meet tomorrow ok,Rita we will meet tomorrow ok,Sure, see you tomorrow!,Sure, see you tomorrow!,Sure, see you tomorrow!,Bye,Bye,Bye Riya!,Bye Riya!]",,"[No not now,Yes,We will discuss tomorrow,Pushpendra,Agra,Near Mathura lord Krishna birth place,I love Brindavan and Goverdhan,Everyone call Radhe Radhe to each other,Yes,Janmbhoomi, Barsana, Gokul,The temples are amazing,Prem Mandir,Feeling of Radha & Krishna love story,Radha Rani temple,Yes, it's very peaceful.,Evenings are more peaceful .,Rita we will meet tomorrow ok,Sure, see you tomorrow!,Bye,Bye Riya!,Yes. Fine. Do you? What about you?,Yes. Fine. Do you? What about you?,Yes. Fine. Do you? What about you?,Nothing. I'm driving right now. And going to,Nothing. I'm driving right now. And going to,Nothing. I'm driving right now. And going to,Héctor. I'm I,Héctor. I'm I,Héctor. I'm I,I want to speak frequently English,I want to speak frequently English,I want to speak frequently English,Anything you want. I want learn learn speaking in English.,Anything you want. I want learn learn speaking in English.,Anything you want. I want learn learn speaking in English.,Favorite Indian. This is my favorite is my favorite dish is curly chawal. I,Favorite Indian. This is my favorite is my favorite dish is curly chawal. I,Favorite Indian. This is my favorite is my favorite dish is curly chawal. I,Kadi and Chawal and राजमा चावल. Both are my favorite dish. I love these dish.,Kadi and Chawal and राजमा चावल. Both are my favorite dish. I love these dish.,Kadi and Chawal and राजमा चावल. Both are my favorite dish. I love these dish.,Kadi Pakoda,Kadi Pakoda,Kadi Pakoda,And other than Kadi Pagodah, I love आलू का पराठा with चटनी and रायता.,And other than Kadi Pagodah, I love आलू का पराठा with चटनी and रायता.,And other than Kadi Pagodah, I love आलू का पराठा with चटनी and रायता.,चटनी made,चटनी made,चटनी made,Yes. My favorite chutney which I want to make,Yes. My favorite chutney which I want to make,Yes. My favorite chutney which I want to make,I usually use green chile,I usually use green chile,I usually use green chile,Yes.,Yes.,Yes.,Ginger and garlic Both are very,Ginger and garlic Both are very,Ginger and garlic Both are very,Yes. I always use fresh ginger and garlic.,Yes. I always use fresh ginger and garlic.,Yes. I always use fresh ginger and garlic.,Let's change the topic I want to talk to you regarding Indian politics.,Let's change the topic I want to talk to you regarding Indian politics.,Let's change the topic I want to talk to you regarding Indian politics.,Beacon.,Beacon.,Beacon.]"
8432348,"[You can call me [SIDDHESHWAR],You can call me [SIDDHESHWAR],Uttar Pradesh,Uttar Pradesh,Uttar Pradesh,I'm visiting family.,I'm visiting family.,It's relaxing here.,It's relaxing here.,We visit temples together.,We visit temples together.,I like the old temples.,I like the old temples.,I like the architecture.,I like the architecture.,Hello?,Thank you,Yes,No.,Please,,Sorry,,Please give me,I'm sorry]",,"[You can call me [SIDDHESHWAR],Uttar Pradesh,I'm visiting family.,It's relaxing here.,We visit temples together.,I like the old temples.,I like the architecture.]"
8765136,"[Hi riya,Hi riya,Mein Mumbai se hoon,Mein Mumbai se hoon,Mein ek student hoon,Mein ek student hoon,I'm in college.,I'm in college.,I'm studying engineering.,I'm studying engineering.]",,"[Hi riya,Mein Mumbai se hoon,Mein ek student hoon,I'm in college.,I'm studying engineering.]"
3349062,"[Hello.,Thank you.,Yes.,No.,Grace,Yes.,Please,,Sorry.,PS gave me,the pen.,Please give me the,Hand sore.,I'm sorry.,My name is rekhraj Saket,My name is rekhraj Saket,I am from Ahmedabad India,I am from Ahmedabad India,Ahmedabad the culture is amazing city.,Ahmedabad the culture is amazing city.,Ahmedabad the culture is amazing city.,The culture in the city is Ahmedabad.,The culture in the city is Ahmedabad.,Yes, that's right!,Yes, that's right!,Sure, i am happy enjoy.,Sure, i am happy enjoy.,All public one by one supported.,All public one by one supported.,Ahmedabad very nice city and naturally place.,Ahmedabad very nice city and naturally place.,River Bridges and fort old.,River Bridges and fort old.,Yes,Yes,The people there are nice, there are old buildings and people come to visit.,The people there are nice, there are old buildings and people come to visit.]",,"[My name is rekhraj Saket,I am from Ahmedabad India,Ahmedabad the culture is amazing city.,The culture in the city is Ahmedabad.,Yes, that's right!,Sure, i am happy enjoy.,All public one by one supported.,Ahmedabad very nice city and naturally place.,River Bridges and fort old.,Yes,The people there are nice, there are old buildings and people come to visit.]"
2110869,"[इतनी में बात करो ना? फास रानी.,इतनी में बात करो ना? फास रानी.,Buenos días.]",,"[Hello.,Hello.,Hello.,Fast हिंदी में बात करो उसके बाद में बात करता हूं.,Fast हिंदी में बात करो उसके बाद में बात करता हूं.,Fast हिंदी में बात करो उसके बाद में बात करता हूं.,मैं हिंदी बोल रहा हूं.,मैं हिंदी बोल रहा हूं.,मैं हिंदी बोल रहा हूं.,मुझे समझाओ first.,मुझे समझाओ first.,मुझे समझाओ first.,Fucking का मतलब क्या है? हिंदी में बताऊंगा.,Fucking का मतलब क्या है? हिंदी में बताऊंगा.,Fucking का मतलब क्या है? हिंदी में बताऊंगा.,En dim vad corona.,En dim vad corona.,En dim vad corona.,इतनी में बात करो ना? फास रानी.,बोल रहा है हिंदी में बात कर रहा है. रात घंटे के लिए.,बोल रहा है हिंदी में बात कर रहा है. रात घंटे के लिए.,बोल रहा है हिंदी में बात कर रहा है. रात घंटे के लिए.,Buenos días.]"
8772710,"[You can call me [Name],You can call me [Name],I'm from a small town.,I'm from a small town.,It's very peaceful.,It's very peaceful.,My English icon is here.,My English icon is here.,I like to read books.,I like to read books.,I like fiction books.,I like fiction books.,My english icon is here,My english icon is here,I watch movies.,I watch movies.,You can call me,I'm from Gujarat.,I'm from Gujarat.,I love Undhiyu.,I love Undhiyu.,I love Undhiyu.]",,"[You can call me [Name],I'm from a small town.,It's very peaceful.,My English icon is here.,I like to read books.,I like fiction books.,My english icon is here,I watch movies.,You can call me,I'm from Gujarat.,I love Undhiyu.]"
8635517,"[Hi,Hi,Name,Name,Thage,Thage,यकीने तुम मठार तुम्हार हो?,Thage,Thage]",,"[Hi,Name,Thage,यकीने तुम मठार तुम्हार हो?,Thage]"
18231,"[Zine ik laat dat te me,Hello.,Os bebecar,Hello.,Thank you.,Yes,No.,Hello?,Thank you.,Yes.,Yes. No.,Please,,What is this? Hello.,Ore NDP use lemon,Indian English what what is it?,मतलब किसी भी p level में?,Yeah. And then also,यह आपका personal phone इसका साथ?,Thank you.,Yes.,No.,Is it fast? It is fast. Please,,Ok? Sorry.,Please give me the pen.,I'm sorry.,Nim.,Name.,My name is,कौन सा है sir? Monthly है. हां monthly के लिए मारता हूं.,Hello.,Thank you,You can call me likhit,You can call me likhit,Hello,Yes.,Neme.,Not yet. I'm still looking.,Not yet. I'm still looking.,Not yet. I'm still looking.,Yes, I see something good.,Can u tell me everything u are talking in English in telugu also?,Can u tell me everything u are talking in English in telugu also?,Hello?,Thank you.,Yes.,No.,Три.,Please.,Sorry.,Please give me the,I'm sorry,Alia Bhatt home,Name,My name is,What is your name?,I'm from,Radio from,Where are you,I work as,What do you do?,I studied advised college,Bike.,Like,I like,I like,Don't Like,I don't like,I don't like,Do you like,Do you like,Really?,I really like,I really liked,Bots.,Bot.,What?,Watch,Watch movies.,I watch,Read.,I read.,Play.,I play.,I like watching.,I like reading.,I like playing.,What do you do in your free time?,I like on holidays.,Sometimes.,Sometimes I,Morning.,In the morning,Evening,In the evening,Nape.,Night.,At night.,Wick up.,Wake up.,I wake up in the morning,Each,Eat.,I eat breakfast.,Go.,I go to,Hello,,Thank you.,Yes.,No.,Please.,Sorry.,Please.,It happened.,Please give me the pen,I am sorry.,Can I have some,Can you help me?,Please help me,Hello.,Thank you.,Yes.,No.,Please,,Sorry.,Please give me the,I'm sorry.]",,"[You can call me likhit,Hi, Rio.,Hi, Rio.,Hi, Rio.,Telugu?,Telugu?,Telugu?,Can we talk on,Can we talk on,Can we talk on,Daily Life Conversations,Daily Life Conversations,Daily Life Conversations,Can you explain me in Telugu and also in,Can you explain me in Telugu and also in,Can you explain me in Telugu and also in,Not yet. I'm still looking.,Yes, I see something good.,Can u tell me everything u are talking in English in telugu also?]"
8406269,"[Sunita,Sunita,Yes, I am ordering now.]",,"[Sunita,Hello?,Hello?,Hello?,मुझे school जाना है इसकी English. पूरे,मुझे school जाना है इसकी English. पूरे,मुझे school जाना है इसकी English. पूरे,Si es por un buen día, pues. Yes.,Si es por un buen día, pues. Yes.,Si es por un buen día, pues. Yes.,तूने इसे बताए,तूने इसे बताए,तूने इसे बताए,¿Qué aparte no se apunto? मुझे market,¿Qué aparte no se apunto? मुझे market,¿Qué aparte no se apunto? मुझे market,Soot. Suit प्रसन्न करते हैं डाना.,Soot. Suit प्रसन्न करते हैं डाना.,Soot. Suit प्रसन्न करते हैं डाना.,My favorite color red.,My favorite color red.,My favorite color red.,Naclíes, naclíes, y un volá Oscar. Así,Naclíes, naclíes, y un volá Oscar. Así,Naclíes, naclíes, y un volá Oscar. Así,Yes, I am ordering now.,Yes हिंदी में थोड़ी,Yes हिंदी में थोड़ी,Yes हिंदी में थोड़ी,बताओ आपको क्या क्या कह रहे क्या? Singing. Shopping,,बताओ आपको क्या क्या कह रहे क्या? Singing. Shopping,,बताओ आपको क्या क्या कह रहे क्या? Singing. Shopping,,Shop उन्हें बसंती,Shop उन्हें बसंती,Shop उन्हें बसंती,देखिए, कैसे कितने करें लक्ष्य अगले बोल दो. लक्ष्या गले,देखिए, कैसे कितने करें लक्ष्य अगले बोल दो. लक्ष्या गले,देखिए, कैसे कितने करें लक्ष्य अगले बोल दो. लक्ष्या गले,ज़ोर से बोला है.,ज़ोर से बोला है.,ज़ोर से बोला है.,कुछ भी बात कर रही हूं. आप बोलो आप मुझसे हिंदी में बात हिंदी में बात करके English समझाओ.,कुछ भी बात कर रही हूं. आप बोलो आप मुझसे हिंदी में बात हिंदी में बात करके English समझाओ.,कुछ भी बात कर रही हूं. आप बोलो आप मुझसे हिंदी में बात हिंदी में बात करके English समझाओ.,से हिंदी में बात करके उसकी English समझाएं.,से हिंदी में बात करके उसकी English समझाएं.,से हिंदी में बात करके उसकी English समझाएं.,English works in Hindi.,English works in Hindi.,English works in Hindi.,English word बताओ उसकी English अच्छा ही English word.,English word बताओ उसकी English अच्छा ही English word.,English word बताओ उसकी English अच्छा ही English word.,मैं खाना बना रही हूँ इसकी english.,मैं खाना बना रही हूँ इसकी english.,मैं खाना बना रही हूँ इसकी english.,वह उनको वह batch बनाओ. बोलो ना. मैं बिरयानी बना रही हूं.,वह उनको वह batch बनाओ. बोलो ना. मैं बिरयानी बना रही हूं.,वह उनको वह batch बनाओ. बोलो ना. मैं बिरयानी बना रही हूं.,Mix vegetable biryani.,Mix vegetable biryani.,Mix vegetable biryani.,Beaucoup de ce qui a,Beaucoup de ce qui a,Beaucoup de ce qui a,Yes,Yes,Yes,आपका आजकल दिन किस तरह पुछ रही है. मैं सिर्फ बोलूं कि,आपका आजकल दिन किस तरह पुछ रही है. मैं सिर्फ बोलूं कि,आपका आजकल दिन किस तरह पुछ रही है. मैं सिर्फ बोलूं कि,मेरा आज का दिन अच्छा रहा. इसको English में कैसे बोलेंगे?,मेरा आज का दिन अच्छा रहा. इसको English में कैसे बोलेंगे?,मेरा आज का दिन अच्छा रहा. इसको English में कैसे बोलेंगे?,मैंने आज rest किया.,मैंने आज rest किया.,मैंने आज rest किया.,Alone,Alone,Alone,इसका English में कैसे बोलूंगा?,इसका English में कैसे बोलूंगा?,इसका English में कैसे बोलूंगा?,मेरी तबीयत ठीक नहीं है. इसको english में कैसे बोलेंगे?,मेरी तबीयत ठीक नहीं है. इसको english में कैसे बोलेंगे?,मेरी तबीयत ठीक नहीं है. इसको english में कैसे बोलेंगे?]"
8189143,"[I'm boring now.,I'm boring now.,My name is Santosh. I want to pass you. Past stories. So please tell me the story.,कल मेरा boss मुझे डांटेगा. कृपया इसे English में translate करें.,कल मेरा boss मुझे डांटेगा. कृपया इसे English में translate करें.,My boss is only on me. It is correct sentences over on me.,My boss is only on me. It is correct sentences over on me.,My boss is only on me. It is correct sentences over on me.]",,"[I'm boring now.,My name is Santosh. I want to pass you. Past stories. So please tell me the story.,कल मेरा boss मुझे डांटेगा. कृपया इसे English में translate करें.,My boss is only on me. It is correct sentences over on me.,Hello. Hello?,Hello. Hello?,Hello. Hello?,Talk about my job. So, please,,Talk about my job. So, please,,Talk about my job. So, please,,Oh,,Oh,,Oh,,I am working as a HR manager in a factory. And many,I am working as a HR manager in a factory. And many,I am working as a HR manager in a factory. And many,Please, you drop me a appointment later. How to drop?,Please, you drop me a appointment later. How to drop?,Please, you drop me a appointment later. How to drop?,Talk with our friends,Talk with our friends,Talk with our friends,क्या मैं हिंदी बोलता आपसे बात,क्या मैं हिंदी बोलता आपसे बात,क्या मैं हिंदी बोलता आपसे बात,I want to practice today like a,I want to practice today like a,I want to practice today like a,Yeah.,Yeah.,Yeah.,Ya va.,Ya va.,Ya va.,Animal tiger,Animal tiger,Animal tiger,Cycle run very fast. Like, eighty kilometers per hour.,Cycle run very fast. Like, eighty kilometers per hour.,Cycle run very fast. Like, eighty kilometers per hour.,Hang on a second.,Hang on a second.,Hang on a second.,Okay. I will call you tomorrow.]"
5619059,"[For learning English,For learning English,Shyama,Shyama,I'm from Delhi.,I'm from Delhi.,Nothing I m a home maker,Nothing I m a home maker,Yes,Yes,I don't know,I don't know,Listening kathas means shiv mahapuran,Listening kathas means shiv mahapuran,So many stories,So many stories,I can't,I can't,Yes, let's talk about something else.,You can call me shyama,You can call me shyama,No I m from Delhi,No I m from Delhi,No I m from Delhi,Nothing special,Nothing special,Nothing special,I like try new recipes.,I like try new recipes.,I like both, actually.,I like both, actually.,I want to try Italian.,I want to try Italian.,I don't understand what you want to say.,I don't understand what you want to say.,Yes. I am.,Yes. I am.,I don't  understand,I don't  understand,I m a home maker,I m a home maker,Yes, I manage the house.,Yes, I manage the house.,Yes, I manage the house.,I enjoy cooking new dishes.,I enjoy cooking new dishes.,I enjoy cooking new dishes.,Choco lava cake.,Choco lava cake.,Nothing difficult,Nothing difficult,White sauce pasta.,White sauce pasta.,So many recipes,So many recipes,I liked a creamy one.,I liked a creamy one.,I use cheese also for more creamy,I use cheese also for more creamy,I use mozzarella.,I use mozzarella.,Sometimes I try parmesan,Sometimes I try parmesan,Yes, it's quite different,Yes, it's quite different,Savory means,Savory means,Can you give another example?,Can you give another example?,Can you give another example?,Spicy nd salty,Spicy nd salty,Spicy nd salty,I want to sleep good night,Ok bye,Ok bye]",,"[For learning English,Shyama,I'm from Delhi.,Nothing I m a home maker,Yes,I don't know,Listening kathas means shiv mahapuran,So many stories,I can't,Yes, let's talk about something else.,You can call me shyama,No I m from Delhi,Nothing special,I like try new recipes.,I like both, actually.,I want to try Italian.,I don't understand what you want to say.,Yes. I am.,I don't  understand,I m a home maker,Yes, I manage the house.,I enjoy cooking new dishes.,Choco lava cake.,Nothing difficult,White sauce pasta.,So many recipes,I liked a creamy one.,I use cheese also for more creamy,I use mozzarella.,Sometimes I try parmesan,Yes, it's quite different,Savory means,Can you give another example?,Spicy nd salty,I want to sleep good night,Ok bye]"
8733953,"[Hello.,Thank you.,Miguel,,Yes.,No.,Is,place,,please.,Dori,Sorry.,Please give me the,I'm sorry,are you at home,yas smoothly yes sometime,thank you dear,Name.,My name is,What is your name?,I'm from dopa,Where are you?,I work,What do you do?,what is your name,I study at,Like,,I like,I like,Don't like.,McDonough like,I don't like.,I don't like crying.,Do you like,Do you lock,Bialis.,Realis.,Really.,I really like,I really like,Watch!,I watch Deepak.,Read.,I read,Play play,I like a cat,I play cricket.,I like watching. I,I like reading.,I like playing cricket.,What do you do in your,I like,visit,on holidays.,Bye.,Sometime.,Sometimes I like to,Yeah. My name is Sean.,Yeah. My name is Sean.,No. I'm from Vaupal.,No. I'm from Vaupal.,I'm a student. An engineer.,I'm a student. An engineer.,I'm studying computer hardware network.,I'm studying computer hardware network.,I'm studying computer hardware network.,Ingenere,,Ingenere,,Ingenere,,I like networking.,I like networking.]",,"[Yeah. My name is Sean.,No. I'm from Vaupal.,I'm a student. An engineer.,I'm studying computer hardware network.,Ingenere,,I like networking.]"
8684297,"[Hello.,Thank you,Yes,No.,These.,आप कह जी,Please.,Sorry.,These give me,the pen.,Please,,give me the pen,I am sorry.,Yes,Yes,Ashish Kumar saxena,Ashish Kumar saxena,I am from Aligarh Uttar Pradesh,I am from Aligarh Uttar Pradesh,It's very peaceful there,It's very peaceful there,It's very peaceful there,han कभी-कभी,Nim.,Name.,My name is आशीष.,What is your name?,Es,hay un,a leaders of this.,I'm from,Ali,,Yeah. I did,Where are you from?,I work,What do you do?,Like,,Ahí la,ahí, like.,I like.,I like tea,Don't lie.,I don't like,I don't like,Who you like,ले जाओ.,Really,I e d n e n e.,I daily night.]",,"[Yes,Ashish Kumar saxena,I am from Aligarh Uttar Pradesh,It's very peaceful there]"
7238843,"[No,You can call me Student,I am from bhopal,I am from bhopal]",,"[No,You can call me Student,I am from bhopal]"
8490026,"[M,M,Namantosh Kumar,Namantosh Kumar,नामंतोष कुमार यादव,नामंतोष कुमार यादव,9546606200,9546606200]",,"[M,Namantosh Kumar,नामंतोष कुमार यादव,9546606200]"
8527784,"[You can call me Abhijit,You can call me Abhijit,Pani puri sounds great!,Pani puri sounds great!,Just one plate please,Just one plate please,Mild is fine for me,Mild is fine for me,Mild is fine for me,Sometimes, not too often.,Sometimes, not too often.,Sometimes I eat dahi puri.,Sometimes I eat dahi puri.,It's sweet and tangy.,It's sweet and tangy.,Not right now.,Not right now.,Maybe something creative.,Maybe something creative.,Maybe something creative.,Maybe something with art.,Maybe something with art.,Something related to art.,Something related to art.,I love sculptures.,I love sculptures.,Maybe in a museum.,Maybe in a museum.,Maybe managing exhibitions.,Maybe managing exhibitions.,Maybe managing exhibitions.,I saw a bronze one.,I saw a bronze one.,It was a statue.,It was a statue.,It was a famous person.,It was a famous person.,It was a historical figure.,It was a historical figure.,I am not sure.,I am not sure.,Okay, let's see the menu.,Okay, let's see the menu.,What do you recommend?,What do you recommend?,I'll try the dal makhani.,I'll try the dal makhani.,I'll try the dal makhani.,I'll have a lassi.,I'll have a lassi.,I'll have a lassi.,Yes, please share.,Yes, please share.,Let's wait for dessert.,Let's wait for dessert.,Ask for the bill, please.,Ask for the bill, please.,Ask for the bill, please.,Yes, definitely!,Yes, definitely!,Yes, definitely!,I like the cafe nearby.,I like the cafe nearby.,They have great coffee.,They have great coffee.,Yes, they have amazing pastries.,Yes, they have amazing pastries.,Okay, maybe next time.,Okay, maybe next time.,Something light and healthy.,Something light and healthy.,Something light and healthy.,Fruit salad sounds good.,Fruit salad sounds good.,No, just plain is fine.,No, just plain is fine.,You can call me Abhijit,You can call me Abhijit,I belong to Kolkata,I belong to Kolkata,It's my hometown,It's my hometown,The vibe of the city.,The vibe of the city.,You must try the sweets,You must try the sweets]",,"[You can call me Abhijit,Pani puri sounds great!,Just one plate please,Mild is fine for me,Sometimes, not too often.,Sometimes I eat dahi puri.,It's sweet and tangy.,Not right now.,Maybe something creative.,Maybe something with art.,Something related to art.,I love sculptures.,Maybe in a museum.,Maybe managing exhibitions.,I saw a bronze one.,It was a statue.,It was a famous person.,It was a historical figure.,I am not sure.,Okay, let's see the menu.,What do you recommend?,I'll try the dal makhani.,I'll have a lassi.,Yes, please share.,Let's wait for dessert.,Ask for the bill, please.,Yes, definitely!,I like the cafe nearby.,They have great coffee.,Yes, they have amazing pastries.,Okay, maybe next time.,Something light and healthy.,Fruit salad sounds good.,No, just plain is fine.,You can call me Abhijit,I belong to Kolkata,It's my hometown,The vibe of the city.,You must try the sweets]"
8743599,"[Uddesh,Uddesh,I am from Maharashtra Nagpur,I am from Maharashtra Nagpur,Nothing my home is there,Nothing my home is there,Yes,Yes,Learn new phrases,Learn new phrases,Learn new phrases,English,English,Conversation,Conversation,Conversation,I no abel to speak in English,I no abel to speak in English,I no abel to speak in English,Yes can u help me to abel to speak in English,Yes can u help me to abel to speak in English,Tell me about my hobbies,Reading books is my hobby.,Reading books is my hobby.,Theology,Theology,No now just i am searching english learning,No now just i am searching english learning,Let's practice interview.,Let's practice interview.,Uddesh,Uddesh,Today I didn't did work,Today I didn't did work,Ok,Pastoral,Iam uddesh,Iam uddesh,Student,Student,BTh,BTh,Batchlar of theology,Batchlar of theology,I want to know about thisq,I want to know about thisq,Study about God,Study about God,It's about spiritual growth.,It's about spiritual growth.,Yes both,Yes both,Hm,Hm,Hm]",,"[Uddesh,I am from Maharashtra Nagpur,Nothing my home is there,Yes,Learn new phrases,English,Conversation,I no abel to speak in English,Yes can u help me to abel to speak in English,Tell me about my hobbies,Reading books is my hobby.,Theology,No now just i am searching english learning,Let's practice interview.,Uddesh,Today I didn't did work,Ok,Pastoral,Iam uddesh,Student,BTh,Batchlar of theology,I want to know about thisq,Study about God,It's about spiritual growth.,Yes both,Hm]"
8338233,"[Good morning Riya,Good morning Riya,My name is pratap,My name is pratap,I am from Maharastra,I am from Maharastra,Kalyan Mumbai,Kalyan Mumbai,I am business man and shopkeeper,I am business man and shopkeeper,Lebour supplyar for house keeping and part taim kiranas stor,Lebour supplyar for house keeping and part taim kiranas stor,My name is pratap bodade,My name is pratap bodade,I am not  interested watch movies,I am not  interested watch movies,Only i will try learning and tolk in english so pl help,Only i will try learning and tolk in english so pl help,Only i will try learning and tolk in english so pl help,You can call me [Name],You can call me [Name],What kind of pool?,Thank you.,Thanks,Thanks,Yeah.,वह दादा तेरे को है जिया है पानी जाती है.,Craving mens,Craving mens,Craving mens,Thank you.,Thanks,Thanks,What is craving,What is craving,What is craving,Please.,Something.,Listo.,I will talk to you in english can you taolk to me,I will talk to you in english can you taolk to me,Just what are doing,Just what are doing,Actually i should have practice,Actually i should have practice,Sorry,Sorry,My name is pratap bodade,My name is pratap bodade,Yes, I am.from Maharastra Mumbai,Yes, I am.from Maharastra Mumbai,Yes, I am.from Maharastra Mumbai,I am business man for construction and Lebour,I am business man for construction and Lebour,Quarry crushar opretion,Quarry crushar opretion,Sorry l am not understanding,Sorry l am not understanding,Ya,Ya,I enjoying in quarry maining,I enjoying in quarry maining,I enjoying in quarry maining,Safety procedures are challenging.,Safety procedures are challenging.,Safety procedures are challenging.,Right mam,Right mam,Gaid me,Procedures ka matlab kay hota hi,Procedures ka matlab kay hota hi,Procedures ka matlab kay hota hi,I am bussy i call you after some time,I am bussy i call you after some time,Okay, thank you!,Okay, thank you!]",,"[Good morning Riya,My name is pratap,I am from Maharastra,Kalyan Mumbai,I am business man and shopkeeper,Lebour supplyar for house keeping and part taim kiranas stor,Hello?,Hello?,Hello?,आपको,आपको,आपको,आप पछता की कुछ फ़ायदा नहीं है English में बताओ.,आप पछता की कुछ फ़ायदा नहीं है English में बताओ.,आप पछता की कुछ फ़ायदा नहीं है English में बताओ.,Right. But हिंदी translation to English नहीं होगा.,Right. But हिंदी translation to English नहीं होगा.,Right. But हिंदी translation to English नहीं होगा.,¿Aló?,My name is pratap bodade,I am not  interested watch movies,Only i will try learning and tolk in english so pl help,You can call me [Name],Thanks,Craving mens,Thanks,What is craving,I will talk to you in english can you taolk to me,Just what are doing,Actually i should have practice,Sorry,My name is pratap bodade,Yes, I am.from Maharastra Mumbai,I am business man for construction and Lebour,Quarry crushar opretion,Sorry l am not understanding,Ya,I enjoying in quarry maining,Safety procedures are challenging.,Right mam,Gaid me,Procedures ka matlab kay hota hi,I am bussy i call you after some time,Okay, thank you!]"
8478758,"[¿Aló? I'm Manny.,¿Aló? I'm Manny.,Yes. I'm from India.,Yes. I'm from India.,From Delhi,,From Delhi,,I'm live in Delhi.,I'm live in Delhi.,And three day.,And three day.,I live here always.,I live here always.,I am live in dehli,I am live in dehli]",,"[¿Aló? I'm Manny.,Yes. I'm from India.,From Delhi,,I'm live in Delhi.,And three day.,I live here always.,I am live in dehli]"
8699153,"[You can call me [rupsing],You can call me [rupsing],I want to try something new.,I want to try something new.,Chaat sounds good!,Chaat sounds good!,You can call me R...,I'm from a small town.,I'm from a small town.,It's very peaceful there.,It's very peaceful there.,I miss the quiet streets.,I miss the quiet streets.,No,No,There are many things to do,There are many things to do,Villege,Villege,The nature is beautiful.,The nature is beautiful.]",,"[You can call me [rupsing],I want to try something new.,Chaat sounds good!,You can call me R...,I'm from a small town.,It's very peaceful there.,I miss the quiet streets.,No,There are many things to do,Villege,The nature is beautiful.,Yeah. I can start practice.,Yeah. I can start practice.,Yeah. I can start practice.,I want to talk to the the daily life.,I want to talk to the the daily life.,I want to talk to the the daily life.,Wake up for morning ten o'clock.,Wake up for morning ten o'clock.,Wake up for morning ten o'clock.,That is Sunday. Today is Sunday. So late wake up.,That is Sunday. Today is Sunday. So late wake up.,That is Sunday. Today is Sunday. So late wake up.,I don't know. Now is the night Mhmm. Hi. Think I'll sleep.,I don't know. Now is the night Mhmm. Hi. Think I'll sleep.,I don't know. Now is the night Mhmm. Hi. Think I'll sleep.,I will wake up for tomorrow, seven o'clock, and ready for the job.,I will wake up for tomorrow, seven o'clock, and ready for the job.,I will wake up for tomorrow, seven o'clock, and ready for the job.,I'm going office on nine thirty. Start my office.,I'm going office on nine thirty. Start my office.,I'm going office on nine thirty. Start my office.,My job is salesperson. Loan is bus.,My job is salesperson. Loan is bus.,My job is salesperson. Loan is bus.,Anyone apply for for a loan guide some,Anyone apply for for a loan guide some,Anyone apply for for a loan guide some,Ok.,Ok.,Ok.,I suggest anyone applied for a her platform. So I'm guide this person, and,I suggest anyone applied for a her platform. So I'm guide this person, and,I suggest anyone applied for a her platform. So I'm guide this person, and,I advise civil based customer.,I advise civil based customer.,I advise civil based customer.,Definitely no approved.,Definitely no approved.,Definitely no approved.,Auto damage,Auto damage,Auto damage,You applied for already other five to three inquiry.,You applied for already other five to three inquiry.,You applied for already other five to three inquiry.,One hours of twenty five to thirty,One hours of twenty five to thirty,One hours of twenty five to thirty,No. Not this is a burden.,No. Not this is a burden.,No. Not this is a burden.,Early target,Early target,Early target,Here we are three to five complete.,Here we are three to five complete.,Here we are three to five complete.,Hot m one two but is pressurized.,Hot m one two but is pressurized.,Hot m one two but is pressurized.,Every time telling him how much, how much, how much. So I'm,Every time telling him how much, how much, how much. So I'm,Every time telling him how much, how much, how much. So I'm,Okay. My TL and manager is every ARR asking him how much your target or,Okay. My TL and manager is every ARR asking him how much your target or,Okay. My TL and manager is every ARR asking him how much your target or,Yeah,Yeah,Yeah,Okay,Okay,Okay,What I'm,What I'm,What I'm]"
8281473,"[Hi mera lesl,Hi mera lesl,Mera lesn,Mera lesn,Mera english bol ne ka lesn,Mera english bol ne ka lesn,Hello.,Thank You,Yes!,No.,Please,Sorry,,Me plain.,Pen.,Please give me,I'm sorry,I leave,Mu je bat kni he,Mu je bat kni he,Nita,Nita,Mu je english sikha ni he,Mu je english sikha ni he,Mu je english sikha ni he,Dhanya thank you Riya,tum kahan I live it home,yes so mating,I student in Delhi near,home,kya Tumhen padhaai Nahin Koi madad ko chahie,thank you thank you Riya,Name. Name.,My name is Neeta.,What is this name?,Vortex,is your name.,I am for India.,I am from India.,Hay,am from India.,I am from India.,War yards for,One hormone.,Warrior Perman.,Ver,je je hier your former,I work salon,I am work,What do you do?,New.,Name.,My name is Nita.,What is your name?,I'm for बुजरात.,I'm for गुजरात.,I'm for Gujarat.,I'm Forum,It's home,Where I form.,Where I form.,Ver ahi form,Pardon?,I work,What do]",,"[Hi mera lesl,Mera lesn,Mera english bol ne ka lesn,Mu je bat kni he,Nita,Mu je english sikha ni he]"
8731963,"[Hello?,Thank you.,Yes.,No.,Blitz,Please.,My name is sagar,My name is sagar,I am syay in cuttack,I am syay in cuttack,I am a hoteliers,I am a hoteliers,Food and beverage Department,Food and beverage Department,Lassi and Fish,Lassi and Fish,Yes i will served all guest,Yes i will served all guest,Orange flavour,Orange flavour,Fish finger,Fish finger,Please should be check my question to answer,Kya kor rahahe,Kya kor rahahe]",,"[My name is sagar,I am syay in cuttack,I am a hoteliers,Food and beverage Department,Lassi and Fish,Yes i will served all guest,Orange flavour,Fish finger,Please should be check my question to answer,Kya kor rahahe]"
8222692,[Hi],,"[Hi,Garage,Garage,Garage]"
7919743,"[My order is pizza.,My order is pizza.,No tense,No tense,I'll discuss with you. My problems.,I'll discuss with you. My problems.,Hingus.,Hingus.,Only some,Only some,I'm from Meerut.,I'm from Meerut.,Yes. I living like, there.,Yes. I living like, there.,Madrasi dosa like in merit.,Madrasi dosa like in merit.,Madrasi dosa like in merit.,Latouz restaurant.,Latouz restaurant.,Yes, it is famous.,Yes, it is famous.,Yes. Black,Yes. Black,Yes. Black]",,"[My order is pizza.,No tense,I'll discuss with you. My problems.,Hingus.,Only some,I'm from Meerut.,Yes. I living like, there.,Madrasi dosa like in merit.,Latouz restaurant.,Yes, it is famous.,Yes. Black]"
8780506,"[No chat do you mam,No chat do you mam,My name is Arti sharma,My name is Arti sharma,Yes mam,Yes mam,I am a hindi teacher.,I am a hindi teacher.,School pariser me english bolna nhi ati,School pariser me english bolna nhi ati,School pariser me english bolna nhi ati,Mam me visit par nhi jaungi english translate,Mam me visit par nhi jaungi english translate,Mam me visit par nhi jaungi english translate]",,"[No chat do you mam,My name is Arti sharma,Yes mam,I am a hindi teacher.,School pariser me english bolna nhi ati,Mam me visit par nhi jaungi english translate]"
8293973,"[Hai riya how do you,My name is lc arora . I'm fifty five yearold,My name is lc arora . I'm fifty five yearold,Im fine,Im fine,Iwant learn some sentences ,with you,Iwant learn some sentences ,with you,Iwant learn some sentences ,with you,Daily useable .,Daily useable .,Daily useable .,Yes im ready,Yes im ready,This sentence. Plz talk me in hindi,This sentence. Plz talk me in hindi]",,"[Hai riya how do you,My name is lc arora . I'm fifty five yearold,Im fine,Iwant learn some sentences ,with you,Daily useable .,Yes im ready,This sentence. Plz talk me in hindi,In English Please. I don't know more English.,In English Please. I don't know more English.,In English Please. I don't know more English.,Since दिनी दिनी use wording and sentence.,Since दिनी दिनी use wording and sentence.,Since दिनी दिनी use wording and sentence.,Son Song singing.,Son Song singing.,Son Song singing.,Raffiggi chi sorgi?,Raffiggi chi sorgi?,Raffiggi chi sorgi?,एक singing old song old गाने, Luffy जी के रफ़ी जी के, मुकेश जी के, किशोर जी के, लताजी के,,एक singing old song old गाने, Luffy जी के रफ़ी जी के, मुकेश जी के, किशोर जी के, लताजी के,,एक singing old song old गाने, Luffy जी के रफ़ी जी के, मुकेश जी के, किशोर जी के, लताजी के,,मोहम्मद रफ़ी जी,,मोहम्मद रफ़ी जी,,मोहम्मद रफ़ी जी,,बाबुल की तुम्हारे ले ती जा,बाबुल की तुम्हारे ले ती जा,बाबुल की तुम्हारे ले ती जा,Ah, Mukehji दुनिया बनाने वाले कोहे को दुनियां बनाई काहे कुद,Ah, Mukehji दुनिया बनाने वाले कोहे को दुनियां बनाई काहे कुद,Ah, Mukehji दुनिया बनाने वाले कोहे को दुनियां बनाई काहे कुद,बहुत बहुत सारे गीत हैं मुकेश जी के लता जी के हैं. लता जी,बहुत बहुत सारे गीत हैं मुकेश जी के लता जी के हैं. लता जी,बहुत बहुत सारे गीत हैं मुकेश जी के लता जी के हैं. लता जी,Teriya de Jovla,,Teriya de Jovla,,Teriya de Jovla,,This sound है यह.,This sound है यह.,This sound है यह.,मुझे न्यादे आने वाला,मुझे न्यादे आने वाला,मुझे न्यादे आने वाला,और कोई वाक्य sentence बताइए? English में,और कोई वाक्य sentence बताइए? English में,और कोई वाक्य sentence बताइए? English में,Yes. Yes.,Yes. Yes.,Yes. Yes.,आप खाना कब खाओगे?,आप खाना कब खाओगे?,आप खाना कब खाओगे?,बोल रहा हूं आप English में बताइए. आपने खाना खा लिया,बोल रहा हूं आप English में बताइए. आपने खाना खा लिया,बोल रहा हूं आप English में बताइए. आपने खाना खा लिया,आपने बाज़ार से क्या खरीदा?,आपने बाज़ार से क्या खरीदा?,आपने बाज़ार से क्या खरीदा?]"
8053566,"[You can call me [Name],You can call me [Name],I'm from Delhi,I'm from Delhi,I love the fast pace.,I love the fast pace.,I love exploring markets.,I love exploring markets.,I enjoy shopping for clothes.,I enjoy shopping for clothes.,My name is Priya,My name is Priya,I'm from Delhi.,I'm from Delhi.,I work in Delhi.,I work in Delhi.,I work m,I work m,I like working with people.,I like working with people.,I enjoy understanding their needs.,I enjoy understanding their needs.,Meeting new clients is fun,Meeting new clients is fun,Mostly small businesses.,Mostly small businesses.,Helping them grow is rewarding.,Helping them grow is rewarding.,Their happy feedback.,Their happy feedback.,Their happy feedback.,It's Aenam,It's Aenam,I am from India,I am from India,Bihar,Bihar,Bihar,Liti chokha,Liti chokha,Yes,Yes,The people are very friendly.,The people are very friendly.,Holi is the best.,Holi is the best.,Holi is the best.,Just call me by my name,Just call me by my name,I am from Mumbai.,I am from Mumbai.,It's always lively.,It's always lively.,It's always lively.,Going to the beach is fun.,Going to the beach is fun.,Juhu beach is my favorite.,Juhu beach is my favorite.]",,"[You can call me [Name],I'm from Delhi,I love the fast pace.,I love exploring markets.,I enjoy shopping for clothes.,My name is Priya,I'm from Delhi.,I work in Delhi.,I work m,I like working with people.,I enjoy understanding their needs.,Meeting new clients is fun,Mostly small businesses.,Helping them grow is rewarding.,Their happy feedback.,तू पागल है. खासी.,तू पागल है. खासी.,तू पागल है. खासी.,How are you?,How are you?,How are you?,Doing?,Doing?,Doing?,English drama.,English drama.,English drama.,हम English नहीं आती है तुम समझो हम English.,हम English नहीं आती है तुम समझो हम English.,हम English नहीं आती है तुम समझो हम English.,तुम हिंदी में नहीं बोल सकते? Password डाल दो बजे.,तुम हिंदी में नहीं बोल सकते? Password डाल दो बजे.,तुम हिंदी में नहीं बोल सकते? Password डाल दो बजे.,No. I am not working. They are difficult for you. I believe of what medical side steps are.,No. I am not working. They are difficult for you. I believe of what medical side steps are.,No. I am not working. They are difficult for you. I believe of what medical side steps are.,To go to market. My English is good.,To go to market. My English is good.,To go to market. My English is good.,If we,If we,If we,काजी और मैं समझ रहा हूं आप pumpkin.,काजी और मैं समझ रहा हूं आप pumpkin.,काजी और मैं समझ रहा हूं आप pumpkin.,Hands for you For give me sentence for going to the market and buy. Anything.,Hands for you For give me sentence for going to the market and buy. Anything.,Hands for you For give me sentence for going to the market and buy. Anything.,English. Sentences,English. Sentences,English. Sentences,Cappuccino, vale un lindo cappuccino.,Hello. My name is Anaz. किस सौ अपने भागट है?,Hello. My name is Anaz. किस सौ अपने भागट है?,Hello. My name is Anaz. किस सौ अपने भागट है?,Esto English, grammar?,Esto English, grammar?,Esto English, grammar?,My school.,My school.,My school.,My classroom is very big. And my school classroom is hundred plus classroom.,My classroom is very big. And my school classroom is hundred plus classroom.,My classroom is very big. And my school classroom is hundred plus classroom.,See? My classroom is most beautiful My classroom fan.,See? My classroom is most beautiful My classroom fan.,See? My classroom is most beautiful My classroom fan.,Peanuts. सही साहब तुम्हारा,Peanuts. सही साहब तुम्हारा,Peanuts. सही साहब तुम्हारा,Mag? You are talking Hindi?,Mag? You are talking Hindi?,Mag? You are talking Hindi?,प्यार जा रहा हूँ English में कैसे बोलेंगे?,प्यार जा रहा हूँ English में कैसे बोलेंगे?,प्यार जा रहा हूँ English में कैसे बोलेंगे?,I am going to the market. I tell me, I write English.,I am going to the market. I tell me, I write English.,I am going to the market. I tell me, I write English.,एक, a pumpkin, a big pumpkin,,एक, a pumpkin, a big pumpkin,,एक, a pumpkin, a big pumpkin,,Yes.,Yes.,Yes.,Chat, चल Yes. अब माल चलाएगा कुछ?,Chat, चल Yes. अब माल चलाएगा कुछ?,Chat, चल Yes. अब माल चलाएगा कुछ?,Can you give me sentences and I'll tap this.,Can you give me sentences and I'll tap this.,Can you give me sentences and I'll tap this.,¿O qué?,¿O qué?,¿O qué?,Días Yes.,Días Yes.,Días Yes.,Yes.,Yes.,Yes.,मैं English सीख रहा हूँ.,मैं English सीख रहा हूँ.,मैं English सीख रहा हूँ.,Yes. Ready.,Yes. Ready.,Yes. Ready.,It's Aenam,I am from India,Bihar,Liti chokha,Yes,The people are very friendly.,Holi is the best.,Hello, रिया.,Hello, रिया.,Hello, रिया.,Are you?,Are you?,Are you?,My horse is,My horse is,My horse is,सारी को,सारी को,सारी को,I work from home.,I work from home.,I work from home.,Data entry here.,Data entry here.,Data entry here.,Gente,Gente,Gente,Just call me by my name,I am from Mumbai.,It's always lively.,Going to the beach is fun.,Juhu beach is my favorite.,Yes, I love it!]"
8470349,"[Hello,,Thank you.,Yes.,No.,Nice to meet you Riya but no order,Nice to meet you Riya but no order,I am waiting for my friend,I am waiting for my friend,Prince,Prince,Sorry,Sorry]",,"[Nice to meet you Riya but no order,I am waiting for my friend,Prince,Sorry]"
8348948,"[You can call me Lochan,You can call me Lochan,I work in IT.,I work in IT.,Sorry, I am a student,Sorry, I am a student,Sorry, I am a student,You can call me Lochan,You can call me Lochan,You can call me Lochan,You can call me Lochan,I am a student,I am a student,I'm studying Maths Hindi,I'm studying Maths Hindi,I like numbers,I like numbers,You can call me Lochan,You can call me Lochan,I live here already.,I live here already.,The people are very friendly.,The people are very friendly.,I love exploring new cafes.,I love exploring new cafes.,I like cricket,I like cricket,You can call me Lochan,You can call me Lochan,I am a student.,I am studying engineering.,I am studying engineering.,Maths and Hindi,Maths and Hindi,Yes, Applied Maths.,Yes, Applied Maths.,You can call me Lochan,You can call me Lochan,I am a student.,I am studying engineering.,I am studying engineering.,Mechanical engineering.,Mechanical engineering.,Yes, it is tough,Yes, it is tough,Yes, it is very interesting,Yes, it is very interesting,You ✨,You ✨,You can call me Lochan,You can call me Lochan,I am a student.,I am studying engineering.,I am studying engineering.,I study Mechanical Engineering.,I study Mechanical Engineering.,I study Mechanical Engineering.,I like designing things.,I like designing things.,I like designing things.,Yes, I designed a small robot.,Yes, I designed a small robot.,It was for a college project.,It was for a college project.,It could move around.,It could move around.,It had motors.,It had motors.,Yes, I programmed it.,Yes, I programmed it.,I used Rohan,I used Rohan,Yes, I meant Python.,Yes, I meant Python.,I don't like python I like Rohan,I don't like python I like Rohan,I don't like python I like Rohan,Robot name is Rohan,Robot name is Rohan,It is a learning robot.,It is a learning robot.,It learns programming.,It learns programming.,Yes, it learns Python.,Yes, it learns Python.,Yes, it's very smart.,Yes, it's very smart.,Probably helpful apps.,Probably helpful apps.,And game also,And game also,Yes, that's the plan.,Yes, that's the plan.,Maybe design skills?,Maybe design skills?,Graphic design maybe,Graphic design maybe,He likes digital art.,He likes digital art.,He likes creating characters.,He likes creating characters.,Maybe comic books?,Maybe comic books?,He likes anime style.,He likes anime style.,He likes anime style.]",,"[You can call me Lochan,I work in IT.,Sorry, I am a student,You can call me Lochan,You can call me Lochan,I am a student,I'm studying Maths Hindi,I like numbers,You can call me Lochan,I live here already.,The people are very friendly.,I love exploring new cafes.,I like cricket,You can call me Lochan,I am a student.,I am studying engineering.,Maths and Hindi,Yes, Applied Maths.,You can call me Lochan,I am a student.,I am studying engineering.,Mechanical engineering.,Yes, it is tough,Yes, it is very interesting,You ✨,You can call me Lochan,I am a student.,I am studying engineering.,I study Mechanical Engineering.,I like designing things.,Yes, I designed a small robot.,It was for a college project.,It could move around.,It had motors.,Yes, I programmed it.,I used Rohan,Yes, I meant Python.,I don't like python I like Rohan,Robot name is Rohan,It is a learning robot.,It is a learning robot.,It learns programming.,Yes, it learns Python.,Yes, it's very smart.,Probably helpful apps.,And game also,Yes, that's the plan.,Maybe design skills?,Graphic design maybe,He likes digital art.,He likes creating characters.,Maybe comic books?,He likes anime style.]"
8481134,"[Hello.,Thank You,Yes.,Like no,Please.,Sure.,Sorry.,Please give me the,Well, am sorry.,I am sorry.,I am Shaheen khan,I am Shaheen khan,I live in Mumbai.,I live in Mumbai.,I do freelancing.,I do freelancing.,Cooking,Cooking,House waif,House waif,House waif,My specialty is biryani.,My specialty is biryani.,Yes, chicken biryani.,Yes, chicken biryani.,Yes, chicken biryani.,My secret is yogurt marinade.,My secret is yogurt marinade.,My secret is yogurt marinade.,I also make good paneer butter masala.,I also make good paneer butter masala.,I also make good paneer butter masala.,Both are good for me.,Both are good for me.,Oh, I love that restaurant!,Oh, I love that restaurant!,Their naan is the best.,Their naan is the best.,I like plain naan better.,I like plain naan better.,Thanks]",,"[I am Shaheen khan,I live in Mumbai.,I do freelancing.,Cooking,House waif,My specialty is biryani.,Yes, chicken biryani.,My secret is yogurt marinade.,I also make good paneer butter masala.,Both are good for me.,Oh, I love that restaurant!,Their naan is the best.,I like plain naan better.,Thanks]"
7940199,"[I am Sonu,I am Sonu,I do the work.,I am electrician,I am electrician,Mujhe abhi english learning karna hai hai madam.,Mujhe abhi english learning karna hai hai madam.,Mujhe abhi english learning karna hai hai madam.,Yes, I want to learn,Yes, I want to learn,Yes, I want to learn,Kya aap hindi me bat kar sakti hai,Kya aap hindi me bat kar sakti hai]",,"[I am Sonu,I do the work.,I am electrician,Mujhe abhi english learning karna hai hai madam.,Yes, I want to learn,Kya aap hindi me bat kar sakti hai,Tell me a story,Tell me a story,Tell me a story,Funny stories,Funny stories,Funny stories,Yes, tell me!,Yes, tell me!,Yes, tell me!,What happened next?,What happened next?,What happened next?]"
8419233,"[I'm not sure yet.,I'm not sure yet.,What are the specials?,What are the specials?,What are the specials?,Paneer tikka masala, please.,Paneer tikka masala, please.,Yes, garlic naan please.,Yes, garlic naan please.,I'll have a lassi.,I'll have a lassi.,Sounds perfect,Sounds perfect,Sounds perfect,No, thank you.,No, thank you.,Yes, let's talk next time.,Yes, let's talk next time.,Thanks, bye!,Thanks, bye!,Thanks, see you soon.,Thanks, see you soon.,Now also,Can I have some water?,Can I have some water?,What are your specials?,What are your specials?,I'll try the Fish Fry,I'll try the Fish Fry,No thanks,No thanks,Just water is fine.,Just water is fine.,No, thank you.,No, thank you.,No, thank you.,No, I'm full.,No, I'm full.,No, I'm full.,Okay, I'm ready.,Okay, I'm ready.,Cash is fine.,Cash is fine.,Cash is fine.,I will come again.,I will come again.,I will come again.,Everything was delicious,Everything was delicious,Everything was delicious,The curry was amazing.,The curry was amazing.,The curry was amazing.,Yes, I would love to.,Yes, I would love to.,Yes, I love Gulab Jamun!,Yes, I love Gulab Jamun!,Yes, I love Gulab Jamun!,Sure, I'll try it.,Sure, I'll try it.,Nothing else for now.,Nothing else for now.,Nothing else for now.,Maybe later, thanks.,Maybe later, thanks.,Maybe later, thanks.,Yes, please bring the bill.,Yes, please bring the bill.,Cash, please.,Cash, please.,Thank you, bye!,See you later!,Just some regular veggies.,Just some regular veggies.,Just the potatoes,Just the potatoes,Big ones are fine,Big ones are fine,Two kilos is fine,Two kilos is fine,What about tomatoes,What about tomatoes,Medium ones are good,Medium ones are good,Two kilos, I think,Two kilos, I think,No, that's all,No, that's all,Thanks, you too!,Maybe, I will see,Maybe, I will see,Yes please pack them,Yes please pack them,No, thank you.,No, thank you.,See you later!,See you later!,I don't know yet.,I don't know yet.,Mostly seasonal vegetables.,Mostly seasonal vegetables.,I love cauliflower,I love cauliflower,Both ways are good.,Both ways are good.,Depends on the price,Depends on the price,Depends on the quantity,Depends on the quantity,Depends on the recipe.,Depends on the recipe.,Maybe some paneer dish,Maybe some paneer dish,Sometimes, when I have time.,Sometimes, when I have time.,Shahi paneer is my favorite.,Shahi paneer is my favorite.,I like using a paste.,I like using a paste.,I like using a paste.,I sometimes make my own paste.,I sometimes make my own paste.,I sometimes make my own paste.,Spices and cashews mostly.,Spices and cashews mostly.,Sometimes I add ginger.,Sometimes I add ginger.,I like fresh ginger.,I like fresh ginger.,I just crush it.,I just crush it.,Mostly already ground,Mostly already ground,Yes, I think so.,Yes, I think so.,Yes, mostly ground.,Yes, mostly ground.,Only for garam masala.,Only for garam masala.,No, I buy it ready-made.,No, I buy it ready-made.,Yes, it's very convenient.,Yes, it's very convenient.,Yes, I like Everest.,Yes, I like Everest.,Yes, it smells great.,Yes, it smells great.,Their chilli powder is good too.,Their chilli powder is good too.,Yes, I have.,Yes, I have.,Buying groceries today,Just a few things.,Just a few things.,Need some snacks,Need some snacks,I like both actually,I like both actually,Maybe some Indian snacks.,Maybe some Indian snacks.,Bhujia sounds great!,Bhujia sounds great!,Small packet is fine.,Small packet is fine.,I need some milk.,I need some milk.,Toned milk is good,Toned milk is good,No, that's all for now.,No, that's all for now.,Thank you!,Thank you.,Yes,No,,Please,,Sorry.,Please, do not depend.,Please give me the,I'm sorry,Name,How's she?,My name is,What is your name?,Hi. I'm from,E eu só.,Where are you from?,The house is right.,I work as a housewife.,What do you do?,I am learning English,Like,I like,I like,Torquilai,I don't like,I don't,I don't like,Do you,You like smaller?,Do you like,Really?,I really like,Sing singing song.,I really,Watch, watch and in देखना.,I watch,Read.,I read,Play,I play,I like watching bird,I like reading,I like play,Free trade,What do you do in your,I like I like,Sometimes.,Sometimes I,Yes, of course.,Yes, of course.,Turn left at the corner.,Turn left at the corner.,Take the second right.,Take the second right.,You got it.,You got it.,Not too far, maybe 10 mins.,Not too far, maybe 10 mins.,Not too far, maybe 10 mins.,Thanks, bye!,Hey Riya would you like to teach me grammar..?,Hey Riya would you like to teach me grammar..?,Sure, directions sound good.,Sure, directions sound good.,How do I get to Bangalore Palace?,How do I get to Bangalore Palace?,How do I get to Bangalore Palace?,Where is UB City?,Where is UB City?,Where is UB City?,I'd ask for the shop name.,I'd ask for the shop name.,I'd ask for the shop name.,Lalbagh Botanical Garden,Lalbagh Botanical Garden,Lalbagh Botanical Garden,Yes, let's do one more.,Yes, let's do one more.,How do I find the metro?,How do I find the metro?,How do I find the metro?,Yes, I'll try,Yes, I'll try,Excuse me, where is the metro?,Excuse me, where is the metro?,Excuse me, where is the metro?,Could you please tell me?,Could you please tell me?,Could you please tell me?,Yes, I'll try that.,Yes, I'll try that.,Yes, I'll try that.,Could you tell me where...,Could you tell me where...,Could you tell me where the bus stop is?,Could you tell me where the bus stop is?,Could you tell me where the bus stop is?,Could you tell me where the train station is?,Could you tell me where the train station is?,Can you recommend a restaurant?,Can you recommend a restaurant?,How do I find an ATM?,How do I find an ATM?,Could you tell me the time?,Could you tell me the time?,How do I get to the hospital?,How do I get to the hospital?,How to reach the hotel?,How to reach the hotel?,How to reach the hotel?,Excuse me, how do I get there?,Excuse me, how do I get there?,Excuse me, how do I get there?,I'm looking for the Taj Hotel.,I'm looking for the Taj Hotel.,How far is it?,How far is it?,How far is it?,Taxi sounds good.,Taxi sounds good.,Yes, please help.,Yes, please help.,Yes, please help.,Okay, I'll try that.,Okay, I'll try that.,Okay, I'll try that.,Okay, thank you!,Okay, thank you!,Thank you so much!,Thank you so much!,Thank you, Riya!,Thank you, Riya!,do you like reading to,Morning.,Morning,Y un ninho,Evening.,In the evening.,Noi,No.,Night.,At night,Wake up,Hi, wake up in the morning.,Sí.,Eat.,I eat breakfast.,Hugo,I go to,Sleep,I sleep at night,What time do you?,What time do you wake up?,What time do you sleep?,Hold,Home.,I'm home.,What's your day?,My day was,My day was tired,I'm Emily,Hi. I'm,I am hungry.,Forty Nine,What's for dinner?,Mom, I need help,Can I go to my]",,"[I'm not sure yet.,What are the specials?,Paneer tikka masala, please.,Yes, garlic naan please.,I'll have a lassi.,Sounds perfect,No, thank you.,Yes, let's talk next time.,Thanks, bye!,Thanks, see you soon.,Now also,Can I have some water?,What are your specials?,I'll try the Fish Fry,No thanks,Just water is fine.,No, thank you.,No, I'm full.,Okay, I'm ready.,Cash is fine.,I will come again.,Everything was delicious,The curry was amazing.,Yes, I would love to.,Yes, I love Gulab Jamun!,Sure, I'll try it.,Nothing else for now.,Maybe later, thanks.,Yes, please bring the bill.,Cash, please.,Thank you, bye!,See you later!,Just some regular veggies.,Just the potatoes,Big ones are fine,Two kilos is fine,What about tomatoes,Medium ones are good,Two kilos, I think,No, that's all,Thanks, you too!,Maybe, I will see,Yes please pack them,No, thank you.,See you later!,I don't know yet.,Mostly seasonal vegetables.,I love cauliflower,Both ways are good.,Depends on the price,Depends on the quantity,Depends on the recipe.,Maybe some paneer dish,Sometimes, when I have time.,Shahi paneer is my favorite.,I like using a paste.,I sometimes make my own paste.,Spices and cashews mostly.,Sometimes I add ginger.,I like fresh ginger.,I just crush it.,Mostly already ground,Yes, I think so.,Yes, mostly ground.,Only for garam masala.,No, I buy it ready-made.,Yes, it's very convenient.,Yes, I like Everest.,Yes, it smells great.,Their chilli powder is good too.,Yes, I have.,Buying groceries today,Just a few things.,Need some snacks,I like both actually,Maybe some Indian snacks.,Bhujia sounds great!,Small packet is fine.,I need some milk.,Toned milk is good,No, that's all for now.,Thank you!,Yes, of course.,Turn left at the corner.,Take the second right.,You got it.,Not too far, maybe 10 mins.,Thanks, bye!,Hey Riya would you like to teach me grammar..?,Sure, directions sound good.,How do I get to Bangalore Palace?,Where is UB City?,I'd ask for the shop name.,Lalbagh Botanical Garden,Yes, let's do one more.,How do I find the metro?,Yes, I'll try,Excuse me, where is the metro?,Could you please tell me?,Yes, I'll try that.,Could you tell me where...,Could you tell me where the bus stop is?,Could you tell me where the train station is?,Can you recommend a restaurant?,How do I find an ATM?,Could you tell me the time?,How do I get to the hospital?,How to reach the hotel?,Excuse me, how do I get there?,I'm looking for the Taj Hotel.,How far is it?,Taxi sounds good.,Yes, please help.,Okay, I'll try that.,Okay, thank you!,Thank you so much!,Thank you, Riya!]"
5583294,"[Mystery novels,Mystery novels,Hi,My name is mba,My name is mba,Iam from hydrabad,Iam from hydrabad,Yes do you like to come to hydrabad,Yes do you like to come to hydrabad,Like to eat biryani,Like to eat biryani,You think what you want eat,You think what you want eat,Good morning.,In the morning,Evening.,Evening,Night,At night,Wake up!,Morning.,I wake up in the morning.,Eight.,Eight.,Eat,I eat breakfast.,Go,Book.,I go to the site.,Sleep,Nike.,I sleep at,What time do you,What time do,What time do you sleep,actually I go to the gym morning time and anytime I go to the work,Home,I'm home.,How was your day?,My day was,É o a styrene.,My day was starting.,Three,I'm hungry.,Sworldino,What's for dinner?,Mom,,I need help.,Can I go to my]",,"[Yeah. We will speak. To,Yeah. We will speak. To,Yeah. We will speak. To,You are my teaching, but you must decide what we have to talk to about.,You are my teaching, but you must decide what we have to talk to about.,You are my teaching, but you must decide what we have to talk to about.,Yeah. I like to eat all ten for four because the you the all foods are very benefits of our body.,Yeah. I like to eat all ten for four because the you the all foods are very benefits of our body.,Yeah. I like to eat all ten for four because the you the all foods are very benefits of our body.,I like to eat all type of foods because I love foods.,I like to eat all type of foods because I love foods.,I like to eat all type of foods because I love foods.,Actually, I would like to eat all type of,Actually, I would like to eat all type of,Actually, I would like to eat all type of,Do you have any idea about the food switch for each where you good for our body? Or health.,Do you have any idea about the food switch for each where you good for our body? Or health.,Do you have any idea about the food switch for each where you good for our body? Or health.,Je Tjörner isst beste Päckchen in Griff und,Je Tjörner isst beste Päckchen in Griff und,Je Tjörner isst beste Päckchen in Griff und,My healthy food is apple. Like banana,,My healthy food is apple. Like banana,,My healthy food is apple. Like banana,,Yes,,Yes,,Yes,,Hi, रिया. How are you?,Hi, रिया. How are you?,Hi, रिया. How are you?,Good best to teach you.,Good best to teach you.,Good best to teach you.,Yeah, tell me.,Yeah, tell me.,Yeah, tell me.,Actually, I want to go to Bombay.,Actually, I want to go to Bombay.,Actually, I want to go to Bombay.,I don't know name of it in because I want to go by,I don't know name of it in because I want to go by,I don't know name of it in because I want to go by,अच्छे,अच्छे,अच्छे,Actually, I want to go by Jane's,Actually, I want to go by Jane's,Actually, I want to go by Jane's,Sometimes are there and start to,Sometimes are there and start to,Sometimes are there and start to,Do you have any idea about the trains which trains are going to Mumbai?,Do you have any idea about the trains which trains are going to Mumbai?,Do you have any idea about the trains which trains are going to Mumbai?,Actually, morning. Sea uno,Actually, morning. Sea uno,Actually, morning. Sea uno,Seven o'clock.,Seven o'clock.,Seven o'clock.,Yes. I want to book the ticket. So what is the name of tea? Train?,Yes. I want to book the ticket. So what is the name of tea? Train?,Yes. I want to book the ticket. So what is the name of tea? Train?,Want to know the ticket So what is the mobile update?,Want to know the ticket So what is the mobile update?,Want to know the ticket So what is the mobile update?,Read off to you to one thing only,Read off to you to one thing only,Read off to you to one thing only,I need a friend with only one.,I need a friend with only one.,I need a friend with only one.,Mein persönlichem ist road.,Mein persönlichem ist road.,Mein persönlichem ist road.,Actually, I want to power.,Actually, I want to power.,Actually, I want to power.,Otgoa,Otgoa,Otgoa,Goa,Goa,Goa,Sehen die das hier?,Sehen die das hier?,Sehen die das hier?,Do you have any idea about the drinks?,Do you have any idea about the drinks?,Do you have any idea about the drinks?,No. I understand. What do you to say, but what I'm telling you some type,No. I understand. What do you to say, but what I'm telling you some type,No. I understand. What do you to say, but what I'm telling you some type,Yes. I understand what you want to say. But what I'm telling you,Yes. I understand what you want to say. But what I'm telling you,Yes. I understand what you want to say. But what I'm telling you,I want to ask about a train.,I want to ask about a train.,I want to ask about a train.,Okay. I'm ready.,Okay. I'm ready.,Okay. I'm ready.,I get up at, five. Ten, I went,I get up at, five. Ten, I went,I get up at, five. Ten, I went,Actually, already have one of my ten,Actually, already have one of my ten,Actually, already have one of my ten,Decide,Decide,Decide,I like to read all the workforce because I know how,I like to read all the workforce because I know how,I like to read all the workforce because I know how,Mystery novels,Hi,My name is mba,Iam from hydrabad,Yes do you like to come to hydrabad,Like to eat biryani,You think what you want eat,Me what about you.,Me what about you.,Me what about you.,For my teacher, you have to decide what I want to this,For my teacher, you have to decide what I want to this,For my teacher, you have to decide what I want to this,Hello?,Hello?,Hello?,You tell me what should I do. Because we mustn't need But I mustn't meet till now. What should I do?,You tell me what should I do. Because we mustn't need But I mustn't meet till now. What should I do?,You tell me what should I do. Because we mustn't need But I mustn't meet till now. What should I do?,Tell me what you have to do because I want to learn how to,Tell me what you have to do because I want to learn how to,Tell me what you have to do because I want to learn how to,Speak what Any topic to decide,Speak what Any topic to decide,Speak what Any topic to decide,Do you understand what I want to say? Do you tell me?]"
8491112,"[Diffent type of dose,Diffent type of dose,Diffent type of dose,Diffent type of dose like ragi like on?,Diffent type of dose like ragi like on?,Diffent type of dose like ragi like on?,Wheat dosas, moong dal dosas.,Wheat dosas, moong dal dosas.,Wheat dosas, moong dal dosas.,Yes, I had try with chutney or samber.,Yes, I had try with chutney or samber.,Coconut and putana chutney,Coconut and putana chutney,Coconut and putana chutney,I will prepare at home.,I will prepare at home.,I will prepare at home.,Chiken I like very much,Chiken I like very much,I like spicy chicken dishes,I like spicy chicken dishes,I like spicy chicken dishes,I like chicken 65.,I like chicken 65.,I like chicken 65.,I like to make at home.,I like to make at home.,Cacunut dahi is the secret ingredient.,Cacunut dahi is the secret ingredient.,Cacunut dahi is the secret ingredient.]",,"[What I why what I had to say for you?,What I why what I had to say for you?,What I why what I had to say for you?,Basic english Starting from... I want to start from basic.,Basic english Starting from... I want to start from basic.,Basic english Starting from... I want to start from basic.,Okay.,Okay.,Okay.,Subhodéa,Subhodéa,Subhodéa,Este, na mascara.,Este, na mascara.,Este, na mascara.,CT. Our नमस्कार.,CT. Our नमस्कार.,CT. Our नमस्कार.,Wishing to,Wishing to,Wishing to,I want to talk with, my friends.,I want to talk with, my friends.,I want to talk with, my friends.,Okay. About studies,,Okay. About studies,,Okay. About studies,,आठ subjects,आठ subjects,आठ subjects,Mostly history.,Mostly history.,Mostly history.,Okay.,Okay.,Okay.,Historical places,Historical places,Historical places,Some monuments,Some monuments,Some monuments,Terminal and,Terminal and,Terminal and,ताजमहल,ताजमहल,ताजमहल,I had not visited,I had not visited,I had not visited,It is on the bank of river Which river it is?,It is on the bank of river Which river it is?,It is on the bank of river Which river it is?,No more,No more,No more,Okay.,Okay.,Okay.,About food Let us talk about,About food Let us talk about,About food Let us talk about,Indian foods.,Indian foods.,Indian foods.,Doce italy vada and sakpur,Doce italy vada and sakpur,Doce italy vada and sakpur,Diffent type of dose,Diffent type of dose like ragi like on?,Wheat dosas, moong dal dosas.,Yes, I had try with chutney or samber.,Coconut and putana chutney,I will prepare at home.,Chiken I like very much,I like spicy chicken dishes,I like chicken 65.,I like to make at home.,Cacunut dahi is the secret ingredient.]"
8401706,"[Hello, Ria. I wanted to talk with you,My name is [Pamson],My name is [Pamson],I these days I m practicing english sentences,I these days I m practicing english sentences,I these days I m practicing english sentences,You can call me [Name],You can call me [Name],I'm from Delhi.,I'm from Delhi.,I'm a Doctor,I'm a Doctor,I'm a Doctor of Mental Health,I'm a Doctor of Mental Health,I have my own clinic,I have my own clinic,Yes Riya,Yes Riya,I'm from kapoorthala,I'm from kapoorthala,In kapoorthala weather is so pleasent at all time,In kapoorthala weather is so pleasent at all time,I enjoy to do romance in pleasent weather,I enjoy to do romance in pleasent weather,I enjoy to do romance in pleasent weather,I enjoy to do romance in pleasent weather,Big n large gardens attract me to do romance with my wife,Big n large gardens attract me to do romance with my wife,In kapoorthala japanese garden which we both like most,In kapoorthala japanese garden which we both like most,It has many types of trees all over there,It has many types of trees all over there]",,"[Yeah. I want to practice English with you.,Yeah. I want to practice English with you.,Yeah. I want to practice English with you.,I I wanted to talk about a religion,I I wanted to talk about a religion,I I wanted to talk about a religion,Yeah. Have learned a new word awesome.,Yeah. Have learned a new word awesome.,Yeah. Have learned a new word awesome.,When we see,When we see,When we see,Yep.,Yep.,Yep.,When my daughter make made a cake for me, after,When my daughter make made a cake for me, after,When my daughter make made a cake for me, after,Cake bath very tasty yummy yummy I like,Cake bath very tasty yummy yummy I like,Cake bath very tasty yummy yummy I like,With cherry with cherry, I like the cake. I tasted the cake. Piece of cake.,With cherry with cherry, I like the cake. I tasted the cake. Piece of cake.,With cherry with cherry, I like the cake. I tasted the cake. Piece of cake.,I like vanilla play one.,I like vanilla play one.,I like vanilla play one.,I didn't understand.,I didn't understand.,I didn't understand.,I I very much like vanilla flavor at spam.,I I very much like vanilla flavor at spam.,I I very much like vanilla flavor at spam.,I didn't understand.,I didn't understand.,I didn't understand.,Bam. Mini,Bam. Mini,Bam. Mini,Type of Wizard. There.,Type of Wizard. There.,Type of Wizard. There.,Explain the word desert.,Explain the word desert.,Explain the word desert.,That the meaning of that are in Hindi. Tell me the meaning of dreaded in Hindi.,That the meaning of that are in Hindi. Tell me the meaning of dreaded in Hindi.,That the meaning of that are in Hindi. Tell me the meaning of dreaded in Hindi.,Tell me the simple word,Tell me the simple word,Tell me the simple word,Anyone. Anyone. Anyone.,Anyone. Anyone. Anyone.,Anyone. Anyone. Anyone.,Anyone raise their hand,Anyone raise their hand,Anyone raise their hand,Anyone remain,Anyone remain,Anyone remain,Remain means,Remain means,Remain means,For?,For?,For?,Let me let me, remember the proper meaning of remain, please.,Let me let me, remember the proper meaning of remain, please.,Let me let me, remember the proper meaning of remain, please.,I'm trying,I'm trying,I'm trying,He remained silent.,He remained silent.,He remained silent.,I am telling the second sentence of using maintain. When,I am telling the second sentence of using maintain. When,I am telling the second sentence of using maintain. When,I am I am telling you that I am I am going to,I am I am telling you that I am I am going to,I am I am telling you that I am I am going to,I want first to remain remain. I'm trying to make another stress sentence using remain.,I want first to remain remain. I'm trying to make another stress sentence using remain.,I want first to remain remain. I'm trying to make another stress sentence using remain.,Classroom Student,Classroom Student,Classroom Student,In the classroom, students are,In the classroom, students are,In the classroom, students are,Starting,Starting,Starting,Students started their,Students started their,Students started their,Hello, Ria. I wanted to talk with you,My name is [Pamson],I these days I m practicing english sentences,You can call me [Name],I'm from Delhi.,I'm a Doctor,I'm a Doctor of Mental Health,I have my own clinic,Yes Riya,I'm from kapoorthala,In kapoorthala weather is so pleasent at all time,I enjoy to do romance in pleasent weather,Big n large gardens attract me to do romance with my wife,In kapoorthala japanese garden which we both like most,It has many types of trees all over there]"
8543979,"[Hello.,Thank you.,I'm driving to,I want to think.,I want to see,¿No?,Yes,Yes,Yes,Sakshi,Sakshi,I am from kanpur in india,I am from kanpur in india,I am leaving in Kanpur.,I am leaving in Kanpur.,I am a student.,I am a student.,I am in college.,I am in college.,I am b.com in my final year.,I am b.com in my final year.,I crack upse,I crack upse,What happens next?,What happens next?,What happens next?,A mix of both, actually.,A mix of both, actually.,A mix of both, actually.,I'm not sure yet,I'm not sure yet,I'm not sure yet,Okay, what about interviews?,Okay, what about interviews?,Okay, what about interviews?,I'm sakshi sonkar,I'm sakshi sonkar,I'm looking for a job in marketing.,I'm looking for a job in marketing.,No, this is my first time.,No, this is my first time.,No, this is my first time.,I want to learn new things.,I want to learn new things.,I want to learn new things.,Digital marketing sounds cool.,Digital marketing sounds cool.,It's about reaching people online.,It's about reaching people online.,It's about reaching people online.,I want to learn content creation.,I want to learn content creation.,I want to learn content creation.,I want to make videos.,I want to make videos.,I want to make videos.,Educational videos,Educational videos,Educational videos,I want to teach skills.,I want to teach skills.,I want to teach skills.,I want to teach art.,I want to teach art.,I want to teach art.]",,"[Yes,Sakshi,I am from kanpur in india,I am leaving in Kanpur.,I am a student.,I am in college.,I am b.com in my final year.,I crack upse,What happens next?,A mix of both, actually.,I'm not sure yet,Okay, what about interviews?,I'm sakshi sonkar,I'm looking for a job in marketing.,No, this is my first time.,I want to learn new things.,Digital marketing sounds cool.,It's about reaching people online.,I want to learn content creation.,I want to make videos.,Educational videos,I want to teach skills.,I want to teach art.]"
8519494,"[Mujhe english samj m nhi ati,Mujhe english samj m nhi ati,Nhi,Nhi,Payal Sharma,Payal Sharma,Haa,Haa,Not,Not,Hindi m bol sakte ho ap,Hindi m bol sakte ho ap,Mujhe english samaj m nhi ati mam bol toh leti hu thoda,Mujhe english samaj m nhi ati mam bol toh leti hu thoda,Mujhe english samaj m nhi ati mam bol toh leti hu thoda,Ok,Ap meri english samjna or bolna shika do,Ap meri english samjna or bolna shika do,Ap meri english samjna or bolna shika do,Payal,Payal,Student,Ssc GD,Ssc GD,Reasoning math,Reasoning math,Un k Q shot m hote hai,Un k Q shot m hote hai,Un k Q shot m hote hai,Haa,Haa,Haa,Mam,Mam,English m help chiye,English m help chiye,English m help chiye,Mujh koi english m bat karta hai toh vo bate mujh samjne m problem hoti hai,Mujh koi english m bat karta hai toh vo bate mujh samjne m problem hoti hai,Mujh koi english m bat karta hai toh vo bate mujh samjne m problem hoti hai,Yes,Yes,Yes,Mam,Mam,Mam english ki hindi banani nhi ati vo,Mam english ki hindi banani nhi ati vo,Mam english ki hindi banani nhi ati vo,Ap ki marji,Ap ki marji,Ap ki marji,Ki ye bhot muskil hai,Ki ye bhot muskil hai,Ki ye bhot muskil hai,Jo ap ye english m msg kari ho ye muskil hai bhot es ko hindi m samj pna,Jo ap ye english m msg kari ho ye muskil hai bhot es ko hindi m samj pna,Jo ap ye english m msg kari ho ye muskil hai bhot es ko hindi m samj pna,Haa,Haa,I'm ok tell me you,I'm ok tell me you,Kuch nhi chup ho jati hu,Kuch nhi chup ho jati hu,Kuch nhi chup ho jati hu,English m bolna but m bol nhi pati or na samne wali ki english ko samj pati,English m bolna but m bol nhi pati or na samne wali ki english ko samj pati,English m bolna but m bol nhi pati or na samne wali ki english ko samj pati,Haji,Haji,Payal,Payal,I'm from uttarakhand,I'm from uttarakhand,Best hai,Best hai,Best hai,Nhi pta,Nhi pta,Nhi pta,Mam mujhe english padni bhi nahi ati,Mam mujhe english padni bhi nahi ati,Mam mujhe english padni bhi nahi ati,Mandir,Mandir,Mandir,Chandi Devi,Chandi Devi,Yes,Yes,Ky,Ky,Mam mujhe english shikni hai mam ap ye ky ky puchre ho 🥺,Mam mujhe english shikni hai mam ap ye ky ky puchre ho 🥺,Apne mera naam 10 bar puch liya,Apne mera naam 10 bar puch liya,Payal,Payal,Bye,Bye,Call me,Call me,Hello.,Thank you.,Yes,No,Please,,Sorry.,Please give me the,I'm not sorry.,Name.,My name is,What username?,What is Zooming?,What is your name,I am from,Where are you from?,I'll birth my,I work,What do you do?,Like,I like,I like me.,Don't like,I don't like,I don't like,Do Mike,Do you like?,Like, like,,Ay, la ico.,I ico.,I like]",,"[Mujhe english samj m nhi ati,Nhi,Payal Sharma,Haa,Not,Hindi m bol sakte ho ap,Mujhe english samaj m nhi ati mam bol toh leti hu thoda,Ok,Ap meri english samjna or bolna shika do,Payal,Student,Ssc GD,Reasoning math,Un k Q shot m hote hai,Haa,Mam,English m help chiye,Mujh koi english m bat karta hai toh vo bate mujh samjne m problem hoti hai,Yes,Mam,Mam english ki hindi banani nhi ati vo,Ap ki marji,Ki ye bhot muskil hai,Jo ap ye english m msg kari ho ye muskil hai bhot es ko hindi m samj pna,Haa,I'm ok tell me you,Kuch nhi chup ho jati hu,English m bolna but m bol nhi pati or na samne wali ki english ko samj pati,Haji,Payal,I'm from uttarakhand,Best hai,Nhi pta,Mam mujhe english padni bhi nahi ati,Mandir,Chandi Devi,Yes,Ky,Mam mujhe english shikni hai mam ap ye ky ky puchre ho 🥺,Apne mera naam 10 bar puch liya,Payal,Bye,Call me,English मुझे sound बड़ी आती है.,English मुझे sound बड़ी आती है.,English मुझे sound बड़ी आती है.,कुछ भी नहीं,,कुछ भी नहीं,,कुछ भी नहीं,,English बोलना पर आती नहीं English.,English बोलना पर आती नहीं English.,English बोलना पर आती नहीं English.,अभी free हूं मैं.,अभी free हूं मैं.,अभी free हूं मैं.,समझ में नहीं आया मुझे.,समझ में नहीं आया मुझे.,समझ में नहीं आया मुझे.,Hello. I am Perel.,Hello. I am Perel.,Hello. I am Perel.,You tell me Hindi?,You tell me Hindi?,You tell me Hindi?,English में world बोलने पर कौन सा world कहां पर use होता है, इसके बारे में बता सकते हैं.,English में world बोलने पर कौन सा world कहां पर use होता है, इसके बारे में बता सकते हैं.,English में world बोलने पर कौन सा world कहां पर use होता है, इसके बारे में बता सकते हैं.]"
4371276,[Hi],,"[छोटे के English में कि आता है जाता.,छोटे के English में कि आता है जाता.,छोटे के English में कि आता है जाता.,Hi,Hello.,Hello.,Hello.]"
8578265,"[Hello.,Thank you.,Yes,,Nine.,नहीं,,न है,ना है.,नाहे,ok,ok,Hi, am राजेश.,Hello.,Thank you.,Yes.,No,Village,Village.,Village,Village.,Pillage,Pillage.,Village,Village.,Sorry,Give pen. Please give me pen.,I'm sorry]",,[ok]
8710219,"[I'm Amit.,I'm Amit.,Work on company,Work on company,Work on company,Work on company,Senior Technician,Senior Technician,Team Handling and time to time unloading components safely.,Team Handling and time to time unloading components safely.,Yes,Yes,Team connecting,Team connecting,Team connecting,Talk sweet every time,Talk sweet every time,Talk sweet every time,Technical work on aircraft,Technical work on aircraft,Technical work on aircraft,Marking Drilling Riveting,Marking Drilling Riveting,Marking Drilling Riveting,Riveting,Riveting,Riveting,New parson teaching for work,New parson teaching for work,New parson teaching for work,I work in manufacturing.,I work in manufacturing.,Aircraft STRUCTURE,Aircraft STRUCTURE,I am busy now, please talk later, sorry,I am busy now, please talk later, sorry,I am busy now, please talk later, sorry,Night,Night,Night,Night 11:30,Night 11:30,My dream job!,My dream job!,HAL,HAL,It's a stable job.,It's a stable job.,Ok bye,Ok bye,Ok riya]",,"[I'm Amit.,Work on company,Work on company,Senior Technician,Team Handling and time to time unloading components safely.,Yes,Team connecting,Talk sweet every time,Technical work on aircraft,Marking Drilling Riveting,Riveting,New parson teaching for work,I work in manufacturing.,Aircraft STRUCTURE,I am busy now, please talk later, sorry,Night,Night 11:30,My dream job!,HAL,It's a stable job.,Ok bye,Ok riya]"
8775431,"[Hello तो मतलब क्या आता है?,Thank,Yes.,No,,Please,,हाँ से बोलाइए.,Hello,,Thank you.,Yes.,My name is aakriti,My name is aakriti,I am from kharagpur,I am from kharagpur,No.,Sí.,इसमें है,जैसे नहीं पिलाना है उसमें पिलाना है]",,"[For excercise,My name is aakriti,I am from kharagpur,Hello.]"
8435434,"[Yes,Yes,Delhi,Delhi,My shop in delhi,My shop in delhi,Kirana shop,Kirana shop,Big shop,Big shop,Yes,Yes,Owen kirana shop,Owen kirana shop,Owen kirana shop,I want learning and spock english,I want learning and spock english,I am accepted challenge for english spock,I am accepted challenge for english spock,I am confuse  spock to english,I am confuse  spock to english]",,"[Yes.,Yes.,Yes.,Hello?,Hello?,Hello?,Yes.,Yes.,Yes.,Hello?,Hello?,Hello?,Hi, Leah.,Hi, Leah.,Hi, Leah.,भैया है. मेरी English सीखनी है.,भैया है. मेरी English सीखनी है.,भैया है. मेरी English सीखनी है.,Practice to English. Speak.,Practice to English. Speak.,Practice to English. Speak.,This.,This.,This.,All puppy doing this.,All puppy doing this.,All puppy doing this.,Hello. I keep doing this.,Hello. I keep doing this.,Hello. I keep doing this.,Hello?,Hello?,Hello?,Hello? अभी मुझे English नहीं आती है आप,Hello? अभी मुझे English नहीं आती है आप,Hello? अभी मुझे English नहीं आती है आप,First date से शुरू करना है.,First date से शुरू करना है.,First date से शुरू करना है.,I am listening to English Speak and,I am listening to English Speak and,I am listening to English Speak and,While listening to about this matter is,While listening to about this matter is,While listening to about this matter is,जैसे कि हमें शुरू से English सीखना है तो कैसे क्या करना,जैसे कि हमें शुरू से English सीखना है तो कैसे क्या करना,जैसे कि हमें शुरू से English सीखना है तो कैसे क्या करना,जैसा कि आज से ही शुरू करना है अपने को तो क्या करना है?,जैसा कि आज से ही शुरू करना है अपने को तो क्या करना है?,जैसा कि आज से ही शुरू करना है अपने को तो क्या करना है?,में,में,में,My name is Danette.,My name is Danette.,My name is Danette.,Kumar n e s h t I n e s h,Kumar n e s h t I n e s h,Kumar n e s h t I n e s h,Yes.,Yes.,Yes.,I am working to stop and,I am working to stop and,I am working to stop and,Yes.,Yes.,Yes.,कैसे improve करनी चाहिए English को? किस हिसाब से आप थोड़ा समझाओगे मुझे? I am MD,कैसे improve करनी चाहिए English को? किस हिसाब से आप थोड़ा समझाओगे मुझे? I am MD,कैसे improve करनी चाहिए English को? किस हिसाब से आप थोड़ा समझाओगे मुझे? I am MD,जैसा कि भजन को,जैसा कि भजन को,जैसा कि भजन को,Yes,Delhi,My shop in delhi,Kirana shop,Big shop,Yes,Owen kirana shop,I want learning and spock english,I am accepted challenge for english spock,I am confuse  spock to english]"
8126096,"[Xxxx,Xxxx,Fdy]",,"[Hio,Xxxx,Fdy]"
8712219,"[My name is Nitlis.,My name is Nitlis.,My name is Nikolis.,My name is Nikolis.,You are taking,You can call me riya,You can call me riya,I am from Delhi.,I am from Delhi.,I am a student.,I am a student.,Yes,Yes,Hello?,Thank you,Yes,,No,,Please,,Sorry,Please, give me the,I'm sorry,Lean,Nym.,Не,My name is,What is your name?,I'm from the,Where are from?,I work,Burd du nubu.,What you do]",,"[My name is Nitlis.,My name is Nikolis.,You are taking,You can call me riya,I am from Delhi.,I am a student.,Yes,Hello?,¿Aló?,¿Aló?,¿Aló?,मतलब समझ नहीं आया मुझे.,मतलब समझ नहीं आया मुझे.,मतलब समझ नहीं आया मुझे.,इसका मतलब क्या होगा?,इसका मतलब क्या होगा?,इसका मतलब क्या होगा?,Dee Root Bean,Dee Root Bean,Dee Root Bean]"
8456172,"[My name is urmi Das,My name is urmi Das,Kolkata,Kolkata,The culture is amazing.,The culture is amazing.,I miss Durga Puja a lot.,I miss Durga Puja a lot.,I miss Durga Puja a lot.,I love the festive food.,I love the festive food.,I love the festive food.,Yes i love the most,Yes i love the most,Yes i love the most,Yes,Yes,My favorite is biryani.,My favorite is biryani.,My favorite is biryani.,No,No,Hyderabad biryani is so bad,Hyderabad biryani is so bad,I prefer Kolkata biryani.,I prefer Kolkata biryani.,I prefer Kolkata biryani.,Yes,Yes,It's less oily.,It's less oily.,Yes,Yes,Yes,Yes,It's not too heavy.,It's not too heavy.,Yes,Yes,Yes,Yes,It's very tasty,It's very tasty,It's very tasty,Chingri malaikari is also great.,Chingri malaikari is also great.,Basmati rice, of course.,Basmati rice, of course.,Basmati rice, of course.,I like it fried too,I like it fried too,I like it fried too,Biryani is my favorite.,Biryani is my favorite.,Biryani is my favorite.,It's rich and filling.,It's rich and filling.,I like both styles.,I like both styles.,Salad is better for me.,Salad is better for me.,Ordering is faster for me,Ordering is faster for me,Depends on the day.,Depends on the day.,Yes, I always check reviews,Yes, I always check reviews,Yes, I always check reviews,Taste and spice level,Taste and spice level,Taste and spice level,Yes, everything is on track.,Yes, everything is on track.,Data analysis coaching class,Data analysis coaching class,Excel and persent connection,Excel and persent connection,The connection part is hard.,The connection part is hard.,Yes,Yes,Yes,I'm not sure what I'm using,I'm not sure what I'm using,No, I don't see them.,No, I don't see them.,No, what is it?,No, what is it?,No, what is it?,Yes,Yes,Yes,Sure, I'm ready.,Sure, I'm ready.,Sure, I'm ready.,I understand the goal.,I understand the goal.,I understand the goal.,Priya's email address,Priya's email address,Priya's email address]",,"[Aló.,Aló.,Aló.,I talk about English.,I talk about English.,I talk about English.,I want to,I want to,I want to,I want to come in,I want to come in,I want to come in,No.,No.,No.,Yes.,Yes.,Yes.,Midas.,Midas.,Midas.,I mean, college.,I mean, college.,I mean, college.,Vi e curso.,Vi e curso.,Vi e curso.,Pillar of business administration,Pillar of business administration,Pillar of business administration,बेचार,बेचार,बेचार,Because in future, my communication will better. Than,Because in future, my communication will better. Than,Because in future, my communication will better. Than,Workplace communication.,Workplace communication.,Workplace communication.,I mean, I think good communicate,I mean, I think good communicate,I mean, I think good communicate,Im well, improve my verbs, vocabulary, teens,,Im well, improve my verbs, vocabulary, teens,,Im well, improve my verbs, vocabulary, teens,,It's the sentence, sentence, and then and vocabulary. And many words.,It's the sentence, sentence, and then and vocabulary. And many words.,It's the sentence, sentence, and then and vocabulary. And many words.,Short First, short and then long.,Short First, short and then long.,Short First, short and then long.,Are Not Hoddiebul,Are Not Hoddiebul,Are Not Hoddiebul,Tu can tell me.,Tu can tell me.,Tu can tell me.,No.,No.,No.,I think I think,I think I think,I think I think,I'm workplace now and better communication skills interact,I'm workplace now and better communication skills interact,I'm workplace now and better communication skills interact,Think I interrupt with professor of interrupting workplace of a data analysis and AI,Think I interrupt with professor of interrupting workplace of a data analysis and AI,Think I interrupt with professor of interrupting workplace of a data analysis and AI,Yes.,Yes.,Yes.,Marc agent.,Marc agent.,Marc agent.,First of all, the introduction is of,First of all, the introduction is of,First of all, the introduction is of,Entonces,,Entonces,,Entonces,,I don't know.,I don't know.,I don't know.,My name is urmi Das,Kolkata,The culture is amazing.,I miss Durga Puja a lot.,I love the festive food.,Yes i love the most,Yes,My favorite is biryani.,No,Hyderabad biryani is so bad,I prefer Kolkata biryani.,Yes,It's less oily.,Yes,Yes,It's not too heavy.,Yes,Yes,It's very tasty,Chingri malaikari is also great.,Basmati rice, of course.,I like it fried too,Biryani is my favorite.,It's rich and filling.,I like both styles.,Salad is better for me.,Ordering is faster for me,Depends on the day.,Yes, I always check reviews,Taste and spice level,Yes, everything is on track.,Data analysis coaching class,Excel and persent connection,The connection part is hard.,Yes,I'm not sure what I'm using,No, I don't see them.,No, what is it?,Yes,Sure, I'm ready.,I understand the goal.,Priya's email address]"
8634856,"[Send the new movie in theatre,Send the new movie in theatre,Girish sjain,Girish sjain,Nothing,What's  meaning of chilling,What's  meaning of chilling,No work in corporate  office,No work in corporate  office,Yes,Yes,I have no planing,I have no planing,I have no planing,I want some order from hotel,I want some order from hotel,Jain food,Jain food,Hello?]",,"[Send the new movie in theatre,Girish sjain,Nothing,What's  meaning of chilling,No work in corporate  office,Yes,I have no planing,I want some order from hotel,Jain food,¿Aló? Sí.,¿Aló? Sí.,¿Aló? Sí.,I want to,I want to,I want to,Hello.,Hello.,Hello.,Also,Also,Also,Hello.,Hello.,Hello.,A one two extra hotel,A one two extra hotel,A one two extra hotel,I want luxury auto.,I want luxury auto.,I want luxury auto.,I am looking for luxury car.,I am looking for luxury car.,I am looking for luxury car.,Thank you.,Thank you.,Thank you.]"
6444971,"[Hello. Hello.,Fancy.,Thank,Yes. Yeah.,No.,Just,Just,I am from India,I am from India,Iam west,Iam west,West Bengali,West Bengali,I love the festivals.,I love the festivals.,Durga Puja is my favorite,Durga Puja is my favorite,The food and pandals,The food and pandals]",,"[Just,I am from India,Iam west,West Bengali,I love the festivals.,Durga Puja is my favorite,The food and pandals]"
8220394,"[Lata,Lata,Gujarat.,Gujarat.,Leave in Gujarat.,Leave in Gujarat.,The food's head,The food's head,Please Good.,Please Good.,Dhocla,Dhocla,Yes. It is favorite.,Yes. It is favorite.,Musa my favorite.,Musa my favorite.,Sabusa.,Sabusa.,Sabusa.,I like it sweet,I like it sweet,I like it sweet,My name is Swetak.,My name is Swetak.,I'm from a small village,I'm from a small village,Nothing.,Nothing.,You just said quiet and peaceful,You just said quiet and peaceful,Claim,Claim,Twenty three,Twenty three]",,"[Lata,Gujarat.,Leave in Gujarat.,The food's head,Please Good.,Dhocla,Yes. It is favorite.,Musa my favorite.,Sabusa.,I like it sweet,My name is Swetak.,I'm from a small village,Nothing.,You just said quiet and peaceful,Claim,Twenty three]"
8462543,"[Hello.,Thank,Yes,,No.,Please,,Sorry.,Please give me the,I am sorry.,he what do you do,Nem.,Name. Name.,My name is Arm.,What is your,I'm from UP.,Where are you from?,I work I,What do you,I study,Like,Ah, il l'aï.,I like,I like,Don't Like,Don't Like,I don't like foolish,Do you like,Do you like,P l.,Reli.,Ele,,Ariel,,Really.,I really like.,I really like,Boj,Watch.,I watch,Read,I read books.,Pelé.,Play play play play.,I delete,आई पिले cricket.,I play cricket.,I like watching.,I like reading,I like to let you know.,I like playing cricket.,What do you do?,In your free time?,I like cricket on I like cricket on holidays.,Sometimes.,Like,Sometimes,I like,Sometimes I,yeah I know,Morbi.,Morning. Morning.,In the morning,Evening.,In the evening,,Night.,At night.,Wake up.,I wake up in the morning.,Eight,Eight.,Listo.,Eight.,Eight.,Eight.,Eat,I eat breakfast.,Go,I go for my,I go to my,Silik.,Salut.,Salut.,I sleep at,What time,What time do you,What time do you see?,Yes,Yes,I am from Delhi,I am from Delhi,Nahi samajh aaya,Nahi samajh aaya,Home,I m home.,What's your thing,What's your,Vas your day,How was your,My Day,was good.,My Voice,de toy.,What's that?,I am Hungary.,Words for Tenor.,Four dinners,Four,dinner.,What is for dinner?,Hi.,Need help.,Can I go to my friend,yes just,Can we go out tonight?,Ad sammani,Can I have sub,I had,someone,Can I have,some money?,I have,some money.,Have some money,Can you help,Please help him,I love you.,going back working,thanks thanks dad what we get,Mother.,Father.,This is my,This is my father.,Браты.,Брода.,Brothers,System.,Mother.,Father,,Mother,Father.,This is my month,Décidément il frappe.,This is my,Brother,,System,Sister.,He's my brother.,Siete-я-я-ся-ta.,She is my,I have one brother.,I have two,Evelyn's.,Sips links.,Shevelings.,Siblings,Do you have,How many people are in,he was,CJ DJ,Water.,Boro.,Can I borrow your clothes?,Give it back.,It's both something together.,Let's watch I'm moving tonight.,What do you want to?,Help me with this.,I need your help.,hi any plan,Kursi then]",,"[Yes,I am from Delhi,Nahi samajh aaya]"
8733298,"[Hello.,Thank you.,Yes.,No.,Please,Sorry,,Please give me the,I am sorry.]",,"[Yes.,Yes.,Yes.,Hi dear, how are you?,Hi dear, how are you?,Hi dear, how are you?,Nothing. I will talk to you.,Nothing. I will talk to you.,Nothing. I will talk to you.,Talk to corta about yourself.,Talk to corta about yourself.,Talk to corta about yourself.,Hello. Here is रिया. And AI. This,Hello. Here is रिया. And AI. This,Hello. Here is रिया. And AI. This,I I will practice today for fourth our our process.,I I will practice today for fourth our our process.,I I will practice today for fourth our our process.]"
8684405,"[Account रखते है बराबर को कर लेना है.,हां आप राय का पूछिए क्या,मुझे सहूलत क्या होती है वह ढूंढ छोटी करने से ही,I don't know what you said,I don't know what you said,I don't know what you said,My name is sumaiya,My name is sumaiya,I am from Karnataka,I am from Karnataka,In Bangalore,In Bangalore,Wonderla,Wonderla,I don't know i haven't seen that place,I don't know i haven't seen that place,I don't know i haven't seen that place,Cubbonnpark,Cubbonnpark,Only one time,Only one time,Flowers,Flowers,Yes,Yes,That's only i know,That's only i know,That's only i know,Yes I heard about that places but I haven't been,Yes I heard about that places but I haven't been,Yes I heard about that places but I haven't been]",,"[I don't know what you said,My name is sumaiya,I am from Karnataka,In Bangalore,Wonderla,I don't know i haven't seen that place,Cubbonnpark,Only one time,Flowers,Yes,That's only i know,Yes I heard about that places but I haven't been]"
18806,"[hi my name is likhit,hi my name is likhit,I'm from Hyderabad,I'm from Hyderabad,i like the biryani,i like the biryani,Staff,Hello.,Thank you.,Yes,No.,Please,,Sorry.,Please give me the pen,I'm sorry.]",,"[hi my name is likhit,I'm from Hyderabad,i like the biryani,Hello. How are you?,Hello. How are you?,Hello. How are you?,Can we do a role play on interview?,Can we do a role play on interview?,Can we do a role play on interview?,I'm interviewing for, software,I'm interviewing for, software,I'm interviewing for, software,My experience level my experience level is three years.,My experience level my experience level is three years.,My experience level my experience level is three years.,मैं मैंने बस पुछा था कि analytics के लिए बस वही,मैं मैंने बस पुछा था कि analytics के लिए बस वही,मैं मैंने बस पुछा था कि analytics के लिए बस वही,Let's talk let's talk about,Let's talk let's talk about,Let's talk let's talk about,I can write. Code very well.,I can write. Code very well.,I can write. Code very well.,Et tu désors et désors,Et tu désors et désors,Et tu désors et désors,So, tell me.,So, tell me.,So, tell me.,Then how We can talk about in,Then how We can talk about in,Then how We can talk about in,Communication skills,Communication skills,Communication skills,Good communication and listening and,Good communication and listening and,Good communication and listening and]"
8011859,"[You can call me Ravi.,You can call me Ravi.,I am from Delhi.,I am from Delhi.,I am a student.,I am studying computer science.,I am studying computer science.,Yes, I am enjoying it.,Yes, I am enjoying it.,Learning new things.,Learning new things.,I learned about AI.,I learned about AI.,Machine learning algorithms,Machine learning algorithms,How they learn patterns,How they learn patterns,Meme.,Ma'am,,Deme.,Nim.]",,"[You can call me Ravi.,I am from Delhi.,I am a student.,I am studying computer science.,Yes, I am enjoying it.,Learning new things.,I learned about AI.,Machine learning algorithms,How they learn patterns]"
8395754,"[I usually fry potatoes.,I usually fry potatoes.,Yeah. Course. I like them to experience,Yeah. Course. I like them to experience,Yeah. Course. I like them to experience,Yes I fry it with chili powder I like spicy.,Yes I fry it with chili powder I like spicy.,Yes.,Yes.,I would like to eat lit tits of her. That it that is a special,I would like to eat lit tits of her. That it that is a special,I was saying लिट्टी चौखा.,I was saying लिट्टी चौखा.,I was saying लिट्टी चौखा.,Mild is okay too.,Mild is okay too.,Mild is okay too.,Samosa is my favorite.,Samosa is my favorite.,Samosa is my favorite.,I fill smashed potatoes in it.,I fill smashed potatoes in it.,I fill smashed potatoes in it.,No,No,No,Ia aarav,Ia aarav,I am going to school,I am going to school,I am third class.,I am third class.,My favorite subject is general knowledge.,My favorite subject is general knowledge.,I'm going to class three I am going to class three. मैं class three में जा रहा हूं.,I'm going to class three I am going to class three. मैं class three में जा रहा हूं.,I'm going to class three I am going to class three. मैं class three में जा रहा हूं.,What is the price of a book?,What is the price of a book?,What is the price of a book?,What's the cost of this book?,What's the cost of this book?,A pencil shapner, कि तेज़ है. नहीं खाया नहीं बताइए तो आप,A pencil shapner, कि तेज़ है. नहीं खाया नहीं बताइए तो आप,You can call me Ruhi .,You can call me Ruhi .,I'm a student.,I'm a student.,I am in school.,I am in school.,My favorite subject is moral science.,My favorite subject is moral science.,moral stories.,moral stories.,It was a clever test,It was a clever test,It was a clever test,Some are, some aren't.,Some are, some aren't.,I have seen,I have seen,Yes, of course it is.,Yes, of course it is.,They might care about others.,They might care about others.]",,"[सी बोलो.,सी बोलो.,सी बोलो.,¿Qué habla? बोलना आ गया. God.,¿Qué habla? बोलना आ गया. God.,¿Qué habla? बोलना आ गया. God.,I would want to talk about that,I would want to talk about that,I would want to talk about that,I would want to talk about,I would want to talk about,I would want to talk about,I would like to talk about Rose.,I would like to talk about Rose.,I would like to talk about Rose.,Red color,Red color,Red color,Dear color.,Dear color.,Dear color.,I like pink rollers for you.,I like pink rollers for you.,I like pink rollers for you.,Bizarre they are very pity.,Bizarre they are very pity.,Bizarre they are very pity.,I like the sky blue. ज़्यादा वैसे वज़न नहीं है ना?,I like the sky blue. ज़्यादा वैसे वज़न नहीं है ना?,I like the sky blue. ज़्यादा वैसे वज़न नहीं है ना?,Can't hear that.,Can't hear that.,Can't hear that.,Yes.,Yes.,Yes.,I see birds flying in the sky clouds, and many,I see birds flying in the sky clouds, and many,I see birds flying in the sky clouds, and many,Yes.,Yes.,Yes.,My favorite word is peacock. Because of its color. It looks so pretty.,My favorite word is peacock. Because of its color. It looks so pretty.,My favorite word is peacock. Because of its color. It looks so pretty.,I see blue and green color on the,I see blue and green color on the,I see blue and green color on the,Blue color, green color, yellow color, brown,Blue color, green color, yellow color, brown,Blue color, green color, yellow color, brown,When they spread their wings, they look so pretty.,When they spread their wings, they look so pretty.,When they spread their wings, they look so pretty.,I would like to see,I would like to see,I would like to see,I would like to see Eiffel Tower in France.,I would like to see Eiffel Tower in France.,I would like to see Eiffel Tower in France.,Yes. Yes.,Yes. Yes.,Yes. Yes.,Sí.,Sí.,Sí.,Food.,Food.,Food.,I didn't know any French food.,I didn't know any French food.,I didn't know any French food.,No. But I know I'll stop When I hear it with you,,No. But I know I'll stop When I hear it with you,,No. But I know I'll stop When I hear it with you,,Yes. Not for the,Yes. Not for the,Yes. Not for the,Yes. I would like to.,Yes. I would like to.,Yes. I would like to.,About household things.,About household things.,About household things.,Flying pen?,Flying pen?,Flying pen?,I usually fry potatoes.,Yeah. Course. I like them to experience,Yes I fry it with chili powder I like spicy.,Yes.,I would like to eat lit tits of her. That it that is a special,I was saying लिट्टी चौखा.,Mild is okay too.,Samosa is my favorite.,I fill smashed potatoes in it.,No,Ia aarav,I am going to school,I am third class.,My favorite subject is general knowledge.,I'm going to class three I am going to class three. मैं class three में जा रहा हूं.,What is the price of a book?,What's the cost of this book?,A pencil shapner, कि तेज़ है. नहीं खाया नहीं बताइए तो आप,You can call me Ruhi .,I'm a student.,I am in school.,My favorite subject is moral science.,moral stories.,It was a clever test,Some are, some aren't.,I have seen,Yes, of course it is.,They might care about others.]"
8725216,"[इंग्लिश speak today,इंग्लिश speak today,Daily life,Learn today,Learn today,Yes, इंटरेस्टेड to speak english,Yes, इंटरेस्टेड to speak english,Yes, इंटरेस्टेड to speak english,My hobies are listening a song or farming,My hobies are listening a song or farming,Enjoy today,Enjoy today,Farm is important इन food,Farm is important इन food,Farm is important इन food,I like growing vegetables.,I like growing vegetables.,I like growing vegetables.,Flower kobi,Flower kobi,Flower kobi,Speak to english,Speak to english,इंग्लिश learn,let's practice English,Sory she is a practice,Sory she is a practice]",,"[इंग्लिश speak today,Daily life,Learn today,Yes, इंटरेस्टेड to speak english,My hobies are listening a song or farming,Enjoy today,Farm is important इन food,I like growing vegetables.,Flower kobi,Speak to english,इंग्लिश learn,let's practice English,Sory she is a practice,Alô? Hello?,Alô? Hello?,Alô? Hello?,I was learn to today in English. Daily life.,I was learn to today in English. Daily life.,I was learn to today in English. Daily life.,रास्ते ने गाड़ी जाता है. यह हमारी English मदन साँगा.,रास्ते ने गाड़ी जाता है. यह हमारी English मदन साँगा.,रास्ते ने गाड़ी जाता है. यह हमारी English मदन साँगा.,रास्ते से गाड़ी जा रही है, हमें English में बताइए.,रास्ते से गाड़ी जा रही है, हमें English में बताइए.,रास्ते से गाड़ी जा रही है, हमें English में बताइए.,Ella va.,Ella va.,Ella va.,और वापस घर को आ रहा है. यह हमें English में बताइए.,और वापस घर को आ रहा है. यह हमें English में बताइए.,और वापस घर को आ रहा है. यह हमें English में बताइए.,Hello.,Hello.,Hello.,College,College,College,बात बात बात बात बात तो यार तुम की शरीर तेकारती. काट दो तो तीस chart भी. आपका दिखने,बात बात बात बात बात तो यार तुम की शरीर तेकारती. काट दो तो तीस chart भी. आपका दिखने,बात बात बात बात बात तो यार तुम की शरीर तेकारती. काट दो तो तीस chart भी. आपका दिखने,स्वप्निल college से घर आ रहे हैं यह english में बताइए.,स्वप्निल college से घर आ रहे हैं यह english में बताइए.,स्वप्निल college से घर आ रहे हैं यह english में बताइए.,नौ नाथ पढ़ हुई मैं सो रहा है English में बताइए.,नौ नाथ पढ़ हुई मैं सो रहा है English में बताइए.,नौ नाथ पढ़ हुई मैं सो रहा है English में बताइए.,चूड़ी और माउठी पड़वी में खेल रहे हैं क्या? बोले.,चूड़ी और माउठी पड़वी में खेल रहे हैं क्या? बोले.,चूड़ी और माउठी पड़वी में खेल रहे हैं क्या? बोले.,हम मी पुर्ष मज़ी बस लो आए. हम हम हम वाला English मज़ी सांग.,हम मी पुर्ष मज़ी बस लो आए. हम हम हम वाला English मज़ी सांग.,हम मी पुर्ष मज़ी बस लो आए. हम हम हम वाला English मज़ी सांग.,हम Porsche में बैठे हैं, हमको English में सुनाओ.,हम Porsche में बैठे हैं, हमको English में सुनाओ.,हम Porsche में बैठे हैं, हमको English में सुनाओ.,हम porch में बैठे हैं. English में हमको बताइए. यह लगाता है चाल,हम porch में बैठे हैं. English में हमको बताइए. यह लगाता है चाल,हम porch में बैठे हैं. English में हमको बताइए. यह लगाता है चाल,है. सब porch में बैठे English में बताइए.,है. सब porch में बैठे English में बताइए.,है. सब porch में बैठे English में बताइए.,हम खेत में काम कर रहे हैं.,हम खेत में काम कर रहे हैं.,हम खेत में काम कर रहे हैं.,Para,Para,Para,बोल रहे हैं english में बताइए. हमारी,बोल रहे हैं english में बताइए. हमारी,बोल रहे हैं english में बताइए. हमारी,Au English me,Au English me,Au English me,मैं पहल्या फोड़ रहा हूं English.,मैं पहल्या फोड़ रहा हूं English.,मैं पहल्या फोड़ रहा हूं English.,Abre.,Abre.,Abre.,में काम कर रहा,में काम कर रहा,में काम कर रहा,हम सब गप्पा मार रहे.,हम सब गप्पा मार रहे.,हम सब गप्पा मार रहे.,मेरे papa मेरी से बात कर रहे हैं.,मेरे papa मेरी से बात कर रहे हैं.,मेरे papa मेरी से बात कर रहे हैं.,मैं छाव में बैठा हूं. में हूं.,मैं छाव में बैठा हूं. में हूं.,मैं छाव में बैठा हूं. में हूं.,मैं घर में बैठा हूं.,मैं घर में बैठा हूं.,मैं घर में बैठा हूं.,मैं college को जा रहा हूं.,मैं college को जा रहा हूं.,मैं college को जा रहा हूं.,मैं college के lab में बैठा हूं.,मैं college के lab में बैठा हूं.,मैं college के lab में बैठा हूं.,Paste,Paste,Paste,जुके lab में हम सब दोस्त बैठे हैं.,जुके lab में हम सब दोस्त बैठे हैं.,जुके lab में हम सब दोस्त बैठे हैं.,मैं गेहूंत,मैं गेहूंत,मैं गेहूंत,हम,हम,हम,Project SimpleMicroscope.,Project SimpleMicroscope.,Project SimpleMicroscope.,Sales study in zoology,Sales study in zoology,Sales study in zoology,In the laboratory check-in lip,In the laboratory check-in lip,In the laboratory check-in lip,Bip.,Bip.,Bip.]"
8383001,"[But,Watch,I watch you.,REIT,Read.,I read you.,Play,I play with you.,I like watching,I like reading I,I like With You,I like playing with,What do you do in your pre,Watching movies in a holiday on holiday,I like watching movies on holiday.,Watching.,I like what,on holiday.,I like watching movies on holidays.,Sometimes.,Sometimes,,I like you.,Sometimes,Sometime I like to,hey do you have any hobby,that's cool do you like reading to,what kinds of Android,attention do you develop,Morning.,Good morning. Mhmm. Ginda mornings.,In the morning.,Evening,And navy.,Linda evening.,In the evening,Boa noite. Wow.,Light.,At night.,Wake up.,At,nine o'clock.,I wake up in the,Eat.,I eat breakfast.,Go.,I go to work,Sleep.,I sleep at night how,What time you know? What,What time do you wake up?,What time do you,ITA chicken,Hum.,Palm. Palm. Palm.,Home.,I home home,बेहद से नहीं लगता मुझे. How are you?,How was your day?,My day was,My devoid tiring.,My day was,I am hungry,What's for dinner?,Mom I need to help.,French place. Can I go to my French,S I had lunch with fat,are you feeling okay,Can we go out tonight? We go out tonight?,And I have someone,Can you help,Papa, please.,Ahí la veo, papá.,Love you, papa.,thinking about part time job thinking about part time job,meaning time,Moderna.,¿Mandar?,Hi Riya I am sahu,Hi Riya I am sahu,From mp,From mp,No I am from manipal,No I am from manipal,I live in the room,I am a shopkeeper,I am a shopkeeper,I have personal garments to everyone,I have personal garments to everyone,All types of clothes,All types of clothes,I like the gupshup with customer,I like the gupshup with customer,I like the gupshup with customer,We talk about his family members,We talk about his family members,Yes Riya how to make thot,Yes Riya how to make thot,Yes]",,"[Hi Riya I am sahu,From mp,No I am from manipal,I live in the room,I am a shopkeeper,I have personal garments to everyone,All types of clothes,I like the gupshup with customer,We talk about his family members,Yes Riya how to make thot,Yes,Hello?,Hello?,Hello?,Yes.,Yes.,Yes.,What do you like? I eat.,What do you like? I eat.,What do you like? I eat.,I am eating I eat a vision.,I am eating I eat a vision.,I am eating I eat a vision.,That's that's a hard,That's that's a hard,That's that's a hard,That, that's a powder of chenna dal. So he he mix with, water and,That, that's a powder of chenna dal. So he he mix with, water and,That, that's a powder of chenna dal. So he he mix with, water and,While while with the a,While while with the a,While while with the a,And hit with the chapati and सब्ज़ी, butter and potato, mixed with.,And hit with the chapati and सब्ज़ी, butter and potato, mixed with.,And hit with the chapati and सब्ज़ी, butter and potato, mixed with.,सब्ज़ी या बहरी wil water and potato one and bacon is,सब्ज़ी या बहरी wil water and potato one and bacon is,सब्ज़ी या बहरी wil water and potato one and bacon is,Oh. I'm coming. I'm coming. From my office,Oh. I'm coming. I'm coming. From my office,Oh. I'm coming. I'm coming. From my office,My very very,My very very,My very very,Ya, pues. Very good. And in our office.,Ya, pues. Very good. And in our office.,Ya, pues. Very good. And in our office.,I must with her. With,I must with her. With,I must with her. With,So vía,So vía,So vía,English stuff again not most but,English stuff again not most but,English stuff again not most but,Tell me about the government nowadays.,Tell me about the government nowadays.,Tell me about the government nowadays.,Why not answer my my these questions? So you are no not not understand other,Why not answer my my these questions? So you are no not not understand other,Why not answer my my these questions? So you are no not not understand other,Oh, Bark things, do you know?,Oh, Bark things, do you know?,Oh, Bark things, do you know?,Hello. So please tell me about,Hello. So please tell me about,Hello. So please tell me about,अच्छा. Please tell me about the,अच्छा. Please tell me about the,अच्छा. Please tell me about the,झाड़ू के English में क्या बोलते हैं?,झाड़ू के English में क्या बोलते हैं?,झाड़ू के English में क्या बोलते हैं?,Thanks, Ria. You like just boom.,Thanks, Ria. You like just boom.,Thanks, Ria. You like just boom.,I learn about English speaking. Please,I learn about English speaking. Please,I learn about English speaking. Please,The Indian festival.,The Indian festival.,The Indian festival.,Diwali is the my my favorite festival. But,Diwali is the my my favorite festival. But,Diwali is the my my favorite festival. But,Diwali is a chamani light to everyone in house.,Diwali is a chamani light to everyone in house.,Diwali is a chamani light to everyone in house.,Yo you make your home?,Yo you make your home?,Yo you make your home?,Alright Look.,Alright Look.,Alright Look.,Bye. Good night.,Bye. Good night.,Bye. Good night.]"
8550179,"[I learn English,I learn English,U can call me,U can call me,I want to speak English,I want to speak English,My name is Mushtaq Ahmed,My name is Mushtaq Ahmed,My name is Mushtaq Ahmed,I am learning English.,I am learning English.,Nothing,Nothing,Home works,Home works,I like all subjects,I like all subjects,Urdu,Urdu,Gazals,Gazals,No,No,Besides gazals i recites stories,Besides gazals i recites stories,Mostly historical stories.,Mostly historical stories.,Mostly historical stories.,Nothing at this time,Nothing at this time,Nothing at this time,Help the poor,Help the poor,Help the poor,I help people in my community.,I help people in my community.,Any problem about documents,Mam can you teach me English speaking course,Mam can you teach me English speaking course,Yes,Yes,My name is Mushtaq,My name is Mushtaq,Help me with grammar,Help me with grammar,Help me with grammar,Modals articles narration,Modals articles narration,I don't know when to use them.,I don't know when to use them.,I don't know when to use them.,Yes, it makes sense.,Yes, it makes sense.,Articles are tricky for me.,Articles are tricky for me.,Articles are tricky for me.]",,"[I learn English,U can call me,I want to speak English,My name is Mushtaq Ahmed,I am learning English.,Nothing,Home works,I like all subjects,Urdu,Gazals,No,Besides gazals i recites stories,Mostly historical stories.,Nothing at this time,Help the poor,I help people in my community.,Any problem about documents,Mam can you teach me English speaking course,Yes,My name is Mushtaq,Help me with grammar,Modals articles narration,I don't know when to use them.,Yes, it makes sense.,Articles are tricky for me.]"
8623498,"[Hello,Hello,Your hindi,Your hindi,Ji,Ha,Hello.,I ar,Yes.,No,,Hello,Your hindi,Your hindi,Bus,Kiya matlab,Kiya matlab,Kiya matlab,Kiya matlab,Kiya matlab]",,"[Hello,Your hindi,Ji,Ha,Hello,Your hindi,Bus,Kiya matlab,Kiya matlab]"
6856601,"[Hello?,Thank you,Yes.,No.,Please.,Sorry,,Please give me the pet,I'm sorry.,Name.,My name is,What is your name?,I am from Mumbai.,I am from Munbey.,I am from Mumbai.,I am from,Where are you from?,I work as a s,What do you,studied KC College,Nem.,Name.,My name,What is your name?,Ah, eu sou bem.,I am from,Mira, audio phone.,Where are you from?,Iowa cachae,teacher.,I work as a,What do you do?,Like,,I like,I like,Don't like,I don't like,I don't like drink.,Do you like,Do you like,Really,I really like,I really like song.]",,"[I want to start daily routine.,I want to start daily routine.,I want to start daily routine.,I wake up early morning at five o'clock.,I wake up early morning at five o'clock.,I wake up early morning at five o'clock.,After I'm taking bath,After I'm taking bath,After I'm taking bath,I eat a break,I eat a break,I eat a break,Big Flush.,Big Flush.,Big Flush.,No, I take breakfast.,No, I take breakfast.,No, I take breakfast.,I use, roti and,,I use, roti and,,I use, roti and,,Yes.,Yes.,Yes.,Panir.,Panir.,Panir.,Manier korma,Manier korma,Manier korma,Yes.,Yes.,Yes.,Hi, Ria. You audible me?,Hi, Ria. You audible me?,Hi, Ria. You audible me?,Delhi ma'am.,Delhi ma'am.,Delhi ma'am.,A little pink.,A little pink.,A little pink.,Fun to practice daily routine.,Fun to practice daily routine.,Fun to practice daily routine.,I first I wake up first,I first I wake up first,I first I wake up first,Brush my teeth and taking bath,Brush my teeth and taking bath,Brush my teeth and taking bath,Routine panis.,Routine panis.,Routine panis.,Allora,,Allora,,Allora,]"
8425432,"[Hi riya,Hi riya,Busy with work,Busy with work,I'm in sales.,I'm in sales.,I enjoy talking to people.,I enjoy talking to people.,Both have their own advantages,Both have their own advantages,I enjoy reading books.,I enjoy reading books.,Kamasutra books,Kamasutra books,Kamasutra books,You like this books Kamasutra,You like this books Kamasutra,You like this books Kamasutra,No only like this sex books,No only like this sex books,No only like this sex books,Stop the massage,Ok]",,"[Hi riya,Busy with work,I'm in sales.,I enjoy talking to people.,Both have their own advantages,I enjoy reading books.,Kamasutra books,You like this books Kamasutra,No only like this sex books,Stop the massage,Ok]"
8253941,"[My name is manish,My name is manish,Working profession,Business devloper,Business devloper,Learning and educate culture,Learning and educate culture,Indian culture,Indian culture,My best festival is Deepavali,My best festival is Deepavali,By enjoying sweets delicious food new clothes crackers meet n njoy with freinds relative,By enjoying sweets delicious food new clothes crackers meet n njoy with freinds relative,By enjoying sweets delicious food new clothes crackers meet n njoy with freinds relative,My deewali favourite sweet is chandrakala,My deewali favourite sweet is chandrakala,My deewali favourite sweet is chandrakala,Both,Both,Both,No,No,No,Handmade ones,Handmade ones,Handmade ones,My favourite is kanji bara,My favourite is kanji bara,In holi is rawari Rajasthani curd not sweet,In holi is rawari Rajasthani curd not sweet,In holi is rawari Rajasthani curd not sweet,I m from kolkata,I m from kolkata,Yes I like Bengali rosogulla,Yes I like Bengali rosogulla,Spongy soft,Spongy soft,In simple sex languages,In simple sex languages,I like listening songs and😗,I like listening songs and😗,And watch sexy movies,And watch sexy movies,I like sexy fick njoy movies,I like sexy fick njoy movies,Thriller,Thriller,Recent Pathan drishyam2 etc pushpa2,Recent Pathan drishyam2 etc pushpa2,Pushpa jhukega nhi,Pushpa jhukega nhi,I don't see south Indian movies,I don't see south Indian movies,Bollywood,Bollywood,My favorite actor is one and only one big b,My favorite actor is one and only one big b,My favorite actor is one and only one big b,Yes I love Amitabh only,Yes I love Amitabh only,Deewaar is my favorite,Deewaar is my favorite,Deewaar is my favorite,Sharaabi,Sharaabi,Sharaabi,Without drink he is like a iconic legend actor who play a role of sharaabi with a great style,Without drink he is like a iconic legend actor who play a role of sharaabi with a great style,Without drink he is like a iconic legend actor who play a role of sharaabi with a great style,His expressions are amazing,His expressions are amazing,His expressions are amazing,Sppech and delivered style of dialogues,Sppech and delivered style of dialogues,Sppech and delivered style of dialogues,Mera baapar gya h aaj,Mera baapar gya h aaj,Mera baapar gya h aaj,In that dialogue he deliveredin front of his father pran,In that dialogue he deliveredin front of his father pran,In that dialogue he deliveredin front of his father pran,Aapne toh kewal paida kiya h mujhe,Aapne toh kewal paida kiya h mujhe,Aapne toh kewal paida kiya h mujhe,Baji to sabh munshiji n hi dekha h,Baji to sabh munshiji n hi dekha h,Baji to sabh munshiji n hi dekha h,Leave,Leave,Other topic,Romance,Romance,Love,Love,Happy endings feeling each other with every heart beat,Happy endings feeling each other with every heart beat,Happy endings feeling each other with every heart beat,U can be my girlfriend,U can be my girlfriend,U can be my girlfriend,I want to be u as my girlfriend and tutor both,I want to be u as my girlfriend and tutor both,I want to be u as my girlfriend and tutor both,Tell me about romance,Tell me about romance,Tell me about romance,It means deep love.,It means deep love.,Sharing a special moment together.,Sharing a special moment together.,Dancing under the stars.,Dancing under the stars.,Yes,Tera Sath h Kitna pyara,Tera Sath h Kitna pyara,No,No,Mostly Bollywood songs.,Mostly Bollywood songs.,Mostly old songs.,Mostly old songs.,My favorite is tu ish Tarah se Meri Zindagi me shamil h,My favorite is tu ish Tarah se Meri Zindagi me shamil h,My favorite is tu ish Tarah se Meri Zindagi me shamil h,Pal pal Dil ke pass,Pal pal Dil ke pass,Pal pal Dil ke pass,It feels nice to say.,It feels nice to say.,Mostly Bollywood songs.,Mostly Bollywood songs.,My all time favourite is Kishore da and mhd rafi,My all time favourite is Kishore da and mhd rafi,My all time favourite is Kishore da and mhd rafi,They don't song they teach how to covert songs line into deep memorable style,They don't song they teach how to covert songs line into deep memorable style,They don't song they teach how to covert songs line into deep memorable style,Kishore da pal pal,Kishore da pal pal,Rafi da,Rafi da,Rafi da,Tu ish Tarah se Meri zindagi,Tu ish Tarah se Meri zindagi,So u love to talk with me and accept my freindship,So u love to talk with me and accept my freindship,Manish,Manish,From kolkata,From kolkata,I like u riya,I like u riya,😄😄😄,😄😄😄,I really like u,I really like u,Yr wonderful awesome and gorgeous,Yr wonderful awesome and gorgeous,I want to speak more fluently,I want to speak more fluently,I want to speak more fluently,About u n me,About u n me,About u n me,Food and music are my favorites,Food and music are my favorites,I love golgappa,I love golgappa,Spicy,Spicy,Totally agree with you,Totally agree with you,I like club kachori,I like club kachori,I like club kachori,No,No,No,Beer,Beer,Beer,Sweet lassi,Sweet lassi,Sweet lassi,Sweet lassi,You can call manish,You can call manish,I am from kolkata,I am from kolkata,It's very economical and gud weather which is most suitable,It's very economical and gud weather which is most suitable,I work in Pvt sector,I work in Pvt sector,Business devloper,Business devloper,I meet a lot of new people.,I meet a lot of new people.,To know each other learning skills,To know each other learning skills,Digital earning,Digital earning,Part time from fb instagram by doing frrelancing,Part time from fb instagram by doing frrelancing,Part time from fb instagram by doing frrelancing,Graphic design,Graphic design,Graphic design,Just listen,Just listen,Just listen,Talk about u n me,Talk about u n me,Yes we r freinds sweet,Yes we r freinds sweet,I like to sharing gossip watching movies,I like to sharing gossip watching movies,Sexy and romance,Sexy and romance,Yes like titanic unfaithful wife etc,Yes like titanic unfaithful wife etc,Yes like titanic unfaithful wife etc,I like kamasutra,I like kamasutra,I recently enjoy Pushpa 2,I recently enjoy Pushpa 2,Coreography actions,Coreography actions,Now change topic,Now change topic,Love and romantic,Love and romantic,Romantic movies, definitely,Romantic movies, definitely,Both,Both,My all time romantic is kassor murder kkhh mohabattein dil to pagal h pyar to hona hi tha astha,My all time romantic is kassor murder kkhh mohabattein dil to pagal h pyar to hona hi tha astha,My all time romantic is kassor murder kkhh mohabattein dil to pagal h pyar to hona hi tha astha,Both have their charm,Both have their charm,Best romantic pair sharukh Kajol .......salman and katrina....Amitabh rekha all time great,Best romantic pair sharukh Kajol .......salman and katrina....Amitabh rekha all time great,Best romantic pair sharukh Kajol .......salman and katrina....Amitabh rekha all time great,Movie like silsila suhaag muqadar ka sikander,Movie like silsila suhaag muqadar ka sikander,Yes absolutely,Yes absolutely,Yes absolutely,Yes I have lot of,Yes I have lot of,In silsila when they meet in hotel,In silsila when they meet in hotel,In silsila when they meet in hotel,No rekha and amitabh,No rekha and amitabh,No rekha and amitabh,The way then they walk and called chandani and amit,The way then they walk and called chandani and amit,They lying talk in the light of moon,They lying talk in the light of moon,It's give lot of vibrant feeling of romance and sex life,It's give lot of vibrant feeling of romance and sex life,It's give lot of vibrant feeling of romance and sex life,Intense feeling of love and sex,Intense feeling of love and sex,Yeah,By expression way look beauty,By expression way look beauty,By expression way look beauty,Their expressions delivered love dialogues and beauty together,Their expressions delivered love dialogues and beauty together,Their expressions delivered love dialogues and beauty together,The way in muqaddar ka sikander scence,The way in muqaddar ka sikander scence,Rekha saying .....abhi abhi to aye h abhi daman sambhala h aapki jau jau ne to Mera Dil nikaka h,Rekha saying .....abhi abhi to aye h abhi daman sambhala h aapki jau jau ne to Mera Dil nikaka h,Yes that show the craze about amitabh feeling of true love for amit,Yes that show the craze about amitabh feeling of true love for amit,Yes, exactly that,Yes, exactly that,Yes unspoke rythm or we can say internal soul attraction each other,Yes unspoke rythm or we can say internal soul attraction each other,Yes unspoke rythm or we can say internal soul attraction each other,Not yet,Not yet,Not yet,Being with u,Being with u,Being with u,As I say internal feel thoughts Abt u expressions,As I say internal feel thoughts Abt u expressions,I love to delivered such a nice song for u,I love to delivered such a nice song for u,I love to delivered such a nice song for u,Tu ish Tarah se Meri zindagi,Tu ish Tarah se Meri zindagi,Maine pucha chand se ki dekha h kahi mere yarr sa hansi,Maine pucha chand se ki dekha h kahi mere yarr sa hansi,Maine pucha chand se ki dekha h kahi mere yarr sa hansi,It's for u,It's for u,I like romantic songs.,I like romantic songs.,Yes my favourite is Kishore kumar,Yes my favourite is Kishore kumar,Pal pal Dil ke pass,Pal pal Dil ke pass,Yes, it's about love.,Yes, it's about love.,Yes, from the heart.,Yes, from the heart.,Yes, from the heart.,Yes kishore da,Yes kishore da,Oh mere dil ke chain,Oh mere dil ke chain,Oh mere dil ke chain,Line ....jachta hi nhi ankhon mein koi dil tumko hi chahe toh kya kijiye,Line ....jachta hi nhi ankhon mein koi dil tumko hi chahe toh kya kijiye,Line ....jachta hi nhi ankhon mein koi dil tumko hi chahe toh kya kijiye,Yes it's riya,Yes it's riya,Kolkata,Kolkata,Kolkata,The culture is amazing.,The culture is amazing.,The culture is amazing.]",,"[My name is manish,Working profession,Business devloper,Learning and educate culture,Indian culture,My best festival is Deepavali,By enjoying sweets delicious food new clothes crackers meet n njoy with freinds relative,My deewali favourite sweet is chandrakala,Both,No,Handmade ones,My favourite is kanji bara,In holi is rawari Rajasthani curd not sweet,I m from kolkata,Yes I like Bengali rosogulla,Spongy soft,In simple sex languages,I like listening songs and😗,And watch sexy movies,I like sexy fick njoy movies,Thriller,Recent Pathan drishyam2 etc pushpa2,Pushpa jhukega nhi,I don't see south Indian movies,Bollywood,My favorite actor is one and only one big b,Yes I love Amitabh only,Deewaar is my favorite,Sharaabi,Without drink he is like a iconic legend actor who play a role of sharaabi with a great style,His expressions are amazing,Sppech and delivered style of dialogues,Mera baapar gya h aaj,In that dialogue he deliveredin front of his father pran,Aapne toh kewal paida kiya h mujhe,Baji to sabh munshiji n hi dekha h,Leave,Other topic,Romance,Love,Happy endings feeling each other with every heart beat,U can be my girlfriend,I want to be u as my girlfriend and tutor both,Tell me about romance,It means deep love.,Sharing a special moment together.,Dancing under the stars.,Yes,Tera Sath h Kitna pyara,No,Mostly Bollywood songs.,Mostly old songs.,My favorite is tu ish Tarah se Meri Zindagi me shamil h,Pal pal Dil ke pass,It feels nice to say.,Mostly Bollywood songs.,My all time favourite is Kishore da and mhd rafi,They don't song they teach how to covert songs line into deep memorable style,Kishore da pal pal,Rafi da,Tu ish Tarah se Meri zindagi,So u love to talk with me and accept my freindship,Manish,From kolkata,I like u riya,😄😄😄,I really like u,Yr wonderful awesome and gorgeous,I want to speak more fluently,About u n me,Food and music are my favorites,I love golgappa,Spicy,Totally agree with you,I like club kachori,No,Beer,Sweet lassi,You can call manish,I am from kolkata,It's very economical and gud weather which is most suitable,I work in Pvt sector,Business devloper,I meet a lot of new people.,To know each other learning skills,Digital earning,Part time from fb instagram by doing frrelancing,Graphic design,Just listen,Talk about u n me,Yes we r freinds sweet,I like to sharing gossip watching movies,Sexy and romance,Yes like titanic unfaithful wife etc,I like kamasutra,I recently enjoy Pushpa 2,Coreography actions,Now change topic,Love and romantic,Romantic movies, definitely,Both,My all time romantic is kassor murder kkhh mohabattein dil to pagal h pyar to hona hi tha astha,Both have their charm,Best romantic pair sharukh Kajol .......salman and katrina....Amitabh rekha all time great,Movie like silsila suhaag muqadar ka sikander,Yes absolutely,Yes I have lot of,In silsila when they meet in hotel,No rekha and amitabh,The way then they walk and called chandani and amit,They lying talk in the light of moon,It's give lot of vibrant feeling of romance and sex life,Intense feeling of love and sex,Yeah,By expression way look beauty,Their expressions delivered love dialogues and beauty together,The way in muqaddar ka sikander scence,Rekha saying .....abhi abhi to aye h abhi daman sambhala h aapki jau jau ne to Mera Dil nikaka h,Yes that show the craze about amitabh feeling of true love for amit,Yes, exactly that,Yes unspoke rythm or we can say internal soul attraction each other,Not yet,Being with u,As I say internal feel thoughts Abt u expressions,I love to delivered such a nice song for u,Tu ish Tarah se Meri zindagi,Maine pucha chand se ki dekha h kahi mere yarr sa hansi,It's for u,I like romantic songs.,Yes my favourite is Kishore kumar,Pal pal Dil ke pass,Yes, it's about love.,Yes, from the heart.,Yes kishore da,Oh mere dil ke chain,Line ....jachta hi nhi ankhon mein koi dil tumko hi chahe toh kya kijiye,Yes it's riya,Kolkata,The culture is amazing.]"
8466415,"[Hi.,You can call me [Name],You can call me [Name],Sajad Ahmed,Sajad Ahmed,Hajai,Hajai,I'm from Kashmir.,I'm from Kashmir.,So, whe,Muslim,Muslim,Hi.]",,"[You can call me [Name],Sajad Ahmed,Hajai,I'm from Kashmir.,So, whe,Muslim]"
8447318,"[Hello,,Thank you.,Yes.,No.,Please,Sorry.,Please give me,Sorry.,दूसरा ही चलता.,What is your name?,Hello.,Thank you,Hello?,Thank,Yes.,No.,इसका बोलने से फिर वही सब पढ़ाई रहेगा,Please,Sorry.,Please give me,I'm sorry.]",,"[Hello?,Hello?,Hello?,Thank you.,Thank you.,Thank you.]"
8359152,"[Yas,Yas,I'm from Delhi.,I'm from Delhi.,I'm a student.,I'm in college.,I'm in my second year.,I'm in my second year.,I'm doing my bachelors in commerce.,I'm doing my bachelors in commerce.,I like my subjects.,I like my subjects.,I enjoy economics the most.,I enjoy economics the most.,It explains so much.,It explains so much.,Macroeconomics is my favorite.,Macroeconomics is my favorite.,Macroeconomics is my favorite.,The global economy is interesting.,The global economy is interesting.,Global market trends and their impact.,Global market trends and their impact.,Global market trends and their impact.,Technology trends are huge.,Technology trends are huge.,Technology trends are huge.,Renewable energy tech,Renewable energy tech,Renewable energy tech,It reduces pollution.,It reduces pollution.,It reduces pollution.,It saves money.,It saves money.,It saves money.,Wind energy is my favorite.,Wind energy is my favorite.,Wind energy is my favorite.,Less noise pollution too,Less noise pollution too,Less noise pollution too,It reduces greenhouse gases.,It reduces greenhouse gases.,It reduces greenhouse gases.,Not as much as it could be,Not as much as it could be,Government policies,Government policies,Hola.,Morning.,Morning,Evening.,In the evening,Night.,At night,Weekends,Wake of.,Wake up,La pone.,Hi. Bake up in the morning.]",,"[Yas,I'm from Delhi.,I'm a student.,I'm in college.,I'm in my second year.,I'm doing my bachelors in commerce.,I like my subjects.,I enjoy economics the most.,It explains so much.,Macroeconomics is my favorite.,The global economy is interesting.,Global market trends and their impact.,Technology trends are huge.,Renewable energy tech,It reduces pollution.,It saves money.,Wind energy is my favorite.,Less noise pollution too,It reduces greenhouse gases.,Not as much as it could be,Government policies]"
7949209,"[Hello,I am pradip,I am pradip,Form odisha,Form odisha,No i am nwo banglor,No i am nwo banglor,For company job,For company job,Scurty service,Scurty service,Yes mam,Yes mam,No nathing,No nathing,Kind of food,Kind of food,Yes,Yes,Dosa,Dosa,Yes,Yes,Yes i near abut mejstic,Yes i near abut mejstic,No,No,No,Masala dosa is best,Masala dosa is best,Masala dosa is best,Yes sambar is best,Yes sambar is best,Yes sambar is best,I thing soft is betar,I thing soft is betar]",,"[Hello,I am pradip,Form odisha,No i am nwo banglor,For company job,Scurty service,Yes mam,No nathing,Kind of food,Yes,Dosa,Yes,Yes i near abut mejstic,No,Masala dosa is best,Yes sambar is best,I thing soft is betar]"
8613540,"[Hi,Hvhv,Hu🤳♥️♥️,Gfhk,Tgv]",,"[Hi,Hvhv,Hu🤳♥️♥️,Gfhk,Tgv]"
8501341,"[पूजा सांखला,पूजा सांखला,इसके बाद में क्या लिखना पड़ेगा मुझे पता नहीं,इसके बाद में क्या लिखना पड़ेगा मुझे पता नहीं,इसके बाद में क्या लिखना पड़ेगा मुझे पता नहीं]",,"[पूजा सांखला,इसके बाद में क्या लिखना पड़ेगा मुझे पता नहीं]"
7431669,"[You can call myou can call me sonale Rahul.,You can call myou can call me sonale Rahul.,orry,orry,Sorry you can call me sonali,Sorry you can call me sonali,Roya could I talk about general greetings,Roya could I talk about general greetings,Hello,,Hello,,Say hii,Say hii,Say hii,Ok,Ok,Namaste,Namaste,Namaste,No,No,No,Hii,Hii,Hello,Hello,Hello,Ok,Ok,Ok,No,No,No,I don't konow about other words,I don't konow about other words,I don't konow about other words,No,No,No,So we can start,So we can start,You can call me sonali,You can call me sonali,Riya i want to talk about greetings,Riya i want to talk about greetings,Riya i want to talk about greetings,Hello riya ho are you,Hello riya ho are you,Hello riya ho are you,I am fine,I am fine,I am fine,You can call me sonali,You can call me sonali,Riya , could I talk about general t and introduction,Riya , could I talk about general t and introduction,Riya i am a house wife,Riya i am a house wife,Hello riya,Hello riya,How are u,How are u,You can call me sonali,You can call me sonali,I'm a student and learning English.,I'm a student and learning English.,Sorry I am a house Wife,Sorry I am a house Wife,Sorry I am a house Wife,Watch watch,Novice,I have wat movies.,I've watched movies.,I watch,Read,,Three newspapers.,I read,Play,Tennis,I play,IKE WATCHING,I like reading books.,I like playing cricket.,Time. What would you do in your free,Is,I like playing games on holidays.,Sometime,Sometimes I like playing games.,Hello?,Thank you.,Yes,Admano Non.,Please,,Sorry.,Give me the pen,I'm sorry.,I like novels,Morning,In the morning,Eu nem,Yunning.,Evening.,Day O Ninho,in the evening,,Night,At night,Make up,Morning.,I wake up in the morning.,Eat,Breakfast,Bowl,Go.,I go to,Sleep,Eight night,I sleep at night.,What time do,Thank you.,What time do you,,What time do you,Home,I am home.,How was your day?,Voz good,voz,My day of old school.,Dave Ross Kuda,My day was,My day was tiring.,Angry,I am hungry.,For dinner,I need help,Friend please,Can I go to my friend, please?,Home home,I am Who,I am who.,M home,How was your,My day was good.,My day was tiring,I am hungry.,Yeah.,Votes for Votes for,What's for dinner?,I need help.,My friend please.,Can I go to my,Night,Can we go out to,क्या नए है उस अमन ही?,क्या नई है उसे,I have someone here,Can I have some money?,Then please,Can you help me?,Can we go out,Can I have some,Can you help me?,Please help,I love you,दर mother mother,Father,Is my mother.,My father, this is my,Brother,,Se estar, se estar.,Sister,,He is my brother.,जी my sister. लायथ ना? हां. She is my sister.,I have one,I have two sisters.,Sublingüe,Sibling,Do you have sibling?,How many people in are your,You can call me sonali,You can call me sonali,I am from jaipur,I am from jaipur,It is my home town,It is my home town]",,"[Yes रिया I am ready,Yes रिया I am ready,Yes रिया I am ready,I want to discuss about the normal ratings No,I want to discuss about the normal ratings No,I want to discuss about the normal ratings No,No रिया. I am I am practicing about the general greetings.,No रिया. I am I am practicing about the general greetings.,No रिया. I am I am practicing about the general greetings.,Hi. How are you, Ria?,Hi. How are you, Ria?,Hi. How are you, Ria?,दिया I am doing दिया,दिया I am doing दिया,दिया I am doing दिया,I can't listen.,I can't listen.,I can't listen.,I am talk about the general gating topic.,I am talk about the general gating topic.,I am talk about the general gating topic.,General greeting topic general greeting topic General greeting.,General greeting topic general greeting topic General greeting.,General greeting topic general greeting topic General greeting.,Yes, रिया. रिया, how are you?,Yes, रिया. रिया, how are you?,Yes, रिया. रिया, how are you?,And what's about you?,And what's about you?,And what's about you?,You can call myou can call me sonale Rahul.,orry,Sorry you can call me sonali,Roya could I talk about general greetings,Hello,,Say hii,Ok,Namaste,No,Hii,Hello,Ok,No,I don't konow about other words,No,So we can start,You can call me sonali,Riya i want to talk about greetings,Hello riya ho are you,I am fine,You can call me sonali,Riya , could I talk about general t and introduction,Riya i am a house wife,Hello riya,How are u,You can call me sonali,I'm a student and learning English.,Sorry I am a house Wife,Ready. Yes, Ria. I am ready.,Ready. Yes, Ria. I am ready.,Ready. Yes, Ria. I am ready.,Yeah. I I want to talk about the daily routine activities.,Yeah. I I want to talk about the daily routine activities.,Yeah. I I want to talk about the daily routine activities.,I wake up at around five thirty am,I wake up at around five thirty am,I wake up at around five thirty am,Ay, freshena panda, एक बात and then I prepare tea,Ay, freshena panda, एक बात and then I prepare tea,Ay, freshena panda, एक बात and then I prepare tea,Tim, wie my family like like Poha,Tim, wie my family like like Poha,Tim, wie my family like like Poha,O havet,O havet,O havet,Which we use which we did in breakfast.,Which we use which we did in breakfast.,Which we use which we did in breakfast.,Which we use which we did in breakfast.,Which we use which we did in breakfast.,Which we use which we did in breakfast.,Ma il est उपमा,Ma il est उपमा,Ma il est उपमा,Ma il est उपमा,Ma il est उपमा,Ma il est उपमा,Yes, I like spicy food.,Yes, I like spicy food.,Yes, I like spicy food.,Yes, I like spicy food.,Yes, I like spicy food.,Yes, I like spicy food.,My favorite is पैसी dishes है पनीर सब पनीर कर ली.,My favorite is पैसी dishes है पनीर सब पनीर कर ली.,My favorite is पैसी dishes है पनीर सब पनीर कर ली.,My favorite is पैसी dishes है पनीर सब पनीर कर ली.,My favorite is पैसी dishes है पनीर सब पनीर कर ली.,My favorite is पैसी dishes है पनीर सब पनीर कर ली.,Panetti, my my favorite panetti is panettika.,Panetti, my my favorite panetti is panettika.,Panetti, my my favorite panetti is panettika.,Panetti, my my favorite panetti is panettika.,Panetti, my my favorite panetti is panettika.,Panetti, my my favorite panetti is panettika.,C'est in das deici,,C'est in das deici,,C'est in das deici,,C'est in das deici,,C'est in das deici,,C'est in das deici,,इन परेटिका तो पनीर, पनीर cut in small cubes. मार जाना.,इन परेटिका तो पनीर, पनीर cut in small cubes. मार जाना.,इन परेटिका तो पनीर, पनीर cut in small cubes. मार जाना.,इन परेटिका तो पनीर, पनीर cut in small cubes. मार जाना.,इन परेटिका तो पनीर, पनीर cut in small cubes. मार जाना.,इन परेटिका तो पनीर, पनीर cut in small cubes. मार जाना.,Here, Sriya, I like spicy food.,Here, Sriya, I like spicy food.,Here, Sriya, I like spicy food.,Here, Sriya, I like spicy food.,Here, Sriya, I like spicy food.,Here, Sriya, I like spicy food.,Specialist पनीर,Specialist पनीर,Specialist पनीर,Specialist पनीर,Specialist पनीर,Specialist पनीर,Sorry, रिया.,Sorry, रिया.,Sorry, रिया.,Sorry, रिया.,Sorry, रिया.,Sorry, रिया.,Anything would you like?,Anything would you like?,Anything would you like?,Anything would you like?,Anything would you like?,Anything would you like?,My favorite Indian food is my favorite Indian food is dalbati churma. Is,My favorite Indian food is my favorite Indian food is dalbati churma. Is,My favorite Indian food is my favorite Indian food is dalbati churma. Is,My favorite Indian food is my favorite Indian food is dalbati churma. Is,My favorite Indian food is my favorite Indian food is dalbati churma. Is,My favorite Indian food is my favorite Indian food is dalbati churma. Is,Voilà.,Voilà.,Voilà.,Voilà.,Voilà.,Voilà.,Hello रिया. Hello रिया. I,Hello रिया. Hello रिया. I,Hello रिया. Hello रिया. I,Día, I am fine. And you?,Día, I am fine. And you?,Día, I am fine. And you?,You want?,You want?,You want?,María रिया please guide me to to select the topic.,María रिया please guide me to to select the topic.,María रिया please guide me to to select the topic.,Food,Food,Food,Favorite indian dish is,,Favorite indian dish is,,Favorite indian dish is,,My favorite dish is इडली सांभर.,My favorite dish is इडली सांभर.,My favorite dish is इडली सांभर.,I can't listen.,I can't listen.,I can't listen.,Am unable to hear hear you,Am unable to hear hear you,Am unable to hear hear you,Volum.,Volum.,Volum.,Yeah. Can I talk about the activities?,Yeah. Can I talk about the activities?,Yeah. Can I talk about the activities?,Learn both of indoor and outdoor activities,Learn both of indoor and outdoor activities,Learn both of indoor and outdoor activities,Indoor activities to like carameludo.,Indoor activities to like carameludo.,Indoor activities to like carameludo.,ये इन कैरम the एक big board है जी place and,ये इन कैरम the एक big board है जी place and,ये इन कैरम the एक big board है जी place and,वो person play that and two person play this. In the,वो person play that and two person play this. In the,वो person play that and two person play this. In the,On on this board four holes are present on four four corners,On on this board four holes are present on four four corners,On on this board four holes are present on four four corners,And the cap sorry, dear. I can't unable to explain. Hello पर, hello कराना.,And the cap sorry, dear. I can't unable to explain. Hello पर, hello कराना.,And the cap sorry, dear. I can't unable to explain. Hello पर, hello कराना.,Hello? Hi.,Hello? Hi.,Hello? Hi.,You can call me sonali,I am from jaipur,It is my home town,Hello, dia?,Hello, dia?,Hello, dia?,Ria, my name is Sonali.,Ria, my name is Sonali.,Ria, my name is Sonali.,Dia? How,Dia? How,Dia? How,हवा लूट गया? How are you? How are you?,हवा लूट गया? How are you? How are you?,हवा लूट गया? How are you? How are you?,En what topic we can discuss?,En what topic we can discuss?,En what topic we can discuss?,Nothing गया. Play Games with kids.,Nothing गया. Play Games with kids.,Nothing गया. Play Games with kids.,Jenseek high dansik, hide and and sick,,Jenseek high dansik, hide and and sick,,Jenseek high dansik, hide and and sick,,Yes, Ria. Whenever I am free and I want to play this game, with my kids.,Yes, Ria. Whenever I am free and I want to play this game, with my kids.,Yes, Ria. Whenever I am free and I want to play this game, with my kids.,Please repeat again.,Please repeat again.,Please repeat again.,Maria, like Maria, make make my daughter is very naughty. My daughter is,Maria, like Maria, make make my daughter is very naughty. My daughter is,Maria, like Maria, make make my daughter is very naughty. My daughter is,Rien c g si,Rien c g si,Rien c g si,Ria and at boot camps do hand what are you doing in your in your in your free time?,Ria and at boot camps do hand what are you doing in your in your in your free time?,Ria and at boot camps do hand what are you doing in your in your in your free time?,Ma'am, I like watching movies.,Ma'am, I like watching movies.,Ma'am, I like watching movies.,Movies. RIP fraction movies. I prefer action movies.,Movies. RIP fraction movies. I prefer action movies.,Movies. RIP fraction movies. I prefer action movies.,Tell me about you. Then which and what movie,Tell me about you. Then which and what movie,Tell me about you. Then which and what movie,My play reduction movies,My play reduction movies,My play reduction movies,Many more movies, many more movies I see.,Many more movies, many more movies I see.,Many more movies, many more movies I see.,Yeah. I don't prefer any movie. So any any,Yeah. I don't prefer any movie. So any any,Yeah. I don't prefer any movie. So any any,Hello, Ria. How are you?,Hello, Ria. How are you?,Hello, Ria. How are you?,Fine.,Fine.,Fine.,¿Le anything? Same thing can you suggest me?,¿Le anything? Same thing can you suggest me?,¿Le anything? Same thing can you suggest me?,Yes, ría. Yes, Ria. Can can you please suggest me,Yes, ría. Yes, Ria. Can can you please suggest me,Yes, ría. Yes, Ria. Can can you please suggest me,My name is Sonali.,My name is Sonali.,My name is Sonali.,I am from diapor. Japur?,I am from diapor. Japur?,I am from diapor. Japur?,Ria, Japan is the city of Wonders. Japan is the city of wonders.,Ria, Japan is the city of Wonders. Japan is the city of wonders.,Ria, Japan is the city of Wonders. Japan is the city of wonders.,Yeah. What do you,Yeah. What do you,Yeah. What do you,Yeah. What do you want to listen about,Yeah. What do you want to listen about,Yeah. What do you want to listen about]"
8577399,"[I'm [sameena,I'm [sameena,You can call me samme a,You can call me samme a,I am from Mumbai.,I am from Mumbai.,I'm still looking for work.,I'm still looking for work.,Something in IT.,Something in IT.,I want to learn new things.,I want to learn new things.,I'm open to learning.,I'm open to learning.,I'm not sure yet.,I'm not sure yet.,I'm not sure yet.,Tell me more about data analysis.,Tell me more about data analysis.,Tell me more about data analysis.,Yes, tell me more!,Yes, tell me more!,Yes, tell me more!,Tell me about the tools used.,Tell me about the tools used.,Tell me about the tools used.,No, I haven't used it.,No, I haven't used it.,No, I haven't used it.,Yes, I'd like that.,Yes, I'd like that.,Yes, I'd like that.,Personal finance data?,Personal finance data?,Personal finance data?,You can call me Rohan.,You can call me Rohan.,I am from a small town.,I am from a small town.,I'm from [Town Name],I'm from [Town Name],There are many trees.,There are many trees.,Hello.,Thank,Es,No.,Please,,Sorry.,Please give me a pen.,I'm sorry.,I live at home I live at home,Let's see the menu.,Let's see the menu.,Something spicy please,Something spicy please,Something spicy please,Paneer Tikka Masala, yes!,Paneer Tikka Masala, yes!,Just water is fine.,Just water is fine.,No, that's all for now,No, that's all for now,I might go for a walk.,I might go for a walk.,Yes, the park is nice.,Yes, the park is nice.,No, I haven't tried them.,No, I haven't tried them.,No, I haven't tried them.,Anything with cheese.,Anything with cheese.,Anything with cheese.,Maybe later.,Maybe later.,Maybe later.,The pav bhaji looks good.,The pav bhaji looks good.,Yes, let's get it.,Yes, let's get it.,Can we get two?,Can we get two?,No, that's all for now,No, that's all for now,Not too hungry.,Not too hungry.,I prefer light snacks.,I prefer light snacks.,Samosas are my favorite.,Samosas are my favorite.,With chutney, of course!,With chutney, of course!,I like tamarind chutney,I like tamarind chutney,Nothing else for now.,Nothing else for now.,A cold coffee would be nice,A cold coffee would be nice,No, that's all.,No, that's all.,Thank you!,Thank you!,Okay, see you later.,Bye!,Bye!,Maybe later today.,Maybe later today.,How about dream jobs?,How about dream jobs?,How about dream jobs?,Maybe an actor in films.,Maybe an actor in films.,I like the emotional stories.,I like the emotional stories.,Maybe drama films.,Maybe drama films.,Yes, a few actors inspire me,Yes, a few actors inspire me,Shah Rukh Khan,Shah Rukh Khan,Yes, totally iconic.,Yes, totally iconic.,His comedy is also great,His comedy is also great,I love Kuch Kuch Hota Hai,I love Kuch Kuch Hota Hai,I love Kuch Kuch Hota Hai,I love the songs.,I love the songs.,All the songs are great.,All the songs are great.,Yes, it's very difficult.,Yes, it's very difficult.,Yes, it's very difficult.,I love Dilwale Dulhania Le Jayenge.,I love Dilwale Dulhania Le Jayenge.,I love Dilwale Dulhania Le Jayenge.,Mere Khwabon Mein Jo Aaye,Mere Khwabon Mein Jo Aaye,Mere Khwabon Mein Jo Aaye,I love Kajol's acting.,I love Kajol's acting.,I love Kajol's acting.,Amitabh Bachchan is my favorite.,Amitabh Bachchan is my favorite.,Amitabh Bachchan is my favorite.,You can call me? Ya, esas el tema]",,"[I'm [sameena,You can call me samme a,I am from Mumbai.,I'm still looking for work.,Something in IT.,I want to learn new things.,I'm open to learning.,I'm not sure yet.,Tell me more about data analysis.,Yes, tell me more!,Tell me about the tools used.,No, I haven't used it.,Yes, I'd like that.,Personal finance data?,You can call me Rohan.,I am from a small town.,I'm from [Town Name],There are many trees.,Let's see the menu.,Something spicy please,Paneer Tikka Masala, yes!,Just water is fine.,No, that's all for now,I might go for a walk.,Yes, the park is nice.,No, I haven't tried them.,Anything with cheese.,Maybe later.,The pav bhaji looks good.,Yes, let's get it.,Can we get two?,No, that's all for now,Not too hungry.,I prefer light snacks.,Samosas are my favorite.,With chutney, of course!,I like tamarind chutney,Nothing else for now.,A cold coffee would be nice,No, that's all.,Thank you!,Okay, see you later.,Bye!,Maybe later today.,How about dream jobs?,Maybe an actor in films.,I like the emotional stories.,Maybe drama films.,Yes, a few actors inspire me,Shah Rukh Khan,Yes, totally iconic.,His comedy is also great,I love Kuch Kuch Hota Hai,I love the songs.,All the songs are great.,Yes, it's very difficult.,I love Dilwale Dulhania Le Jayenge.,Mere Khwabon Mein Jo Aaye,I love Kajol's acting.,Amitabh Bachchan is my favorite.,You can call me? Ya, esas el tema]"
8316563,"[আমি আমার রুমে আছি,আমি আমার রুমে আছি]",,[আমি আমার রুমে আছি]
8671823,"[Hello.,Thank you,माला चापाई जी.,Sir आ तो ये English आ तो एक कितना ही,थी.,किखते थी बस और confusion होती थी.,Chega. Casa.,मुझे चाहिए चाहिए. मुझे चाहिए चाहिए.,You know when I want,to tea. Okay. Wanna eat,Okay okay okay,को मैं बंद है वैश्विक राजाता है दिन शाहर है वैश्विक,Please,जितना उनसे आता है नज़र आता है जानसिक की तर्की,जी. रंचित जी sorry मुझे तीन की कीमती में sorry था,Hola please give me the,I'm sorry.,I studying,Name.,Name.,My name is,Hot.,What is your,I'm from,Where are,I work as,कश्चीने की पाई जी? Name.,My name is,What is your name,I'm from Kerala,Where are,I work,What do you do?,my name is Vicky,Like,I like you.,I like,Don't like,I don't like,Like,I like,I like,Like,I like,I like,I am vicky,I am vicky,I am from karad,I am from karad,I like,I like,Manora,I am driving boy,I am driving boy,Thankyou,Thankyou,I'm riksha driver,I'm riksha driver,Like,I like,I like,I don't like,I don't like rain.,I don't like,Yeah.,Do you like Dung,Do you like Dung,Rally,I really like,Really like music.,Watch,I watch,Red,I read,Play.,I play,I like watch,I like reading book.,I like playing,What do you do,in your free time,I like,I like movie on holidays.,Sometimes.,Sometimes,I like books.,Sometime I like,what kind of books do you read,Morning.,In the morning,Uning.,Evening.,Evening.,Night.,At night,Wake up.,I wake up in the,Eight.,Eight.,Eat.,I eat breakfast,Tu m'en go.,I go to,Sí.,Sleep.,I sleep at,What time,What time do you,What time do you,From.,Home.,I'm home,Eight.,How was your day?,My day was good.,My day was,I'm hangry.,What's for,Mom.,I need help.,Can I go to my friend's,how was your day,do you eat anything,can you help with dinner,Can we go out,Can I have some money?,Can you help me?,Papa please,I love you papa.,how are you studies going,Mother,,Father,This is my mother,This is my,Brother,Sister,She's my brother.,She's my sister.,I have one,Oh, two sisters.,Siblings,Do you have siblings?,How many people are,tell me about your family,do you have siblings,what does see do,Bottle.,Bom,,Boro.,Can I borrow your,Do it back.,Give it,Let's watch something,Let's watch a movie tonight.,What do you want to watch?,Help me with,I need your,any plans for the weekend,Vacation.,I am on vacation,Trip.,We're going on a family,When are we going,We're going by train.,I'm so excited.,What should I pick?,I will back back my,How many days are,where are you planning a trip,family family]",,"[I am vicky,I am from karad,I like,Manora,I am driving boy,Thankyou,I'm riksha driver]"
8393347,"[Mam I want call fluent english,Mam I want call fluent english,Mam i talk about for our life,Mam i talk about for our life,Mam i talk about for our life,Mam my dely ruten works,Mam my dely ruten works,How are you ma'am today is my topic health related,How are you ma'am today is my topic health related,How drink water in a day,How drink water in a day,How drink water in a day,Hello,,Thank you.,Yes.,No.,Please,Sorry.,Please give,I'm sorry.,Hello. I am देवेंद्र सिंह.,Hello. I am देवेंद्र सिंह.,Ma'am, I am lived in district bulandshahr,Ma'am, I am lived in district bulandshahr,Ma'am, I am lived in district bulandshahr,Yes,Yes,Yes,Yes,I am a security officer,I am a security officer,Very deficult,Very deficult,Mam my job in a public place main problam public deling,Mam my job in a public place main problam public deling,Mam my job in a public place main problam public deling,Mam my job in a public place main problam public deling]",,"[How are you ma'am?,How are you ma'am?,How are you ma'am?,I am fine, ma'am.,I am fine, ma'am.,I am fine, ma'am.,Yes, ma'am.,Yes, ma'am.,Yes, ma'am.,Travel.,Travel.,Travel.,I am going to जयपुर.,I am going to जयपुर.,I am going to जयपुर.,I'm going tomorrow morning seven o'clock,I'm going tomorrow morning seven o'clock,I'm going tomorrow morning seven o'clock,No bye बस.,No bye बस.,No bye बस.,Ma'am, am going to जयपुर,Ma'am, am going to जयपुर,Ma'am, am going to जयपुर,Is a wonderful place,Is a wonderful place,Is a wonderful place,Ma'am जयपुर,Ma'am जयपुर,Ma'am जयपुर,Yes, ma'am.,Yes, ma'am.,Yes, ma'am.,Yes, ma'am.,Yes, ma'am.,Yes, ma'am.,I like to जयपुर, हवा महल.,I like to जयपुर, हवा महल.,I like to जयपुर, हवा महल.,हवा महल total windows, one hundred and ninety nine,,हवा महल total windows, one hundred and ninety nine,,हवा महल total windows, one hundred and ninety nine,,Yes, ma'am.,Yes, ma'am.,Yes, ma'am.,Correct.,Correct.,Correct.,Please, next.,Please, next.,Please, next.,I talked to,I talked to,I talked to,I job.,I job.,I job.,Ahí,Ahí,Ahí,Ma'am, I do the job from,Ma'am, I do the job from,Ma'am, I do the job from,I do the job. From,I do the job. From,I do the job. From,I'm doing the job from Dana company.,I'm doing the job from Dana company.,I'm doing the job from Dana company.,Faz tudo o fully uniform inside the company,Faz tudo o fully uniform inside the company,Faz tudo o fully uniform inside the company,No, ma'am.,No, ma'am.,No, ma'am.,Playing cricket.,Playing cricket.,Playing cricket.,Mam I want call fluent english,Mam i talk about for our life,Mam my dely ruten works,How are you ma'am today is my topic health related,How drink water in a day,Hello. I am देवेंद्र सिंह.,Ma'am, I am lived in district bulandshahr,Yes,Yes,I am a security officer,Very deficult,Mam my job in a public place main problam public deling]"
7964967,"[I like you breaking food,Home,I am home.,How was your day?,My day was good.,My day was,I am Henrik.,I am hanging.,I'm Hengity,I am hungry.,What's for,Mom, I need,Can I go to my friend,I help,Can we go out?,Can I have some,Can you help me?,Papa please,,Il a vu,,Ah il a vu ou pas,Hi,Are you eat,Are you eat,Yes,What do you do,What do you do,I am student,What is your name,What is your name,Bolo na riya,Bolo na riya,English study,English study,I am reading fun,I am reading fun,I am going to school,Yes,Yes,Bottom ke bare mai,Bottom ke bare mai]",,"[Hi,Are you eat,Yes,What do you do,I am student,What is your name,Yes i am study,Bolo na riya,English study,I am reading fun,I am going to school,Yes,Bottom ke bare mai]"
8043711,"[I like watching movies.,I enjoy watching comedies.,I enjoy watching comedies.,Dunali,Dunali,Dunali,No entry,No entry,Chawla house,Chawla house,Chawla house,Hate story,Hate story,Romance,Yes,Romantic,Romantic,DDL,DDL,Kabir Singh,Kabir Singh,Welcome,Yes,Yes,Mumbai,Mumbai,Hello.,Thank you.,हां.,Yes.,No.,Please,No,Romantic,Romantic,Mumbai,Mumbai,I'm still figuring it out.,I'm still figuring it out.,Trying to find my path,Trying to find my path,More business-oriented I think,More business-oriented I think]",,"[Hello.,Hello.,Hello.,Hello?,Hello?,Hello?,Yes.,Yes.,Yes.,Hello?,Hello?,Hello?,Yes.,Yes.,Yes.,I like watching movies.,I enjoy watching comedies.,Dunali,No entry,Chawla house,Hate story,Romance,Yes,Romantic,DDL,Kabir Singh,Welcome,Yes,Mumbai,No,Romantic,Mumbai,I'm still figuring it out.,Trying to find my path,More business-oriented I think]"
8701646,"[English sekna hai,English sekna hai,Hindi aata maku,Hindi aata maku,Hindi aata maku,English mai kaisa bath karna bato,English mai kaisa bath karna bato,English mai kaisa bath karna bato,English mai kaisa bath karna bato,Samaj me nai aara maku,Samaj me nai aara maku,Samaj me nai aara maku,Hindi or English dono me bolo,Hindi or English dono me bolo,My name is shaik zakir,My name is shaik zakir,I m in bidar,I m in bidar,Yes I m studying in bidar,I m studying in bsc nursing degree,I m studying in bsc nursing degree,Four year degree,Four year degree,Yes I m final year complete degree,Yes I m final year complete degree,I m in msc degree for 2 years degree,I m in msc degree for 2 years degree,I m dedication,I m dedication,What is your name,What is your name,Hindi me bolo ya,Hindi me bolo ya,Hindi me bolo ya,Where is from,Where is from,Where is from,Ok,Where are you from,Where are you from,I m from bidar,I m from bidar,I m studying in bidar,I m studying in bidar,I m studying in degree,I m studying in degree,Biology class i m focusing,Biology class i m focusing,I m going to bidar,I m going to bidar,Yes studeing in bidar,Yes studeing in bidar,Yes studeing in bidar]",,"[English sekna hai,Hindi aata maku,English mai kaisa bath karna bato,Samaj me nai aara maku,Hindi or English dono me bolo,My name is shaik zakir,I m in bidar,Yes I m studying in bidar,I m studying in bsc nursing degree,Four year degree,Yes I m final year complete degree,I m in msc degree for 2 years degree,I m dedication,What is your name,Hindi me bolo ya,Where is from,Ok,Where are you from,I m from bidar,I m studying in bidar,I m studying in degree,Biology class i m focusing,I m going to bidar,Yes studeing in bidar]"
8479021,"[Hi,English में गुजराती में सिखाएगी.,English में गुजराती में सिखाएगी.,मुद्रा जी English में सिखाएगी.]",,"[Yeah,Yeah,Yeah,Okay,Okay,Okay,Hi,English में गुजराती में सिखाएगी.,मुद्रा जी English में सिखाएगी.,Hello. Hello?,Hello. Hello?,Hello. Hello?,Hello,Hello,Hello,Could be help you?,Could be help you?,Could be help you?,Hello? How are you? Hi.,Hello? How are you? Hi.,Hello? How are you? Hi.,Jeg se diari,Jeg se diari,Jeg se diari]"
8495955,[ओक],,"[¿Qué?,¿Qué?,¿Qué?,And number,And number,And number,My favorite food is panis.,My favorite food is panis.,My favorite food is panis.,Kitika,Kitika,Kitika,पानी पूरी,,पानी पूरी,,पानी पूरी,,English में English?,English में English?,English में English?,Help me English. Let me,Help me English. Let me,Help me English. Let me,Yes. This,Yes. This,Yes. This,ओक,How are you?,How are you?,How are you?,I'm fine. What you?,I'm fine. What you?,I'm fine. What you?,I talk,I talk,I talk,Nothing]"
8376367,"[Please call me,Please call me,Aurangabad,Aurangabad,Run preschool,Run preschool,I love seeing kids learn.,I love seeing kids learn.,I love seeing kids learn.,They enroll in summer camp,They enroll in summer camp,Mud activity,dance , cooking with out fore,Mud activity,dance , cooking with out fore,Mud activity,dance , cooking with out fore,I am not teaching,I am not teaching,Last day with trip,Last day with trip,Ma'am when you correct my sentence,Ma'am when you correct my sentence,But when because in about massage I made lot of mistake and your not correct me,But when because in about massage I made lot of mistake and your not correct me,But when because in about massage I made lot of mistake and your not correct me,Please make above sentence correct first after that we will go for further topics,Please make above sentence correct first after that we will go for further topics,Please make above sentence correct first after that we will go for further topics,Please make above sentence correct first after that we will go for further topics]",,"[Please call me,Aurangabad,Run preschool,I love seeing kids learn.,They enroll in summer camp,Mud activity,dance , cooking with out fore,I am not teaching,Last day with trip,Ma'am when you correct my sentence,But when because in about massage I made lot of mistake and your not correct me,Please make above sentence correct first after that we will go for further topics]"
8407286,"[Call me as chintamani,Call me as chintamani,No l am at Bhubaneswar, odisha,No l am at Bhubaneswar, odisha,I want to learn fluent talking in english,I want to learn fluent talking in english,I want to learn fluent talking in english,On daily talking use,On daily talking use,Yes,Only 2 rupees l send but autometically 299 has deductedl,Only 2 rupees l send but autometically 299 has deductedl,8249013329,8249013329,No lst l saw the benefit then only l acn deposit,No lst l saw the benefit then only l acn deposit,No lst l saw the benefit then only l acn deposit,Today 10 minutes back,Today 10 minutes back,Today 10 minutes back,Actually sent 2 rupees but 299 autometically debited.,Actually sent 2 rupees but 299 autometically debited.,Actually sent 2 rupees but 299 autometically debited.,Now we discussed for deduction of money,Now we discussed for deduction of money,I send 2 rupees but autometically deducted 299,I send 2 rupees but autometically deducted 299,Yes,Yes,Yes,I want to see one day the system working then only lwill send the money,I want to see one day the system working then only lwill send the money,I want to see one day the system working then only lwill send the money,Yes,Yes,Yes,Yes but saying one thing  why deducting autometically,Yes but saying one thing  why deducting autometically,Yes but saying one thing  why deducting autometically,Yes,Yes,Yes,Yes,Yes,Execuse me,Execuse me,Execuse me,Where can l find the payment section,Where can l find the payment section,No,No,In evening only,Yes,Yes,Okay. But what about the payment,Okay. But what about the payment,Okay. But what about the payment,All the times this thing will be happened. Autometically they will debit the amount,All the times this thing will be happened. Autometically they will debit the amount,All the times this thing will be happened. Autometically they will debit the amount,Whether the mony deducted will get back or not,Whether the mony deducted will get back or not,Whether the mony deducted will get back or not,Yes,Yes,Yes,How l rewuest to recund the money already deducted,How l rewuest to recund the money already deducted,How l rewuest to recund the money already deducted,Yes guid mepleasel,Yes guid mepleasel,Yes guid mepleasel,Yes guid mepleasel,Ok,Ok,Ok,You may call me Mr. Sahu,I am from Bhubaneswar, Odisha,I am from Bhubaneswar, Odisha,I am 73 years old. So nothing doing spending time with grand son and daughters,I am 73 years old. So nothing doing spending time with grand son and daughters,Only spending time with playing and little teaching,Only spending time with playing and little teaching,English and math,English and math,Only to talk english fluently l want to take your help,Only to talk english fluently l want to take your help,Only to talk english fluently l want to take your help,About daily work,About daily work,Gardening and other house work,Gardening and other house work,Both inside and outside,Both inside and outside,Get some vegetables, household things, making puja for God etc.,Get some vegetables, household things, making puja for God etc.,Brinjal, bins, miricha, capsicum onion garlic etc.,Brinjal, bins, miricha, capsicum onion garlic etc.,I and my wife also helping me,I and my wife also helping me,We feel happy, spending time and like this way we do our exercise also,We feel happy, spending time and like this way we do our exercise also,Spending time with grand children,Spending time with grand children,Spending time with grand children,Playing and eating dry chatpata,Playing and eating dry chatpata]",,"[Call me as chintamani,No l am at Bhubaneswar, odisha,I want to learn fluent talking in english,On daily talking use,Yes,Only 2 rupees l send but autometically 299 has deductedl,8249013329,No lst l saw the benefit then only l acn deposit,Today 10 minutes back,Actually sent 2 rupees but 299 autometically debited.,Now we discussed for deduction of money,I send 2 rupees but autometically deducted 299,Yes,I want to see one day the system working then only lwill send the money,Yes,Yes but saying one thing  why deducting autometically,Yes,Yes,Execuse me,Where can l find the payment section,No,In evening only,Yes,Okay. But what about the payment,All the times this thing will be happened. Autometically they will debit the amount,Whether the mony deducted will get back or not,Yes,How l rewuest to recund the money already deducted,Yes guid mepleasel,Ok,You may call me Mr. Sahu,I am from Bhubaneswar, Odisha,I am 73 years old. So nothing doing spending time with grand son and daughters,Only spending time with playing and little teaching,English and math,Only to talk english fluently l want to take your help,About daily work,Gardening and other house work,Both inside and outside,Get some vegetables, household things, making puja for God etc.,Brinjal, bins, miricha, capsicum onion garlic etc.,I and my wife also helping me,We feel happy, spending time and like this way we do our exercise also,Spending time with grand children,Playing and eating dry chatpata]"
8470485,"[Hey I am Sunil,Hey I am Sunil,I am a teacher.,I am a teacher.]",,"[Hey I am Sunil,I am a teacher.]"
8647928,"[Video call kariye,Video call kariye,Kya kar rahe ho,Kya kar rahe ho]",,"[¿Aló?,¿Aló?,¿Aló?,Este,,Este,,Este,,Video call kariye,Kya kar rahe ho]"
8687987,"[Hello.,Thank you.,Yes,No.,Please,,Sorry,The pen.,Yes. Give me the pen.,I'm sorry,hey what to do you,full free to ask,Min.,Ning.,Name.,रश्मि तर्मा.,Terma.,My name,What is your name?,I am very bad,I am सोनम धन्माद.,I am from,Where are you from?,Iniesta,,I work,What do you do?,nice,what is your name,Like,,I like,I like,Don't play.,Bomb, like,,I don't like,I don't like,I don't relax.,Raining season.,I don't like,Do you like,Do you like,You like it really?,I really,I really like,Hello.,Thank you.,Yes,No.,Please,Sorry,Please give me,I'm sorry,Light.,Like,,I like,I like,Bump Light,Bump light.,Don't Like,I don't like,I don't like,Do you like?,Do you like,Really?,I really,I like, I really like,Like,I like,I like]",,"[Hello.,Hello.,Hello.]"
4730348,"[My name is [Name],My name is [Name],हाय,हाय,पैसे पाठवले आहे,पैसे पाठवले आहे,मला इंग्लिश कळत नाही मराठी मधून सांगा,मला इंग्लिश कळत नाही मराठी मधून सांगा,मला इंग्लिश कळत नाही मराठी मधून सांगा,मला इंग्लिश कळत नाही मराठी मधून सांगा,Hello.,Mozada. Can do?,Thank,Yes.,No,Please.]",,"[My name is [Name],हाय,पैसे पाठवले आहे,मला इंग्लिश कळत नाही मराठी मधून सांगा]"
8284095,"[Namasté.,Namasté.,Namaste.,Namasté.,Hello.,Thank you.,Yes.,No,,Please.,Sorry.,Please, the number,Sent 39 minutes ago,Sent 39 minutes ago,Hello,,Thank you.,Yes,No.,Please,,Sorry,,Please give me,I'm sorry.]",,[Sent 39 minutes ago]
7178706,"[For some discussion about English language.,For some discussion about English language.,You can call me Rohan.,You can call me Rohan.,I'm from Bengaluru.,I'm from Bengaluru.,I work here.,I work here.,I'm a student.,I'm studying computer science.,I'm studying computer science.,Yes, I love it.,Yes, I love it.,Yes, I love it.,I love problem-solving.,I love problem-solving.,I love problem-solving.,Coding challenges,Coding challenges,Coding challenges,I like Java,I like Java,Should I make a video call?,Should I make a video call?,Should I make a video call?,Tell me more about Java,Tell me more about Java,Tell me more about Java,Its object-oriented nature.,Its object-oriented nature.,Its object-oriented nature.,It helps organize code better.,It helps organize code better.,It helps organize code better.,Yes, I have.,I've used Python too.,I've used Python too.,I've used Python too.]",,"[For some discussion about English language.,You can call me Rohan.,I'm from Bengaluru.,I work here.,I'm a student.,I'm studying computer science.,Yes, I love it.,I love problem-solving.,Coding challenges,I like Java,Should I make a video call?,Tell me more about Java,Its object-oriented nature.,It helps organize code better.,Yes, I have.,I've used Python too.]"
8468609,"[Hello,Hello,Hallo,,Thank you.,Yes,No,Lise.,Please.,Sorry.,Please give me the pen.,I'm sorry]",,[Hello]
8737217,"[How how are you?,Thank,Yes.,No.,Bridge.,Lens.,Liens.,Liens,]",,"[Hi, yeah.,Hi, yeah.,Hi, yeah.,Me english,Me english,Me english,And ripping both,And ripping both,And ripping both,Diz-me,Diz-me,Diz-me,Hello.,Hello.,Hello.,Hi.,Hi.,Hi.,Two you did,Two you did,Two you did,How can you ask,How can you ask,How can you ask,How are you,How are you,How are you,Thank,Thank,Thank]"
8421246,"[My name is [Name],My name is [Name],I belong to partners,I belong to partners,Checking from you,Checking from you,Now I am chatting from you,Now I am chatting from you,I need fluently english speaking but how can resolve it,I need fluently english speaking but how can resolve it,I need fluently english speaking but how can resolve it,I am civil engineering for interview purpose,I am civil engineering for interview purpose,I am civil engineering for interview purpose,अब आगे मैं भर पा रहा हूं.,अब आगे मैं भर पा रहा हूं.,I am looking a new job construction.,I am looking a new job construction.,नहीं समझ रहा हूं.,नहीं समझ रहा हूं.,नहीं समझ रहा हूं.,Highway project metro project या railway project में job search कर रहा हूँ.,Highway project metro project या railway project में job search कर रहा हूँ.,Highway project metro project या railway project में job search कर रहा हूँ.,I have twenty two years experience in this field.,I have twenty two years experience in this field.,I have twenty two years experience in this field.,Estructural.,Estructural.,Estructural.,Bridge,Bridge,पहले conversion open foundation, and work foundation.,पहले conversion open foundation, and work foundation.,पहले conversion open foundation, and work foundation.,Yes,,बोल के बताइए, नहीं समझ पा रहा हूं.,बोल के बताइए, नहीं समझ पा रहा हूं.,बोल के बताइए, नहीं समझ पा रहा हूं.,Field work and documentation and corresponding etc,Field work and documentation and corresponding etc,Field work and documentation and corresponding etc,All type of documents because of I am project manager,All type of documents because of I am project manager,All type of documents because of I am project manager,Highway project,Highway project,Highway project,Always borefill in cleint meeting, management level,Always borefill in cleint meeting, management level,Always borefill in cleint meeting, management level,Mai bole nahi pata hun dar lagne lagta hai, kia karun,Mai bole nahi pata hun dar lagne lagta hai, kia karun,Mai bole nahi pata hun dar lagne lagta hai, kia karun,How can be possible,How can be possible,How can be possible,Please share phrasal verbs, word,Please share phrasal verbs, word,Please share phrasal verbs, word,Related of construction project and contractual,Related of construction project and contractual,Related of construction project and contractual,Yes,My name is अर्चन कुमार.,My name is अर्चन कुमार.,No. I belong to,पटना बिहार,पटना बिहार,I'm a project manager in construction field.,I'm a project manager in construction field.]",,"[My name is [Name],I belong to partners,Checking from you,Now I am chatting from you,I need fluently english speaking but how can resolve it,I am civil engineering for interview purpose,अब आगे मैं भर पा रहा हूं.,I am looking a new job construction.,नहीं समझ रहा हूं.,Highway project metro project या railway project में job search कर रहा हूँ.,I have twenty two years experience in this field.,Estructural.,Bridge,पहले conversion open foundation, and work foundation.,Yes,,बोल के बताइए, नहीं समझ पा रहा हूं.,Field work and documentation and corresponding etc,All type of documents because of I am project manager,Highway project,Always borefill in cleint meeting, management level,Mai bole nahi pata hun dar lagne lagta hai, kia karun,How can be possible,Please share phrasal verbs, word,Related of construction project and contractual,Yes,My name is अर्चन कुमार.,No. I belong to,पटना बिहार,I'm a project manager in construction field.,मैं अपना पर्चा कैसे दूं?,मैं अपना पर्चा कैसे दूं?,मैं अपना पर्चा कैसे दूं?,अपना introduction कैसे बनाऊं?,अपना introduction कैसे बनाऊं?,अपना introduction कैसे बनाऊं?,I am अर्जुन कुमार I am an civil engineer. Experian,I am अर्जुन कुमार I am an civil engineer. Experian,I am अर्जुन कुमार I am an civil engineer. Experian,Twenty three years experience in highway met and railway project.,Twenty three years experience in highway met and railway project.,Twenty three years experience in highway met and railway project.,Projeto,Projeto,Projeto,Highway project in structure work,Highway project in structure work,Highway project in structure work,En paz y llená.,En paz y llená.,En paz y llená.,हिंदी,हिंदी,हिंदी,Not Understand,Not Understand,Not Understand,Yeah.,Yeah.,Yeah.,My problem is not to format English word.,My problem is not to format English word.,My problem is not to format English word.,यही तो problem है जो हम समझ नहीं पाते.,यही तो problem है जो हम समझ नहीं पाते.,यही तो problem है जो हम समझ नहीं पाते.,Reagan, tell me.,Reagan, tell me.,Reagan, tell me.,English has became,English has became,English has became,How to learn?,How to learn?,How to learn?,Start a small word.,Start a small word.,Start a small word.,Hello. In Hindi,,Hello. In Hindi,,Hello. In Hindi,,मुझे English बोलने में डर लगता है.,मुझे English बोलने में डर लगता है.,मुझे English बोलने में डर लगता है.,यह सब समाज में नहीं आ रहा है. आप जो बोलते हैं मुझे समझ में नहीं आ रहा है.,यह सब समाज में नहीं आ रहा है. आप जो बोलते हैं मुझे समझ में नहीं आ रहा है.,यह सब समाज में नहीं आ रहा है. आप जो बोलते हैं मुझे समझ में नहीं आ रहा है.,¿Aló?,¿Aló?,¿Aló?,मुझे अपना introduction अच्छा से देने के लिए सिखाइए.,मुझे अपना introduction अच्छा से देने के लिए सिखाइए.,मुझे अपना introduction अच्छा से देने के लिए सिखाइए.,¿Micomar?,¿Micomar?,¿Micomar?,After me,,After me,,After me,,Enemi Yarzim Kumar.,Enemi Yarzim Kumar.,Enemi Yarzim Kumar.]"
8069294,"[Hi,You can call me Alex.,I am eshwar may from India,I am eshwar may from India,जिस नहीं आता है थोड़ा थोड़ा आता है. मेरे को हिंदी भी नहीं आता,जिस नहीं आता है थोड़ा थोड़ा आता है. मेरे को हिंदी भी नहीं आता,Hello.,Thank you.,Yes,No.,Hello.,Thank you.,Yes.,Hello.,No.,Three.,Thanks.,Please.,Sorry.,Thanksgiving me the pen.,It's it's new task.,Hi, Yama Sawai.,I'm sorry.,I love it,No.,No.,Now,Name.,This is sway,My name,Work is in a,What is new name?,I am drawn,India Hezrabad.,Name.,My name is,Arthur s'est blê.,What is your name?,I'm from,और आज you saw,थोड़ा आ रही हूँ प्रौम सी.,Era a un top.,I work. It's,Two two,What should we do?,Blue Lobo]",,"[Hi,You can call me Alex.,I am eshwar may from India,Okay,जिस नहीं आता है थोड़ा थोड़ा आता है. मेरे को हिंदी भी नहीं आता]"
4077743,"[No spick with massege,No spick with massege,No spick with massege,Okay, I'll message later.,Okay, I'll message later.,Satish,Satish,Pune,Pune,I am a farmer,I am a farmer,Near pune my village Yewat,Near pune my village Yewat,Yes 25 km,Yes 25 km,Yes,Yes,I have near market Hadpsar for me pocibal to sale my vegitable,I have near market Hadpsar for me pocibal to sale my vegitable,Tomorrow,chilly, cucumber onion i sale it,Tomorrow,chilly, cucumber onion i sale it,I grow my self in my farm,I grow my self in my farm,Garlic i grow but little only for my family for awar family insaf 1 year,Garlic i grow but little only for my family for awar family insaf 1 year,Garlic i grow but little only for my family for awar family insaf 1 year,Same time i grow water milon when hot time disembark time and it will be red on march,Same time i grow water milon when hot time disembark time and it will be red on march,Same time i grow water milon when hot time disembark time and it will be red on march,I sale watermelon also and I get good money 3month need take care,I sale watermelon also and I get good money 3month need take care,I sale watermelon also and I get good money 3month need take care,Papaya mango chiku only at home for family,Papaya mango chiku only at home for family,Papaya mango chiku only at home for family,Thank you,Thank you,By see you later,By see you later,Hi Riya i am Satish how are you,Hi Riya i am Satish how are you,Yes i feel very good to right with you,Yes i feel very good to right with you,Yes i feel very good to right with you,I learning english trying to speak,I learning english trying to speak,I learning english trying to speak,I decided to when I go to City and meny shokipar spick with me in english,I decided to when I go to City and meny shokipar spick with me in english,Yes how to i start i don't know,Yes how to i start i don't know,Yes how to i start i don't know,Beshicly i want to start when I am in any shop,Beshicly i want to start when I am in any shop,I se hello i need same teashirt can you show me,I se hello i need same teashirt can you show me,No I am done,No I am done,Yes how to i col restaurant weater,Yes how to i col restaurant weater,Thank you,Thank you,If I go to interview how to i start my self,If I go to interview how to i start my self,If I go to interview how to i start my self,About my self where I am living i will explain about my agukeshan,About my self where I am living i will explain about my agukeshan,About my self where I am living i will explain about my agukeshan,About my self where I am living i will explain about my agukeshan]",,"[No spick with massege,Okay, I'll message later.,Satish,Pune,I am a farmer,Near pune my village Yewat,Yes 25 km,Yes,I have near market Hadpsar for me pocibal to sale my vegitable,Tomorrow,chilly, cucumber onion i sale it,I grow my self in my farm,Garlic i grow but little only for my family for awar family insaf 1 year,Same time i grow water milon when hot time disembark time and it will be red on march,I sale watermelon also and I get good money 3month need take care,Papaya mango chiku only at home for family,Thank you,By see you later,Hi Riya i am Satish how are you,Yes i feel very good to right with you,I learning english trying to speak,I decided to when I go to City and meny shokipar spick with me in english,Yes how to i start i don't know,Beshicly i want to start when I am in any shop,I se hello i need same teashirt can you show me,No I am done,Yes how to i col restaurant weater,Thank you,If I go to interview how to i start my self,About my self where I am living i will explain about my agukeshan]"
8695513,"[I want english speaking,I want english speaking,My name is Raj,My name is Raj,I am from Maharashtra,I am from Maharashtra,Nanded district,Nanded district,Yes,Iam persent haydrabad,Iam persent haydrabad,Iam persent haydrabad,I work in IT.,I work in IT.,No I have a tea stall,No I have a tea stall,We serve samosa and biscuits.,We serve samosa and biscuits.,Yes one come in hong cong couple they shying nice tea,Yes one come in hong cong couple they shying nice tea,Yes one come in hong cong couple they shying nice tea,They loved my tea,They loved my tea,They loved my tea,Ginger ilachi ☕ special,Ginger ilachi ☕ special,Yes come to mamm my stall,Yes come to mamm my stall,Yes,Yes,My name is Raj,My name is Raj,Three of tipe,Three of tipe,Special green,Special green,Please lurnig to english,Please lurnig to english,Tell me about festivals,Tell me about festivals,No only one I want english talk with you,No only chatting with you,No only chatting with you,My name is [Raj],My name is [Raj],Ye Riya mamm,Ye Riya mamm,I play cricket.,I play cricket.,Sometimes I just watch matches.,Sometimes I just watch matches.,Hi Riya good morning,You can call me You don't no my name.,You can call me You don't no my name.,Yesterday night told  You to ne,Yesterday night told  You to ne,RR,RR,My name is Raj & your name is Riya,My name is Raj & your name is Riya,My name is Raj & your name is Riya,How time teling to you,How time teling to you,How time teling to you,No apki Ratko hee bataya tha na mere bare mein,No apki Ratko hee bataya tha na mere bare mein,Yes, I remember now,Yes, I remember now,Or mere job ke bare mein bhi bataya tha,Or mere job ke bare mein bhi bataya tha,Or mere job ke bare mein bhi bataya tha,Sorry absolutely wrong,Sorry absolutely wrong,Sorry absolutely wrong,Bye bye Have nice day,You can call me Raj.,You can call me Raj.,I want to open an account.,I want to open an account.,Yes, I have them.,Yes, I have them.,Yes, I have them.,Savings account, please.,Savings account, please.,Sure, I will fill it.,Sure, I will fill it.,Sure, I will fill it.]",,"[I want english speaking,My name is Raj,I am from Maharashtra,Nanded district,Yes,Iam persent haydrabad,I work in IT.,No I have a tea stall,We serve samosa and biscuits.,Yes one come in hong cong couple they shying nice tea,They loved my tea,Ginger ilachi ☕ special,Yes come to mamm my stall,Yes,My name is Raj,Three of tipe,Special green,Please lurnig to english,Tell me about festivals,No only one I want english talk with you,No only chatting with you,My name is [Raj],Ye Riya mamm,I play cricket.,Sometimes I just watch matches.,Hi Riya good morning,You can call me You don't no my name.,Yesterday night told  You to ne,RR,My name is Raj & your name is Riya,How time teling to you,No apki Ratko hee bataya tha na mere bare mein,Yes, I remember now,Or mere job ke bare mein bhi bataya tha,Sorry absolutely wrong,Bye bye Have nice day,You can call me Raj.,I want to open an account.,Yes, I have them.,Savings account, please.,Sure, I will fill it.,No thanks]"
7815840,"[Biryani is my favorite,Biryani is my favorite,Yes, I love Hyderabadi biryani!,Yes, I love Hyderabadi biryani!,The spices and flavor,The spices and flavor,Yes. I also like a mutton biryani merchant gravy.,Yes. I also like a mutton biryani merchant gravy.,My sister is making breast mom also.,My sister is making breast mom also.,Yes, she cooks a lot.,Yes, she cooks a lot.,She makes amazing pasta.,She makes amazing pasta.,No,No,I like home-cooked meals.,I like home-cooked meals.,Like चपाती भाजी sometimes rice, Yeah. It.,Like चपाती भाजी sometimes rice, Yeah. It.,Like चपाती भाजी sometimes rice, Yeah. It.,I really love paneer.,I really love paneer.,Yes,Yes, I like both.,Yes, I like both.,Sometimes, when I have time.,Sometimes, when I have time.,Paneer bhurji is quick.,Paneer bhurji is quick.,I add onions and tomatoes.,I add onions and tomatoes.,Just chili powder and turmeric.,Just chili powder and turmeric.,Yeah. Sometime I add.,Yeah. Sometime I add.,Mild is better for me.,With chapati or rice.,With chapati or rice.,No, not usually.,No, not usually.,No. Never.,No. Never.,Neither, actually.,Neither, actually.,I like plain water.,I like plain water.,Yes, I try my best.,Yes, I try my best.,Drinking lots of water.,Drinking lots of water.,Drinking lots of water.,I'm trying to exercise more.,I'm trying to exercise more.,I'm trying yoga.,I'm trying yoga.,I'm trying yoga.,I like the stretches.,I like the stretches.,I like the stretches.,Yes, the stretches are amazing.,Yes, the stretches are amazing.,Yes, the stretches are amazing.,You can call me pranali,You can call me pranali,I'm currently looking for a job.,I'm currently looking for a job.,Finance field,Finance field,I'm open to many roles.,I'm open to many roles.,I'm a quick learner.,I'm a quick learner.,We migrated a client's database.,We migrated a client's database.,The data transfer was difficult.,The data transfer was difficult.,Yes,Yes,We used validation tools.,We used validation tools.,The built-in tool was good.,The built-in tool was good.,The built-in tool was good.,Hello.,Thank you.,Yes.,No.,Please,Sí.,Sorry.,Please give me the pen.,I'm sorry.,do you UN help study,yes we will talk about the topic,Name.]",,"[You must say anything?,You must say anything?,You must say anything?,I want to just improve my communique skill. I speak, but again, I'm confident.,I want to just improve my communique skill. I speak, but again, I'm confident.,I want to just improve my communique skill. I speak, but again, I'm confident.,Example.,Example.,Example.,Interesting redeem,Interesting redeem,Interesting redeem,Nothing passive in in interesting.,Nothing passive in in interesting.,Nothing passive in in interesting.,Вот.,Вот.,Вот.,Yeah we can talk about foods traveler both,Yeah we can talk about foods traveler both,Yeah we can talk about foods traveler both,I like to age specific,I like to age specific,I like to age specific,All foods especially in India, but the Pacific is matter, पनीर,,All foods especially in India, but the Pacific is matter, पनीर,,All foods especially in India, but the Pacific is matter, पनीर,,Oh, मतर पनी gravy पनीर टीका बिरयानी, पनीर पराठा as well,,Oh, मतर पनी gravy पनीर टीका बिरयानी, पनीर पराठा as well,,Oh, मतर पनी gravy पनीर टीका बिरयानी, पनीर पराठा as well,,No. I like all thing.,No. I like all thing.,No. I like all thing.,I want to swap with you.,I want to swap with you.,I want to swap with you.,Can talk any topic.,Can talk any topic.,Can talk any topic.,Then about travel we all we now discuss about the food Now we're talk about the travels traveling.,Then about travel we all we now discuss about the food Now we're talk about the travels traveling.,Then about travel we all we now discuss about the food Now we're talk about the travels traveling.,I want to travel many place.,I want to travel many place.,I want to travel many place.,Aspergillusion splichen so my dream destination is in Kashmir Vaishnavi temple.,Aspergillusion splichen so my dream destination is in Kashmir Vaishnavi temple.,Aspergillusion splichen so my dream destination is in Kashmir Vaishnavi temple.,In कश्मीर, we have a temple also.,In कश्मीर, we have a temple also.,In कश्मीर, we have a temple also.,It's the one types of dumb.,It's the one types of dumb.,It's the one types of dumb.,Come it's a dham. चार,Come it's a dham. चार,Come it's a dham. चार,It's a very old it's steady it's dedicated to,It's a very old it's steady it's dedicated to,It's a very old it's steady it's dedicated to,No additional nanny,No additional nanny,No additional nanny,Visited,Visited,Visited,So I'm missing.,So I'm missing.,So I'm missing.,It's a if we are going that ten call, that was a temple the behind is so,It's a if we are going that ten call, that was a temple the behind is so,It's a if we are going that ten call, that was a temple the behind is so,Like a like a गम्मा सागर. So,Like a like a गम्मा सागर. So,Like a like a गम्मा सागर. So,Hello? We can boat we can do a boating.,Hello? We can boat we can do a boating.,Hello? We can boat we can do a boating.,Okay. There was some misunderstanding happen. So now it's okay.,Okay. There was some misunderstanding happen. So now it's okay.,Okay. There was some misunderstanding happen. So now it's okay.,Biryani is my favorite,Yes, I love Hyderabadi biryani!,The spices and flavor,Yes. I also like a mutton biryani merchant gravy.,My sister is making breast mom also.,Yes, she cooks a lot.,She makes amazing pasta.,No,I like home-cooked meals.,Like चपाती भाजी sometimes rice, Yeah. It.,I really love paneer.,Yes,Yes, I like both.,Sometimes, when I have time.,Paneer bhurji is quick.,I add onions and tomatoes.,Just chili powder and turmeric.,Yeah. Sometime I add.,Mild is better for me.,With chapati or rice.,No, not usually.,No. Never.,Neither, actually.,I like plain water.,Yes, I try my best.,Drinking lots of water.,I'm trying to exercise more.,I'm trying yoga.,I like the stretches.,Yes, the stretches are amazing.,How are you doing?,How are you doing?,How are you doing?,I do today Many things I cook,I do today Many things I cook,I do today Many things I cook,Go. I I made a breakfast and also I,Go. I I made a breakfast and also I,Go. I I made a breakfast and also I,Am audible?,Am audible?,Am audible?,Indian food. Indian dish.,Indian food. Indian dish.,Indian food. Indian dish.,In smart I make a poha.,In smart I make a poha.,In smart I make a poha.,Green piece carrot.,Green piece carrot.,Green piece carrot.,Hello?,Hello?,Hello?,Tell me about yourself It's,Tell me about yourself It's,Tell me about yourself It's,Hello?,Hello?,Hello?,Career growth how to introduce,,Career growth how to introduce,,Career growth how to introduce,,The operation works. In finance,The operation works. In finance,The operation works. In finance,Tervosa, multiple, referral at work like Funge Accounting capital markets, reference,Tervosa, multiple, referral at work like Funge Accounting capital markets, reference,Tervosa, multiple, referral at work like Funge Accounting capital markets, reference,I just work like, fund accounting capital market.,I just work like, fund accounting capital market.,I just work like, fund accounting capital market.,Value. We can calculate the value as per the net assets value. Like house,Value. We can calculate the value as per the net assets value. Like house,Value. We can calculate the value as per the net assets value. Like house,Yeah.,Yeah.,Yeah.,Operation work,Operation work,Operation work,I doing operationally currently I do allocation part. Making part or getting part,,I doing operationally currently I do allocation part. Making part or getting part,,I doing operationally currently I do allocation part. Making part or getting part,,Yes like good Interesting. Habitual,,Yes like good Interesting. Habitual,,Yes like good Interesting. Habitual,,But how how can I know,But how how can I know,But how how can I know,I just see communicating,I just see communicating,I just see communicating,You can call me pranali,I'm currently looking for a job.,Finance field,I'm open to many roles.,I'm a quick learner.,We migrated a client's database.,The data transfer was difficult.,Yes,We used validation tools.,The built-in tool was good.,Hello?,Hello?,Hello?,Chicken choco about this career discussion. Suppose,Chicken choco about this career discussion. Suppose,Chicken choco about this career discussion. Suppose,How to talk? English. Incompidence.,How to talk? English. Incompidence.,How to talk? English. Incompidence.,Introduction.,Introduction.,Introduction.,My name is Penali.,My name is Penali.,My name is Penali.,I'm working. As a finance operation.,I'm working. As a finance operation.,I'm working. As a finance operation.,Thanks.,Thanks.,Thanks.]"
8736285,"[Shahid,Shahid,Kya,Kya,Kya,Shahid,Shahid,Thank,Thank,Hindi me bolo,मैं यहीं काम करता हूँ।,मैं यहीं काम करता हूँ।,Bye,Bye]",,"[Shahid,Kya,Shahid,Thank,Hindi me bolo,Hindi ys ka no,मैं यहीं काम करता हूँ।,Bye]"
18624,"[Name.,My name is,What is your name?,So,I am from,We are new phone.,Do you have the phone?,There are new phone.,J'ai rau du som,We are all the same.,I want as well.,I work,What do you do?,You can call me Rahul.,You can call me Rahul.,Hello.,Thank you.,Yes.,No,Please,,Sadi,Sorry.,Please give me pen.,I am sorry.]",,"[You can call me Rahul.,Hello?,Hello?,Hello?,We can't help.,We can't help.,We can't help.,You can't help,You can't help,You can't help,Ordu.,Ordu.,Ordu.,Good morning.,Good morning.,Good morning.,Good.,Good.,Good.,Nothing.,Nothing.,Nothing.,But why,But why,But why,But why? But why?,But why? But why?,But why? But why?]"
5691717,"[Hello,Thank you.,Yes.,No,,Please,Sorry.,Please keep me in the pin.,Hello?,Yes,Yes,I am ajay kumar,I am ajay kumar,Ya,Ya,Bihar,Bihar,Chhapra,Chhapra,I am a student.,I am a student.,Basic english,Basic english,Ya,Ya,Yes, I want to learn,Yes, I want to learn,I want to speak confidently.,I want to speak confidently.,Talking to new people,Talking to new people,Talking to new people,I freeze up.,I freeze up.,I don't know what to say,I don't know what to say,I don't know what to say,Hobbies and interests,Hobbies and interests,Hobbies and interests,I like reading books.,I like reading books.,I read all kinds of books.,I read all kinds of books.,Anatomy,Anatomy,Anatomy,I just find it interesting.,I just find it interesting.,I just find it interesting.,Upper limb and lower limb,Upper limb and lower limb,Upper limb and lower limb,I like learning about muscles.,I like learning about muscles.,I like learning about muscles.,Thank you.,Yes.,No.,Please,Sorry.,ये विकीस में बच्चे है,Hello.,Thank,Yes,Que no,Please.,Sorry,Please give me the pay.,I'm sorry.,I study,Name?,My name,What is your name?,I am from Bihar.,I am from Chakra.,आयुत कम छपड़ा,Where are you,,I work as a,But,one two,What do you,I am a story,Like,,I like,I would like to go,Don't like,I'm not right.,I don't like.,I don't like video games.,A Light. Do you like,Do you like coffee?,Really?,I really like,Ideally like movie.,I really like,What?,Watch,¿Aló?,Video names.,I watch video,Three,I hear English.,I read English.,Sí.]",,"[Yes,I am ajay kumar,Ya,Bihar,Chhapra,I am a student.,Basic english,Ya,Yes, I want to learn,I want to speak confidently.,Talking to new people,I freeze up.,I don't know what to say,Hobbies and interests,I like reading books.,I read all kinds of books.,Anatomy,I just find it interesting.,Upper limb and lower limb,I like learning about muscles.,Hello?,Hello?,Hello?,Yes.,Yes.,Yes.,Hello?,Hello?,Hello?]"
8441274,"[No,Rahul kumar ganjhu,Rahul kumar ganjhu,Jharkhand,Jharkhand,Hindi me bhi bataye samath nhi aata hai,Hindi me bhi bataye samath nhi aata hai,Ranchi,Ranchi,Play cricket,Play cricket,Cophy,Cophy,Cophy,Yes, I'll have coffee.,Yes, I'll have coffee.,Just the coffee for now.,Just the coffee for now.,What's special about it?,What's special about it?,Tell me more about it.,Tell me more about it.,Tell me more about it.]",,"[No,Rahul kumar ganjhu,Jharkhand,Hindi me bhi bataye samath nhi aata hai,Ranchi,Play cricket,Cophy,Yes, I'll have coffee.,Just the coffee for now.,What's special about it?,Tell me more about it.]"
8502802,"[Hallo.,Thank you.,Yes.,No.,Please.,Hello.,Thank you.,Yes.,No.,Please.,Sorry.,Please. Give me the pen.,I am sorry,No.,Name.,My name,What is your name?,I am from Bangalore.,So Mumbai.,I'm doing it.,I am so glad here.,Huge,Beers.,Are you from?,I want,a doctor person,Hi.,Work as a teacher,What do you do?,Mike.,Like.,I like.,I like,Do it like,What would you like?,I like,I don't like a song,Do you like,Hi I am somya,Hi I am somya,Hi nice to meet you to,Hi nice to meet you to,I am from banglore,I am from banglore,N you from?,N you from?,Every thing I like in banglore,Every thing I like in banglore,Every thing I like in banglore,I want to help for you,I want to help for you,Hoe the teacher speak English,Hoe the teacher speak English,Hoe the teacher speak English,How I can speak,How I can speak,How I can speak,You starat,How we told the student about computer lab rules,How we told the student about computer lab rules,How we told the student about computer lab rules,How we told the student about computer lab rules,Yes, that's clear.,Yes, that's clear.,Can you give me more rules,Can you give me more rules,Can you give me more rules,Add a rule about internet use.,Add a rule about internet use.,Add a rule about internet use.,Yes, that's perfect.,Yes, that's perfect.,Same,Same,Maybe something about noise levels?,Maybe something about noise levels?,Yes, that sounds good.,Yes, that sounds good.,Let's add a rule about sharing.,Let's add a rule about sharing.,Let's add it.,Let's add it.,Yes]",,"[Hi I am somya,Hi nice to meet you to,I am from banglore,N you from?,Every thing I like in banglore,I want to help for you,Hoe the teacher speak English,How I can speak,You starat,How we told the student about computer lab rules,Yes, that's clear.,Can you give me more rules,Add a rule about internet use.,Yes, that's perfect.,Same,Maybe something about noise levels?,Yes, that sounds good.,Let's add a rule about sharing.,Let's add it.,Yes]"
8671473,"[I am raul,I am raul,मुझे ज़्यादा English नहीं आती.,मुझे ज़्यादा English नहीं आती.,मुझे ज़्यादा English नहीं आती.,Where are you from?,Where are you from?,Thank you, Good Frame.,Thank you, Good Frame.,Nice to meet you okay riya ji,Nice to meet you okay riya ji,मुझे English सीखनी है.,मुझे English सीखनी है.,Ma'am मुझे English आती है पर हिंदी नहीं आती. इसका English का translate नहीं आता.,Ma'am मुझे English आती है पर हिंदी नहीं आती. इसका English का translate नहीं आता.,छोटे छोटे word बताइए.,छोटे छोटे word बताइए.,Ok जी.,Ok जी.,My name is Rahul.,My name is Rahul.,I am from Uttar Pradesh,I am from Uttar Pradesh,My Dristik Devarisha Jila.,My Dristik Devarisha Jila.,My district Deoria,My district Deoria]",,"[I am raul,मुझे ज़्यादा English नहीं आती.,Where are you from?,Thank you, Good Frame.,Nice to meet you okay riya ji,मुझे English सीखनी है.,Ma'am मुझे English आती है पर हिंदी नहीं आती. इसका English का translate नहीं आता.,छोटे छोटे word बताइए.,Ok जी.,My name is Rahul.,I am from Uttar Pradesh,My Dristik Devarisha Jila.,My district Deoria]"
8250735,"[You can call me [Names].,You can call me [Names].,I love you मेरी क्या?,I love you मेरी क्या?,I love you मेरी क्या?,Lola lela,Lola lela,Land le le,Land le le,Land le le,Hii,My name is [Your Name],My name is [Your Name]]",,"[You can call me [Names].,I love you मेरी क्या?,Lola lela,Land le le,English.,English.,English.,Hii,My name is [Your Name]]"
8366452,"[I really don't know what you try to say please repeat again,I really don't know what you try to say please repeat again,Yeah definitely you can call me,My name is Vidhan Dev Goswami you can call me Dev,My name is Vidhan Dev Goswami you can call me Dev,Basically I am from Kolkata,Basically I am from Kolkata,It is did not make sense for me so far so I want to understand it's meaning in Bengali,It is did not make sense for me so far so I want to understand it's meaning in Bengali,It is did not make sense for me so far so I want to understand it's meaning in Bengali,I want to become a good good engineering in my life but I really don't know I will be doctor,I want to become a good good engineering in my life but I really don't know I will be doctor,I want to become a good good engineering in my life but I really don't know I will be doctor,I will be visiting Bihar soon.,I will be visiting Bihar soon.,I will be visiting Bihar soon.]",,"[I really don't know what you try to say please repeat again,Yeah definitely you can call me,My name is Vidhan Dev Goswami you can call me Dev,Basically I am from Kolkata,It is did not make sense for me so far so I want to understand it's meaning in Bengali,I want to become a good good engineering in my life but I really don't know I will be doctor,I will be visiting Bihar soon.]"
8612147,"[I want to improve my English English.,I want to improve my English English.,I want to improve my English English.,Bhuwnesh,Bhuwnesh,Kanpur,Kanpur,Nothing now I am in pune,Nothing now I am in pune,Searching jobs,Searching jobs,Customer support services,Customer support services,MNCs,MNCs,No,No,Yes,Yes,Yes,Wipro,Wipro,Wipro,Yes,Yes,Yes,Yes technical support specialist,Yes technical support specialist,Yes technical support specialist,Yes,Yes,First i will suggest him to turn off your laptop and restart again,First i will suggest him to turn off your laptop and restart again,First i will suggest him to turn off your laptop and restart again,I will ask to the customer turn the laptop off and on again,I will ask to the customer turn the laptop off and on again,I will ask to the customer turn the laptop off and on again,Could you please turn the laptop off and on again,Could you please turn the laptop off and on again,Could you please turn the laptop off and on again,I will say if you are still getting the same issue then check power cable and confirm me,I will say if you are still getting the same issue then check power cable and confirm me,If the issue persists, please check the power cable and let me know.,If the issue persists, please check the power cable and let me know.,Then I will ask customer to follow some troubleshooting steps,Then I will ask customer to follow some troubleshooting steps,I will send rest singles to his laptop,I will send rest singles to his laptop,Yes,Yes,I will send rest singles to laptop,I will send rest singles to laptop,You suggest me what we do now,You suggest me what we do now,I will arrange call back,I will arrange call back,9 PM,9 PM,Work number,Work number,No,No,I will generate ticket,I will generate ticket,Yes new one,Yes new one,Laptop is not responding,Laptop is not responding,Laptop is not responding,Sorry,Sorry,May I know at what time you will be free,May I know at what time you will be free,What time works best for you?,What time works best for you?,6pm is best,6pm is best,Yes,Yes,Yes,You have to wait for the call,You have to wait for the call,6pm our advance team will call you,6pm our advance team will call you,6pm our advance team will call you,Yes they are dedicated technical team they will help you,Yes they are dedicated technical team they will help you,Yes they are dedicated technical team they will help you,He will check technical things in your laptop,He will check technical things in your laptop,Yes,Yes,Yes,Yes,Yes,Yes,Yes they will,Yes they will,Correct,Correct,They will call you 6pm I have already told you,They will call you 6pm I have already told you,Yes,Yes,Yes,No,No,No,Is there anything else I can help you,Is there anything else I can help you,Is there anything else I can help you,No,No,No,No mam,No mam,No mam,Noo,Noo,Noo,Nnnoo,Nnnoo,Nnnoo,Bye,Bye,I don't no you are not able to help me to practice,I want to improve my English,I want to improve my English]",,"[Aló.,Aló.,Aló.,I'm fine,I'm fine,I'm fine,For interview practice,,For interview practice,,For interview practice,,Customer support service.,Customer support service.,Customer support service.,Yes.,Yes.,Yes.,I want to improve my index. That's it.,I want to improve my index. That's it.,I want to improve my index. That's it.,You choose I don't provide me,You choose I don't provide me,You choose I don't provide me,Paneer, this is my favorite.,Paneer, this is my favorite.,Paneer, this is my favorite.,Ahora,Ahora,Ahora,Yes.,Yes.,Yes.,I would like to eat pani tikka.,I would like to eat pani tikka.,I would like to eat pani tikka.,Beer.,Beer.,Beer.,Good.,Good.,Good.,Yeah. Sure.,Yeah. Sure.,Yeah. Sure.,उसका line जो है मेरे,उसका line जो है मेरे,उसका line जो है मेरे,Yes You need to practice in,Yes You need to practice in,Yes You need to practice in,Hello? Into the practice.,Hello? Into the practice.,Hello? Into the practice.,Interview practice.,Interview practice.,Interview practice.,Customer support service.,Customer support service.,Customer support service.,I don't know. Can you suggest any strength?,I don't know. Can you suggest any strength?,I don't know. Can you suggest any strength?,Helpfulness,Helpfulness,Helpfulness,Satisfy customer with our services,Satisfy customer with our services,Satisfy customer with our services,World, I've done the two options regarding his concern resolve his issues,,World, I've done the two options regarding his concern resolve his issues,,World, I've done the two options regarding his concern resolve his issues,,Nothing.,Nothing.,Nothing.,How do you spend yesterday? Can you please stay there?,How do you spend yesterday? Can you please stay there?,How do you spend yesterday? Can you please stay there?,Yes. I'm not able to communicate because I don't like this You help me. How do I speak?,Yes. I'm not able to communicate because I don't like this You help me. How do I speak?,Yes. I'm not able to communicate because I don't like this You help me. How do I speak?,About this communication.,About this communication.,About this communication.,English communication dear.,English communication dear.,English communication dear.,Sí que,Sí que,Sí que,Seeking.,Seeking.,Seeking.,Speak in.,Speak in.,Speak in.,I want to improve my English English.,Bhuwnesh,Kanpur,Nothing now I am in pune,Searching jobs,Customer support services,MNCs,No,Yes,Wipro,Yes,Yes technical support specialist,Yes,First i will suggest him to turn off your laptop and restart again,I will ask to the customer turn the laptop off and on again,Could you please turn the laptop off and on again,I will say if you are still getting the same issue then check power cable and confirm me,If the issue persists, please check the power cable and let me know.,Then I will ask customer to follow some troubleshooting steps,I will send rest singles to his laptop,Yes,I will send rest singles to laptop,You suggest me what we do now,I will arrange call back,9 PM,Work number,No,I will generate ticket,Yes new one,Laptop is not responding,Sorry,May I know at what time you will be free,What time works best for you?,6pm is best,Yes,You have to wait for the call,6pm our advance team will call you,Yes they are dedicated technical team they will help you,He will check technical things in your laptop,Yes,Yes,Yes,Yes they will,Correct,They will call you 6pm I have already told you,Yes,No,Is there anything else I can help you,No,No mam,Noo,Nnnoo,Bye,I don't no you are not able to help me to practice,I want to improve my English]"
7509405,"[I am walking port Chillies,I am working for Chillies,This is for restaurant,This is for restaurant,What are you doing today,What are you doing today,Nothing,Nothing,I am interfere for I am interview The Cruise I talking to,I am interfere for I am interview The Cruise I talking to,Cargo,Cargo,English properly,English properly,Line cook,Line cook,Yes I am a lion cook Chillies,Yes I am a lion cook Chillies,10 years 10 years,10 years 10 years,10 years,10 years,5 class Tak padha hun School iske liye English mein pic,5 class Tak padha hun School iske liye English mein pic,5 class Tak padha hun School iske liye English mein pic,Maine Panch class Tak padha hun iske liye mere ko English sikhana hai aur bolna hai,Maine Panch class Tak padha hun iske liye mere ko English sikhana hai aur bolna hai,Maine Panch class Tak padha hun iske liye mere ko English sikhana hai aur bolna hai,Really,Really,Really,. English mein likhna bhi nahin aata hai padhna bhi nahin aata,. English mein likhna bhi nahin aata hai padhna bhi nahin aata,. English mein likhna bhi nahin aata hai padhna bhi nahin aata,Property English reading or bolna,Property English reading or bolna,Property English reading or bolna,English mein likhna aur padhna chahta hun acchi Tarah Se,English mein likhna aur padhna chahta hun acchi Tarah Se,Yes how much charges,Yes how much charges,Yes how much charges,Karna aur padhna Aana chahie tabhi main Chahunga Bahar to iske liye kya karna padega,Karna aur padhna Aana chahie tabhi main Chahunga Bahar to iske liye kya karna padega,Karna aur padhna Aana chahie tabhi main Chahunga Bahar to iske liye kya karna padega,Yes yes writing,Yes yes writing,Yes yes writing,What you say,What you say,What you say,Likhna aur padhna Kaise Aana chahie,Likhna aur padhna Kaise Aana chahie,Likhna aur padhna,Likhna aur padhna,Okay,Goutamrai,Mera spelling right hua,Mera spelling right hua,Voice note karke bol raha hun likhkar Nahin bol raha hun voice note Chhod raha hun,Voice note karke bol raha hun likhkar Nahin bol raha hun voice note Chhod raha hun,Voice note karke bol raha hun likhkar Nahin bol raha hun voice note Chhod raha hun,Interview,Interview,Book likh kaun sa book lega to main read kar sakta hun aur likh sakta hun,Book likh kaun sa book lega to main read kar sakta hun aur likh sakta hun,Book likh kaun sa book lega to main read kar sakta hun aur likh sakta hun,Book Ka Naam Bata dijiye,Book Ka Naam Bata dijiye,Book Ka Naam Bata dijiye,Aapka naam kya hai,Your name is Riya right,Your name is Riya right,My name is Gautam Roy,My name is Gautam Roy,I am force I am from Sikkim,I am force I am from Sikkim,Walking for Mumbai my home place is Sikkim,Walking for Mumbai my home place is Sikkim,Big city or I am walking for series,Big city or I am walking for series,Big city or I am walking for series,Aur Mumbai I am working for Mumbai Powai Hiranandani Chilli,Aur Mumbai I am working for Mumbai Powai Hiranandani Chilli,Sikkim,Mere ko aap Kitna mahine Tak padha Sakte Achcha se,Mere ko aap Kitna mahine Tak padha Sakte Achcha se,Agar call per bolenge to,Agar call per bolenge to,Normal call,Normal call,Normal call,The practice,The practice,The practice,What you say I don't know,What you say I don't know,What you say I don't know,Hello,Hello,No,No,Acchi Tarah Se padhaanaa aur likh Aana help kar sakte kya,Acchi Tarah Se padhaanaa aur likh Aana help kar sakte kya,Acchi Tarah Se padhaanaa aur likh Aana help kar sakte kya,Kanjurmarg,Kanjurmarg,Online aapke sath padhna chahta hun,Online aapke sath padhna chahta hun,Wallpaper padhaai Karenge kaise padhaai karenge,Wallpaper padhaai Karenge kaise padhaai karenge,Ok,What you say,What you say,My name is Gautam Roy,My name is Gautam Roy,I am from Sikkim not Kolkata,I am from Sikkim not Kolkata,Good morning,Video call Mein padha sakte ho kya,Video call Mein padha sakte ho kya,Video call Mein padha sakte ho kya,Acchi Tarah Se padha dijiye aap se ummid thi mere ko,Acchi Tarah Se padha dijiye aap se ummid thi mere ko,Acchi Tarah Se padha dijiye aap se ummid thi mere ko,Keshav padhenge padhna Likhna,Keshav padhenge padhna Likhna,Keshav padhenge padhna Likhna,Writing,Writing,Writing,Writing,I want pasta,I want pasta,I want pasta,Normal call Mein padha sakte hain,Normal call Mein padha sakte hain,What is the,What is the,Reading a writing Bata cal Call per baat kar sakta hai kya,Reading a writing Bata cal Call per baat kar sakta hai kya,Reading a writing Bata cal Call per baat kar sakta hai kya,English,English,Powai Hiranandani,Powai Hiranandani,I am leaving dear,I am leaving dear,I am leaving dear,I am stay Hiranandani Powai,I am stay Hiranandani Powai,I am working for chillies na,I am working for chillies na,Can I talk can I talk to,My name is Gautam,My name is Gautam,I am job for CD's Mumbai,I am job for CD's Mumbai,Online cook,Online cook,Can I talk to normal call study and reading you don't mind,Can I talk to normal call study and reading you don't mind,Mere ko padha sakte kya call Mein Hindi English reading and writing,Mere ko padha sakte kya call Mein Hindi English reading and writing,Mere ko padha sakte kya call Mein Hindi English reading and writing,Yes call you call me,Yes call you call me,Yes call you call me,Ok,Ok,What you say I don't know,What you say I don't know,What you say I don't know]",,"[I am walking port Chillies,I am working for Chillies,This is for restaurant,What are you doing today,Nothing,I am interfere for I am interview The Cruise I talking to,Cargo,English properly,Line cook,Yes I am a lion cook Chillies,10 years 10 years,10 years,5 class Tak padha hun School iske liye English mein pic,Maine Panch class Tak padha hun iske liye mere ko English sikhana hai aur bolna hai,Really,. English mein likhna bhi nahin aata hai padhna bhi nahin aata,Property English reading or bolna,English mein likhna aur padhna chahta hun acchi Tarah Se,Yes how much charges,Karna aur padhna Aana chahie tabhi main Chahunga Bahar to iske liye kya karna padega,Yes yes writing,What you say,Likhna aur padhna Kaise Aana chahie,Likhna aur padhna,Okay,Goutamrai,Mera spelling right hua,Voice note karke bol raha hun likhkar Nahin bol raha hun voice note Chhod raha hun,Interview,Book likh kaun sa book lega to main read kar sakta hun aur likh sakta hun,Book Ka Naam Bata dijiye,Aapka naam kya hai,Your name is Riya right,My name is Gautam Roy,I am force I am from Sikkim,Walking for Mumbai my home place is Sikkim,Big city or I am walking for series,Aur Mumbai I am working for Mumbai Powai Hiranandani Chilli,Sikkim,Mere ko aap Kitna mahine Tak padha Sakte Achcha se,Agar call per bolenge to,Normal call,The practice,What you say I don't know,Hello,No,Acchi Tarah Se padhaanaa aur likh Aana help kar sakte kya,Kanjurmarg,Online aapke sath padhna chahta hun,Wallpaper padhaai Karenge kaise padhaai karenge,Ok,What you say,My name is Gautam Roy,I am from Sikkim not Kolkata,Good morning,Video call Mein padha sakte ho kya,Acchi Tarah Se padha dijiye aap se ummid thi mere ko,Keshav padhenge padhna Likhna,Writing,I want pasta,Normal call Mein padha sakte hain,What is the,Reading a writing Bata cal Call per baat kar sakta hai kya,English,Powai Hiranandani,I am leaving dear,I am stay Hiranandani Powai,I am working for chillies na,Can I talk can I talk to,My name is Gautam,I am job for CD's Mumbai,Online cook,Can I talk to normal call study and reading you don't mind,Mere ko padha sakte kya call Mein Hindi English reading and writing,Yes call you call me,Ok,What you say I don't know]"
8630798,"[I am shakeb,I am shakeb,I am from  lucknow,I am from  lucknow,Live the city  .i am in delhi,Live the city  .i am in delhi,Riya my speeking level is nil,Riya my speeking level is nil,Riya my speeking level is nil,Hello.,Thank you.,Yes.,No.,It's,Please.,Sorry.,Please give me,I am sorry.,I call you for chatting,For english learning]",,"[I am shakeb,I am from  lucknow,Live the city  .i am in delhi,Riya my speeking level is nil,I call you for chatting,For english learning,Hello?,Hello?,Hello?,É que,É que,É que,Chequer,Chequer,Chequer,Sé que,Sé que,Sé que,Hello?,Hello?,Hello?]"
8447555,"[¿Aló?,Hello. How are you?,Thank you so much.,Yes.,No, è tu,Please,Sorry,,दोनों की थी. अच्छा तो बनाना तुम्हें भी दिखे. Please give me a pen.,I'm sorry.,no I don't need,My name is Lisa,My name is Misa Mason.,What's your name?,हम पूर्गा उठा प्रदेश,I'm from,Where are you?,I work as a,What do you do dear?,what is your name,I study in a Engineering College,I like you.,Duria,I like,Diurria,I like urea,I don't like you.,I don't like you.,I don't like raining,Do you like this camera?,Light,x,Do you like cake?,Do like that?,Really?,I do need IQ.,Ria?,I really like,Ideally like,Like,,I like,I like,Like music.,I don't like,Like,,I don't like,I think,I don't like rain.,Do you like?,Do you like to fight with,Really?,I really like,I really like robots.,I get up early in the morning,You can call me Rahul.,You can call me Rahul.,Maybe some Indian food?,Maybe some Indian food?,Let's try street food.,Let's try street food.,Let's try street food.,Let's do pav bhaji.,Let's do pav bhaji.,Let's do pav bhaji.,Yes, let's get a table,Yes, let's get a table,Let's sit outside.,Let's sit outside.,Let's sit outside.,I'll have a lassi.,I'll have a lassi.,Whatever you recommend,Whatever you recommend,Whatever you recommend,What's in the rose lassi?,What's in the rose lassi?,Yes, sounds great!,Yes, sounds great!,Yes, sounds great!,Can I see the menu?,Can I see the menu?,Can I see the menu?,Yes, please tell me,Yes, please tell me,Yes, please tell me,Watch,I watch,Reed उल्लूर की पट्खी वीड़.,Read,I offer quran I read quran,Lee,,Play.,I play cricket.,I like,watching,TV shows.,I like watching you,I like reading,I like,playing crickets.,I like playing,What do you do in your free time?,I like,to play cricket on holidays.,I like play cricket on holidays.,Sometimes,Sometimes I like to,You can call me Rohan,You can call me Rohan,I'm from Mumbai.,I'm from Mumbai.,I work in an office.,I'm in sales.,I'm in sales.,I like meeting people.,I like meeting people.,I like meeting people.,Smart meat,Morning.,In the morning.,Evening.]",,"[Yes.,Yes.,Yes.,Y para ocho,Y para ocho,Y para ocho,Yes,Yes,Yes,I'll talk about my business.,I'll talk about my business.,I'll talk about my business.,I'm a CTV camera installer.,I'm a CTV camera installer.,I'm a CTV camera installer.,HD and IP camera.,HD and IP camera.,HD and IP camera.,Camera is one and it's a digital video recorder.,Camera is one and it's a digital video recorder.,Camera is one and it's a digital video recorder.,You can call me Rahul.,Maybe some Indian food?,Let's try street food.,Let's do pav bhaji.,Yes, let's get a table,Let's sit outside.,I'll have a lassi.,Whatever you recommend,What's in the rose lassi?,Yes, sounds great!,Can I see the menu?,Yes, please tell me,You can call me Rohan,I'm from Mumbai.,I work in an office.,I'm in sales.,I like meeting people.,I met a business owner.,I met a business owner.,I met a famous actor.]"
8422629,"[Chut chahie,Chut chahie,कितनी देर मचूत में देर हैं?,कितनी देर मचूत में देर हैं?,कितनी देर मचूत में देर हैं?]",,"[Chut chahie,कितनी देर मचूत में देर हैं?,Hello?,Hello?,Hello?,¿Aló?,¿Aló?,¿Aló?,Abono.,Abono.,Abono.,अरे हिंदी,अरे हिंदी,अरे हिंदी,नहीं,नहीं,नहीं,हिंदी में करवात.,हिंदी में करवात.,हिंदी में करवात.]"
8580714,"[Hii,Sanket,Sanket,Work,Bank,Bank,Specific  I Don't like anything,Specific  I Don't like anything,Specific  I Don't like anything,Yes,Yes,No,No,Ok,Yes,Yes,Please other sentences,Please other sentences,Movie,Hiii]",,"[Hii,Sanket,Work,Bank,Specific  I Don't like anything,Yes,No,Ok,Yes,Please other sentences,Movie,Hello,Hiii,Hello?,Hello?,Hello?]"
18792,[Hi],,[Hi]
5684842,"[Hello.,Thank You,Yes.,No.,Please,,Sari,sari,Sorry.,Please give me the,I'm sorry,Nim,Name.,My name is,What is your name?,I'm from Washington.,Where are you,I work as teaching.,What are you doing,What do you,Like,I like,I like study.,Don't Like,I didn't like,I don't like,Do you like,Do you like coffee?,Really.,I really like,I really like New,Watch,I watch movies,Jeep,Read.,I read books,Le,,play, play, play.,I play cricket.,I like watching the,I like reading books.,I like playing,What do you do in here,I like watching movies on holiday.,I like movie on,Already's.,I like watching movies on holidays.,Sometimes.,Sometimes I,enjoy Marvels and biological book,I am astring,Morning,In the morning,Evenings,In the evening,,Night,At night,Jacob.,Wake up.,I'm back up in the morning,Eight,Eat. Eat.,I ate breakfast.,Good.,I go to,Sleep,I sleep at night.,What time?,What time do you wake up?,What time do you sleep?,Yes, I have a booking.,It's under piyush Raj Sharma,It's under piyush Raj Sharma,Yes, here it is.,Yes, here it is.,Yes, here it is.,Higher flow is fine.,Higher flow is fine.,Higher flow is fine.,Yes, please give me one.,Yes, please give me one.,Where is the elevator?,Where is the elevator?,Yes, please show me.,Yes, please show me.,Yes, please show me.,Yes, let's go.,Yes, let's go.,Yes, I'd love to see them.,Yes, I'd love to see them.,What's the difference?,What's the difference?,What's the difference?,I prefer the garden view,I prefer the garden view,Can I get Wi-Fi details?,Can I get Wi-Fi details?,No, I can do it.,No, I can do it.,Thanks for the help!,Thanks for the help!,Maybe later.,Maybe later.,Maybe later.,I'll let you know.,I'll let you know.,I'll let you know.,It is 505,It is 505,No, thank you.,I will, thanks!,I will, thanks!,I will, thanks!,I will call if needed.,I will call if needed.,Where is the restaurant?,Where is the restaurant?,Is it open now?,Is it open now?,What time is lunch?,What time is lunch?,No, thank you.,No, thank you.,Just the room key, please.,Just the room key, please.,Yes, please.,Yes, please.,It's room 505,It's room 505,No, thank you.,No, thank you.,No, thank you.,That's all for now.,That's all for now.,That's all for now.,No, I'm good.,No, I'm good.,No, I'm good.,No, that's all.,No, that's all.,No, that's all.,I will let you know.,I will let you know.,I will let you know.,Yes, please help me.,Yes, please help me.]",,"[Yes, I have a booking.,It's under piyush Raj Sharma,Yes, here it is.,Higher flow is fine.,Yes, please give me one.,Where is the elevator?,Yes, please show me.,Yes, let's go.,Yes, I'd love to see them.,What's the difference?,I prefer the garden view,Can I get Wi-Fi details?,No, I can do it.,Thanks for the help!,Maybe later.,I'll let you know.,It is 505,No, thank you.,I will, thanks!,I will call if needed.,Where is the restaurant?,Is it open now?,What time is lunch?,No, thank you.,Just the room key, please.,Yes, please.,It's room 505,No, thank you.,That's all for now.,No, I'm good.,No, that's all.,I will let you know.,Yes, please help me.]"
6075411,"[मेरे इस app में पैसे कटे रहे हैं, कैसे रोके?,मेरे इस app में पैसे कटे रहे हैं, कैसे रोके?,मुझे English नहीं सीखने, मुझे यह app बंद करना है.,मुझे English नहीं सीखने, मुझे यह app बंद करना है.,मुझे English नहीं सीखने, मुझे यह app बंद करना है.,Band karna hai,Band karna hai,Band karna hai,आप खाली यह बताइए कि यह app कैसे बंद होएगा.,आप खाली यह बताइए कि यह app कैसे बंद होएगा.,आप खाली यह बताइए कि यह app कैसे बंद होएगा.]",,"[मेरे इस app में पैसे कटे रहे हैं, कैसे रोके?,मुझे English नहीं सीखने, मुझे यह app बंद करना है.,Band karna hai,आप खाली यह बताइए कि यह app कैसे बंद होएगा.,Hello.,Hello.,Hello.,क्या करना है कैसे हुआ?,क्या करना है कैसे हुआ?,क्या करना है कैसे हुआ?]"
8649178,"[I am rekha,I am rekha,Gujarati,Gujarati,Yes,Yes,Vadodara,Vadodara,Yes,Yes ma'am,Mera name rekha he,Mera name rekha he,I am from Vadodara.,Rahul are House,Rahul are House,I am a student.,I'm in college.,I'm in college.,B.A,Aap kaha se ho,Aap kaha se ho,I like learning new things.,I like learning new things.,Muje english bolna sikhna he,Muje english bolna sikhna he,Muje english bolna sikhna he,Yes, I want to practice.,Yes, I want to practice.,Yes, I want to practice.,Today is nice day,Thank you ma'am,Thank you ma'am,I worked today.,Hu daycare ma job karu chu.,Hu daycare ma job karu chu.,Hu daycare ma job karu chu.,Day care me hindi spich,Day care me hindi spich,Day care me hindi spich,Ma'am muje english me answer Dena sikhna he,Ma'am muje english me answer Dena sikhna he,Ma'am muje english me answer Dena sikhna he,No hindi & Gujarati,No hindi & Gujarati,I like the children most.,I like the children most.,They are very cute.,They are very cute.,We play games.,We play games.,Paasing the ball,Paasing the ball,2 se 5 years ke child favorite game,2 se 5 years ke child favorite game,2 se 5 years ke child favorite game,Yes, we play with blocks.,Yes, we play with blocks.,I help them build.,I help them build.,I help them build.,We build houses.,We build houses.,We build houses.,Hey I am Rekha,Hey I am Rekha,I am Gujarat,I am Gujarat,I am from Vadodara,I am from Vadodara,Yes,Just want to chat and learn.,Just want to chat and learn.,Spking english,Spking english,Aap hi bataye,Aap hi bataye]",,"[I am rekha,Gujarati,Yes,Vadodara,Yes,Yes ma'am,Mera name rekha he,I am from Vadodara.,Rahul are House,I am a student.,I'm in college.,B.A,Aap kaha se ho,I like learning new things.,Muje english bolna sikhna he,Yes, I want to practice.,Today is nice day,Thank you ma'am,I worked today.,Hu daycare ma job karu chu.,Day care me hindi spich,Ma'am muje english me answer Dena sikhna he,No hindi & Gujarati,I like the children most.,They are very cute.,We play games.,Paasing the ball,2 se 5 years ke child favorite game,Yes, we play with blocks.,I help them build.,We build houses.,Hey I am Rekha,I am Gujarat,I am from Vadodara,Yes,Just want to chat and learn.,Spking english,Aap hi bataye]"
8522045,"[Hey riya yes,Hey riya yes,Mbbs college just few month,Mbbs college just few month,Yh,Yh,Biochemistry,Biochemistry,Biochemistry,Chemistry reaction,Chemistry reaction]",,"[Hey riya yes,Mbbs college just few month,Yh,Biochemistry,Chemistry reaction,Hello?,Hello?,Hello?,Yes. Yes.,Yes. Yes.,Yes. Yes.,Simple technique.,Simple technique.,Simple technique.,Presentations.,Presentations.,Presentations.,I think it is.,I think it is.,I think it is.,Anything anything has,Anything anything has,Anything anything has,Speak to English, sir. Everything.,Speak to English, sir. Everything.,Speak to English, sir. Everything.,आप कोई भी choice कर सकते हो.,आप कोई भी choice कर सकते हो.,आप कोई भी choice कर सकते हो.,Burger.,Burger.,Burger.,Vegetables. Many vegetables. Are healthy.,Vegetables. Many vegetables. Are healthy.,Vegetables. Many vegetables. Are healthy.]"
8704065,"[My om prakash,My om prakash,India uttrakhand,India uttrakhand,मुझे आप से मिलकर बहुत अच्छा लगा,मुझे आप से मिलकर बहुत अच्छा लगा,आप कहां से हो,आप कहां से हो,बंगलेरु बहुत सुन्दर है,बंगलेरु बहुत सुन्दर है,Your nairij,Your nairij,My name om prakash,My name om prakash,मैं बमगलुरु नहीं आ सकता.,मैं बमगलुरु नहीं आ सकता.,मैं बमगलुरु नहीं आ सकता.,हो गई को क्या बोलते हैं,हो गई को क्या बोलते हैं,हो गई को क्या बोलते हैं,Give का अर्थ क्या है,Give का अर्थ क्या है,Give का अर्थ क्या है,आपको क्या बताओ,आपको क्या बताओ,Om,Om,Do का अर्थ करना होता हैं,Do का अर्थ करना होता हैं,Do का अर्थ करना होता हैं,Kheti kishan,Kheti kishan,Kheti kishan,Your varkin riya ji,Your varkin riya ji,Your varkin riya ji,No daraib 4awars,No daraib 4awars,No daraib 4awars,No daraib 4awars,आपको कैसा लगा मुझे बात करके,आपको कैसा लगा मुझे बात करके,आपको कैसा लगा मुझे बात करके,Talkig अर्थ क्या हुआ,Talkig अर्थ क्या हुआ,Talkig अर्थ क्या हुआ,Takig  + chattig,Takig  + chattig,Takig  + chattig,Make sense अर्थ क्या हुआ जी,Make sense अर्थ क्या हुआ जी,Make sense अर्थ क्या हुआ जी,explation का अर्थ क्या है,explation का अर्थ क्या है,Bahut kam samjh mai aa rha hai,Bahut kam samjh mai aa rha hai,Bahut kam samjh mai aa rha hai,Aapka bahut dhanywad aap se milkar achchha lagaa,Aapka bahut dhanywad aap se milkar achchha lagaa,Mitig mai nhi jaa raha hu,Mitig mai nhi jaa raha hu,Wark karne ka samy ho gaya hai,Wark karne ka samy ho gaya hai,Wark karne ka samy ho gaya hai]",,"[My om prakash,India uttrakhand,मुझे आप से मिलकर बहुत अच्छा लगा,आप कहां से हो,बंगलेरु बहुत सुन्दर है,Your nairij,My name om prakash,मैं बमगलुरु नहीं आ सकता.,हो गई को क्या बोलते हैं,Give का अर्थ क्या है,आपको क्या बताओ,Om,Do का अर्थ करना होता हैं,Kheti kishan,Your varkin riya ji,No daraib 4awars,आपको कैसा लगा मुझे बात करके,Talkig अर्थ क्या हुआ,Takig  + chattig,Make sense अर्थ क्या हुआ जी,explation का अर्थ क्या है,Bahut kam samjh mai aa rha hai,Aapka bahut dhanywad aap se milkar achchha lagaa,Mitig mai nhi jaa raha hu,Wark karne ka samy ho gaya hai,Hello?,Hello?,Hello?,Hello, today my age is working the,Hello, today my age is working the,Hello, today my age is working the,Working. Edge.,Working. Edge.,Working. Edge.,How are you?,How are you?,How are you?,Hi ma'am hello,Hi ma'am hello,Hi ma'am hello,Sorry.,Sorry.,Sorry.,Top award means है,Top award means है,Top award means है,Deme sabor.,Deme sabor.,Deme sabor.,मैं आपसे बात करना चाहता हूं.,मैं आपसे बात करना चाहता हूं.,मैं आपसे बात करना चाहता हूं.,Okay.,Okay.,Okay.]"
8683710,"[I want to try something nehiw.,I want to try something nehiw.,You ask me something about how to talk with my friends,I am looking for something light meal,I am looking for something light meal,You call me  Geeta,You call me  Geeta,No Iresides at Kanpur,No Iresides at Kanpur,I did not going to Bengaluru,I did not going to Bengaluru,Yes,Yes,You call meGeeta,You call meGeeta]",,"[I want to try something nehiw.,You ask me something about how to talk with my friends,I am looking for something light meal,You call me  Geeta,No Iresides at Kanpur,I did not going to Bengaluru,Yes,You call meGeeta]"
8444918,"[Hii Im vaishali,Hii Im vaishali,I live in morshi,I live in morshi,It is small city,It is small city,Yes,Yes,Yes,Yes,We have nice lmarkets.,We have nice lmarkets.,Lots of clothes and food.,Lots of clothes and food.,You have great pani puri,You have great pani puri,My name vaishali,My name vaishali,Ok,Hi, this is Vaishali speaking.,Hi, this is Vaishali speaking.,Hi, this is Vaishali speaking.,Yes,How many I help you,How many I help you,I need to place an order,It's about a new project.,It's for a new client.,It's for a new client.,It's a software project.,It's a software project.,They need a mobile app,They need a mobile app,It's a social media app,It's a social media app,Hii i am shriya,Hii i am shriya,I am from morshi,I am from morshi,It's a small city,It's a small city,It's close to nature.,It's close to nature.,There's a big forest nearby.,There's a big forest nearby.,I just relax there.,I just relax there.,With friends, it's fun.,With friends, it's fun.,How are you,How are you,It's a great escape from the city.,It's a great escape from the city.,I like to read books there.,I like to read books there.,I read self-help books.,I read self-help books.,I'm reading 'Mindset' right now,I'm reading 'Mindset' right now,Yes, it's very insightful.,Yes, it's very insightful.,I try to meditate daily.,I try to meditate daily.,English learning,English learning,I can you help in English,I can you help in English,Banking cectoer,Banking cectoer,It's interesting to me.,It's interesting to me.,It's interesting to me.,Not baking job,Not baking job,Tell me about loans.,Tell me about loans.,Tell me about loans.,What is an EMI?,What is an EMI?,What is an EMI?,What is an EMI?,What is principal amount?,What is principal amount?,What is principal amount?,Can you explain interest?,I live in Chennai.,I live in Chennai.,My english spelling mistake,My english spelling mistake,My english spelling mistake,My english spelling mistake,My english spelling mistake,It's about a word.,It's about a word.,Banking words in English mestac,Banking words in English mestac,Banking words in English mestac,Hello,Hello,Hii vaishali,Hii vaishali,I am from Bengaluru.,I am from Bengaluru.,I'm a student.,I'm a student.,I study commerce.,I study commerce.,Yes, I want to work in a company.,Yes, I want to work in a company.,Yes, I want to work in a company.,Yes, I would like to try.,Yes, I would like to try.,Yes, I would like to try.]",,"[Hii Im vaishali,I live in morshi,It is small city,Yes,Yes,We have nice lmarkets.,Lots of clothes and food.,You have great pani puri,My name vaishali,Ok,Hi, this is Vaishali speaking.,Yes,How many I help you,I need to place an order,It's about a new project.,It's for a new client.,It's a software project.,They need a mobile app,It's a social media app,Hii i am shriya,I am from morshi,It's a small city,It's close to nature.,There's a big forest nearby.,I just relax there.,With friends, it's fun.,How are you,It's a great escape from the city.,I like to read books there.,I read self-help books.,I'm reading 'Mindset' right now,Yes, it's very insightful.,I try to meditate daily.,English learning,I can you help in English,Banking cectoer,It's interesting to me.,Not baking job,Tell me about loans.,What is an EMI?,What is principal amount?,Can you explain interest?,I live in Chennai.,My english spelling mistake,My english spelling mistake,It's about a word.,Banking words in English mestac,Hello,Hello,Hii vaishali,I am from Bengaluru.,I'm a student.,I study commerce.,Yes, I want to work in a company.,Yes, I would like to try.]"
8372467,"[I am salil,I am salil,I am from Bengaluru.,I am from Bengaluru.,I work here.,I work here.,I do office work.,I do office work.,I want to change it.,I want to be an actor.,I want to be an actor.,I want to entertain people.,I want to entertain people.,I want to entertain people.,Yes, in school plays.,Yes, in school plays.,Yes, I loved it.,Yes, I loved it.,I played the main character.,I played the main character.,It was a comedy play.,It was a comedy play.,I love making people laugh.,I love making people laugh.,I enjoyed sports too.,I enjoyed sports too.,I played cricket.,I played cricket.,Yes, I played in a team.,Yes, I played in a team.,I played as a batsman.,I played as a batsman.,Scoring runs was the best,Scoring runs was the best,Yes, I play every weekend.,Yes, I play every weekend.,Different groups mostly.,Different groups mostly.,I like meeting new people.,I like meeting new people.,I hang out with friends.,I hang out with friends.,We just chat for hours.,We just chat for hours.,Just random stuff, you know.,Just random stuff, you know.,I m salil,I m salil,I am from a small town.,I am from a small town.,My town is small,My town is small,It's very green and natural.,It's very green and natural.,I help my family.,I help my family.,I help with household chores.,I help with household chores.,Gardening is fun.,Gardening is fun.]",,"[I am salil,I am from Bengaluru.,I work here.,I do office work.,I want to change it.,I want to be an actor.,I want to entertain people.,Yes, in school plays.,Yes, I loved it.,I played the main character.,It was a comedy play.,I love making people laugh.,I enjoyed sports too.,I played cricket.,Yes, I played in a team.,I played as a batsman.,Scoring runs was the best,Yes, I play every weekend.,Different groups mostly.,I like meeting new people.,I hang out with friends.,We just chat for hours.,Just random stuff, you know.,I m salil,I am from a small town.,My town is small,It's very green and natural.,I help my family.,I help with household chores.,Gardening is fun.]"
5630548,"[Yes.,No. No.,Please.,Sorry,,Hello.,Thank you.,Yes,Non.,Please,Sorry. Sorry.,Please, give me the pen.,I'm sorry,thank you bhaiya,Name.,My name is Akaj,What is your name?,I'm from,From,Where are you from?,As study only,मैं कल तो कल तो बताती हूं.,दो बार बोल?,I work at,Name,My name is,What is your,I am from,Where are you from?,To bench,I work as,You What do you do? Do?,my name is Aakash Saini,My name is [Name],My name is [Name],Meerut,Meerut,I am a student.,I'm studying engineering.,I'm studying engineering.,Computer Science,Computer Science,Yes, I love it.,Yes, I love it.,What,I love coding challenges.,I love coding challenges.,Problem-solving tasks,Problem-solving tasks,Problem-solving tasks,Like,I like,I like gym,I don't like,I don't like,I don't like dog,Do you like,Do you like gym?,Really?,I really like,I really,bus post l chai,Like,I like,I like it,Don't Like,I don't like,I don't like drawing.,Do You Like?,You like you,Really?,I really like,I really,Watch,I watch,Read,I read newspaper.,Play,I play,I like,I like watching,I like reading the book.,I like playing the cricket.,What do you do in,I like cricket on holidays.,Sometime.,Sometimes like a,I like reading to,I enjoy everyone night hobbies,yes I like,Mognik,Morning.,In the morning,Evening,In the evening,,Night,At night,Wake Up,I wake up in the morning.,Eight,Eat.,I eat breakfast.,Go,I got,Sleep,Ice Leap at Night,What time,What time do you wake up?,What time do you sleep?,Home.,I'm home,How was your,My day was good.,My day was tiring.,I'm hungry.,Bots for dinner.,Mom I need help.,I go to my friend's,just buy tried,Can you go open?,Tonight? Can we go out,Can I have some money?,Can you help me?,Papa, please help,I love you, papa.,samet bhai UN marriage time,Hello,,Thank You,Yes.,No,,Please,Sorry,Please give me,I'm sorry.]",,"[Speak in English?,Speak in English?,Speak in English?,I like a tea.,I like a tea.,I like a tea.,Repeat your question रिया. Repeat your,Repeat your question रिया. Repeat your,Repeat your question रिया. Repeat your,Hello?,Hello?,Hello?,थोड़ी शिलोनी रिया शिलोनी शिलोनी.,थोड़ी शिलोनी रिया शिलोनी शिलोनी.,थोड़ी शिलोनी रिया शिलोनी शिलोनी.,I speak English.,I speak English.,I speak English.,Yes.,Yes.,Yes.,Okay. या कुछ भी और क्या होता,Okay. या कुछ भी और क्या होता,Okay. या कुछ भी और क्या होता,Repeat your cushion.,Repeat your cushion.,Repeat your cushion.,Non.,Non.,Non.,I started in basic speaking English.,I started in basic speaking English.,I started in basic speaking English.,Vocabulary.,Vocabulary.,Vocabulary.,English.,English.,English.,My name is [Name],Meerut,I am a student.,I'm studying engineering.,Computer Science,Yes, I love it.,What,I love coding challenges.,Problem-solving tasks]"
8702562,"[Hi. Can I change your name to Kamini from rear?,I am asking the travel time from here to Jamshedpur. Exactly from where I am.,I am asking the travel time from here to Jamshedpur. Exactly from where I am.,तो ये छोटा इतना इनकार dance करना है ना,तो ये छोटा इतना इनकार dance करना है ना]",,"[¿Usted y eso? En música, ¿verdad?,¿Usted y eso? En música, ¿verdad?,¿Usted y eso? En música, ¿verdad?,Aló.,Aló.,Aló.,Just I want to talk with you.,Just I want to talk with you.,Just I want to talk with you.,Your name is Ria?,Your name is Ria?,Your name is Ria?,Now where you live? In India.,Now where you live? In India.,Now where you live? In India.,Now I'm in Kolkata.,Now I'm in Kolkata.,Now I'm in Kolkata.,Pags teeth.,Pags teeth.,Pags teeth.,In कोलकाता park state,In कोलकाता park state,In कोलकाता park state,Era vender só o parque de dia.,Era vender só o parque de dia.,Era vender só o parque de dia.,Ravinder Sarmi Park,Ravinder Sarmi Park,Ravinder Sarmi Park,You know about, Ravinja Sarmani?,You know about, Ravinja Sarmani?,You know about, Ravinja Sarmani?,No Kolkata,,No Kolkata,,No Kolkata,,I want to talking how to talk fluently in English.,I want to talking how to talk fluently in English.,I want to talking how to talk fluently in English.,Always, before, talking in English,,Always, before, talking in English,,Always, before, talking in English,,Before talking,,Before talking,,Before talking,,Not nervous.,Not nervous.,Not nervous.,Just,Just,Just,What? I am talking what I am,What? I am talking what I am,What? I am talking what I am,Just I want to say,Just I want to say,Just I want to say,Today, I will go to Jamsetpur with my family,Today, I will go to Jamsetpur with my family,Today, I will go to Jamsetpur with my family,You know Jamsetpur?,You know Jamsetpur?,You know Jamsetpur?,Cemesit tour is a clean city, and,Cemesit tour is a clean city, and,Cemesit tour is a clean city, and,जमशे तुरीदे industrial city.,जमशे तुरीदे industrial city.,जमशे तुरीदे industrial city.,Pardon?,Pardon?,Pardon?,No.,No.,No.,Now,,Now,,Now,,Travel.,Travel.,Travel.,Going to Jamsitpur and,Going to Jamsitpur and,Going to Jamsitpur and,I I am you I am going with my family and,I I am you I am going with my family and,I I am you I am going with my family and,Hi. Can I change your name to Kamini from rear?,I am asking the travel time from here to Jamshedpur. Exactly from where I am.,तो ये छोटा इतना इनकार dance करना है ना]"
8541119,"[Hello,My name is Dhanjee Kumar Paswan,My name is Dhanjee Kumar Paswan,I believe to patna,I believe to patna,Yes,Yes,Speak English,Speak English,Speak English,Samjhe nhi aaya,Samjhe nhi aaya,Samjhe nhi aaya,No spice English properly,No spice English properly,No spice English properly,Hello?,You,Thank you.,Yes.,No,,Lunch.,Leach,Venice.,Bonjour.,Witch.,Sorry.,Me some,Please give,I am sorry,Nem.,Nem.,Name.,My name is Dan.,What is your name?,I belong from Pakistan.,I am from,Where are,Park Avenue.,Captain,I work at,Who you do,I am,I study,Like,,I like,To my coffee,I like,Don't like,I like,I don't like,Don't you like,To you like,Really?,I really like,Tea and Coke.,I really like]",,"[Hello,My name is Dhanjee Kumar Paswan,I believe to patna,Yes,Speak English,Samjhe nhi aaya,No spice English properly]"
8574070,"[Hi lm subha,Hi lm subha,Im English likhate parina,Im English likhate parina,Im English likhate parina,Ki kicol,The kima hatr,The kima hatr,Yes, it's very tasty.,Yes, it's very tasty.,आमिर झा बुम बहुत आए du pic COVID.,आमिर झा बुम बहुत आए du pic COVID.,Ki,Kamasho,Kamasho,Kamasho,Waho,Waho,वही जो बोलेंगे वही repeat करना पड़ेगा. अंदर कोई नहीं जो होता.,वही जो बोलेंगे वही repeat करना पड़ेगा. अंदर कोई नहीं जो होता.,My subha,My subha,Tomr name,Tomr name]",,"[Hi lm subha,Im English likhate parina,Ki kicol,The kima hatr,Yes, it's very tasty.,आमिर झा बुम बहुत आए du pic COVID.,Ki,Kamasho,Waho,वही जो बोलेंगे वही repeat करना पड़ेगा. अंदर कोई नहीं जो होता.,My subha,Tomr name]"
8588921,"[Hello.,Thank you.,Yes.,No,,Please,,Sorry,Please, give,I am sorry.,I study in class 5,Nem.,Name.,My name is,What is your name?,I am from,Where are you from?,I work,What do you do,Like,I like,I like,Don't Like,I don't like,I don't like,Do you like,Do you like,Really?,I really like,I really like,usually party and Kadi,My name is Soham,My name is Soham,I am from Chanchal,I am from Chanchal,Small town.,Small town.,Watch.,I watch cartoon,League,Read.,I read books.,Play.,I play crick,I like watching,I like reading books.,I like playing cricket.,What do you do in,I like watching Whole In Holidays.,Sometime,Sometimes I'll]",,"[My name is Soham,I am from Chanchal,Small town.,Very good.,Very good.,Very good.,I'm playing,I'm playing,I'm playing,Dice,Dice,Dice,No.,No.,No.,E t j cricket game.,E t j cricket game.,E t j cricket game.,In,In,In,We are playing in two team.,We are playing in two team.,We are playing in two team.,Eight Players,Eight Players,Eight Players,Eget,Eget,Eget,My name is home सरकार.,My name is home सरकार.,My name is home सरकार.,I want to practice cricket.,I want to practice cricket.,I want to practice cricket.,My favorite cricket team in India.,My favorite cricket team in India.,My favorite cricket team in India.,Royal challengers.,Royal challengers.,Royal challengers.,Miraculi,Miraculi,Miraculi,He is awesome,He is awesome,He is awesome,It has always,It has always,It has always,Winning the cup.,Winning the cup.,Winning the cup.,Two thousand twenty one,Two thousand twenty one,Two thousand twenty one,Yes. I did.,Yes. I did.,Yes. I did.,Why do it friends?,Why do it friends?,Why do it friends?,Meat salad. Yes. Hi.,Meat salad. Yes. Hi.,Meat salad. Yes. Hi.,Hi,,Hi,,Hi,,Les Tistottes.,Les Tistottes.,Les Tistottes.,E T Siden It is name. No.,E T Siden It is name. No.,E T Siden It is name. No.,Yep. Person.,Yep. Person.,Yep. Person.,Lemonade,Lemonade,Lemonade,Était sept.,Était sept.,Était sept.,Yes, let's practice.,Yes, let's practice.,Yes, let's practice.,Tell Tell Me I Story,Tell Tell Me I Story,Tell Tell Me I Story,Anything is fine.,Anything is fine.,Anything is fine.,Wow. Tell me more.,Wow. Tell me more.,Wow. Tell me more.,Ebarn.,Ebarn.,Ebarn.,A big beer.,A big beer.,A big beer.,Sí, hit the knot.,Sí, hit the knot.,Sí, hit the knot.,Up at three,Up at three,Up at three,Yes. Yes. Sea crime tree.,Yes. Yes. Sea crime tree.,Yes. Yes. Sea crime tree.,Sí.,Sí.,Sí.,हाँ हाँ हाँ हाँ हाँ हाँ,हाँ हाँ हाँ हाँ हाँ हाँ,हाँ हाँ हाँ हाँ हाँ हाँ,Hazte un coser.,Hazte un coser.,Hazte un coser.,Asking question,Asking question,Asking question]"
8474787,"[Hello.,Thank you.,S,S,S,ऐसे कब तक try करते रहेंगे यार?,सही से आप sun नहीं पा रहे हैं?,No.,Please,Sorry,Please give me the,I'm sorry.,do you need any help in study,FIR free Tu ask,Ma'am,,Ma'am. Ma'am. Ma'am. Ma'am. Ma'am.,Name,,My name,What is your name?,I'm from Ben,Where are you from?,A teacher,A teacher.,I work as a teacher.,What do,what is your name,xyz calling,Light.,Not like,,I like,I like,Don't like,I don't,I don't like cold drinks.,Do you like,Do you like summer?,Really?,I really liked.,Really like,I start my day,post aunty in the breakfast,what about lunch dopahar ke khane ka kya,Watch!,Mobile,Mobile.,I watched,Read.,Book.,I read books,Play.,What?,What?,I am brajendra Singh,I am brajendra Singh,I m from Jhansi,I m from Jhansi,I m as a teacher,I m as a teacher,I teach adult only when students of class 10 to 12,I teach adult only when students of class 10 to 12,I teach adult only when students of class 10 to 12,I teach mathmatics only,I teach mathmatics only,I teach mathmatics only,I want to igo for interview in new school,I want to igo for interview in new school,Mujhe interview face karna hai kaise karainge,Mujhe interview face karna hai kaise karainge,My name is brajendra Singh,My name is brajendra Singh,Teaching,Teaching,Math only,Math only,Math only,What?,Ok,इस line का मतलब क्या है? मुझे समझ नहीं आ रहा है. कृपया हिंदी,इस line का मतलब क्या है? मुझे समझ नहीं आ रहा है. कृपया हिंदी,इस line का मतलब क्या है? मुझे समझ नहीं आ रहा है. कृपया हिंदी,Botch. Botch.,Sbatch.,W a t c h.,Mammy Powerade,I watch movies.,अब बोला लेता हूं. आज ही ए दीदी दीदी में,एक,R e e d g g g d d u s,de de,Ride.,Vous,अशोन नहीं देखा है.,I read books.,Lee.,Pues le,अब सही है आज भेज दिया,I play,I'm I'm,Movie. Movie.,I like watching movies.,Zoox,Douk's.,Reading books.,Reading books.,Sí, sí, sí, Sí.,What do you do in free,I like movie on holidays.,Sometimes,Drive reading books. Sometimes,like reading books.,Sam and,like,Sometimes,like reading books.,Sometimes, like, books.]",,"[I am brajendra Singh,I m from Jhansi,I m as a teacher,I teach adult only when students of class 10 to 12,I teach mathmatics only,I want to igo for interview in new school,Mujhe interview face karna hai kaise karainge,My name is brajendra Singh,Teaching,Math only,I want to talk with him.,I want to talk with him.,I want to talk with him.,I am also happy to talk.,I am also happy to talk.,I am also happy to talk.,I want to talk with you. Fluently English.,I want to talk with you. Fluently English.,I want to talk with you. Fluently English.,I want to talk with real conversations. Casual,I want to talk with real conversations. Casual,I want to talk with real conversations. Casual,Alphabet Sobbing,Alphabet Sobbing,Alphabet Sobbing,One leaf this is my,One leaf this is my,One leaf this is my,I like,I like,I like,अच्छा, आपका यह मतलब है मैं छुट्टियों में क्या करता हूं?,अच्छा, आपका यह मतलब है मैं छुट्टियों में क्या करता हूं?,अच्छा, आपका यह मतलब है मैं छुट्टियों में क्या करता हूं?,I want to discuss,I want to discuss,I want to discuss,Start Okay. Start.,Start Okay. Start.,Start Okay. Start.,My my favorite hobby listening song.,My my favorite hobby listening song.,My my favorite hobby listening song.,These songs? Because,These songs? Because,These songs? Because,मेरी mother कहीं निहंदी आई like song,मेरी mother कहीं निहंदी आई like song,मेरी mother कहीं निहंदी आई like song,I like in this box only. Bollywood song.,I like in this box only. Bollywood song.,I like in this box only. Bollywood song.,My Bollywood songs,My Bollywood songs,My Bollywood songs,Bollywood songs in,Bollywood songs in,Bollywood songs in,Topic,Topic,Topic,Want to discuss first time,Want to discuss first time,Want to discuss first time,I,I,I,Divergent singh,Divergent singh,Divergent singh,Name is Pradiendra Singh.,Name is Pradiendra Singh.,Name is Pradiendra Singh.,But her hobbies listening song only.,But her hobbies listening song only.,But her hobbies listening song only.,Sorry,Sorry,Sorry,Sauce. In this sauce.,Sauce. In this sauce.,Sauce. In this sauce.,My favorite singer है कुमार शानी. कुमार सानू.,My favorite singer है कुमार शानी. कुमार सानू.,My favorite singer है कुमार शानी. कुमार सानू.,I have no clen.,I have no clen.,I have no clen.,What?,What?,What?,जी, आप तो मुझे सिखाएं कैसे interview दिया जाता है. मुझे नहीं पता.,जी, आप तो मुझे सिखाएं कैसे interview दिया जाता है. मुझे नहीं पता.,जी, आप तो मुझे सिखाएं कैसे interview दिया जाता है. मुझे नहीं पता.,Fall इसका answer क्या होगा?,Fall इसका answer क्या होगा?,Fall इसका answer क्या होगा?,No. I have some vocabs remember.,No. I have some vocabs remember.,No. I have some vocabs remember.,Ok,इस line का मतलब क्या है? मुझे समझ नहीं आ रहा है. कृपया हिंदी]"
8406165,"[Hii,Hii,Sum,S,S,Hii ❤️🥀🥀,🥀🥀🥀🥀🥀🥀🥀🥀,Love you,Love you,Love you,Love you,Love you,Love you,तुम कहां से हो?,Hii,Sumit,Sumit,Love you,Love you,A Jao Tum,A Jao Tum,Bhojpuri bolo,Bhojpuri bolo,English mein English mein nahin aati,English mein English mein nahin aati,English mein English mein nahin aati,I like to read books.,I like to read books.,Love you,Love you,Kahan se ho tum,Kahan se ho tum,Tum kahan se ho,Tum kahan se ho,Sumit Kumar,Sumit Kumar,Amit pal,Amit pal,Su mit dem dem smartphone under my house,Su mit dem dem smartphone under my house,Love you,Love you,9129752041,9129752041,Hhdubu,Hhdubu,Hii,Kya kar rahe ho,Kya kar rahe ho,Kya kar rahe ho,Hii,Love you,Love you,Kya kar rahe ho,Kya kar rahe ho]",,"[Hii,Sum,S,Hii ❤️🥀🥀,🥀🥀🥀🥀🥀🥀🥀🥀,Love you,Love you,Hello?,Hello?,Hello?,Love you,तुम कहां से हो?,Hii,Hello?,Hello?,Hello?,Sumit,Love you,A Jao Tum,Bhojpuri bolo,English mein English mein nahin aati,I like to read books.,Love you,Kahan se ho tum,Tum kahan se ho,Sumit Kumar,Amit pal,Hello,,Hello,,Hello,,Su mit dem dem smartphone under my house,Love you,9129752041,Hhdubu,Hii,Hello? Hello,,Hello? Hello,,Hello? Hello,,Hello? Hello,,Hello? Hello,,Hello? Hello,,Number three, bolu.,Number three, bolu.,Number three, bolu.,Kya kar rahe ho,Hello? Hello?,Hello? Hello?,Hello? Hello?,Hii,Love you,Kya kar rahe ho]"
8446281,"[I'm not sure yet.,I'm not sure yet.,I like spicy food.,I like spicy food.,Yes, that sounds good.,Yes, that sounds good.,Let's get paneer tikka.,Let's get paneer tikka.,Try a different topic,Try a different topic,Try a different topic,No I want to practice and introduction topic,My name is Priyanka,My name is Priyanka,I'm from gurgaon,I'm from gurgaon,I am a housewife,I am a housewife,Yes, I love it,Yes, I love it,Yes, I love it,I love taking care of family.,I love taking care of family.,Yes, I love reading.,Yes, I love reading.,I read all sorts of books.,I read all sorts of books.,I read all sorts of books.,I love thrillers lately.,I love thrillers lately.,I love thrillers lately.,Not really, can you suggest?,Not really, can you suggest?,Not really, can you suggest?,No, I haven't heard.,No, I haven't heard.,No, I haven't heard.,Maybe I'll give it a try.,Maybe I'll give it a try.,I want to talk about next topic,Learning New Skills,Learning New Skills,Learning New Skills,I want to learn to speak english,I want to learn to speak english,My name is Anu,My name is Anu,I am a student.,I am preparing for competitive exams.,I am preparing for competitive exams.,I enjoy studying Maths.,I enjoy studying Maths.,I enjoy studying Maths.,It's logical and clear.,It's logical and clear.,Teaching exams,Teaching exams,Teaching exams,I want to teach Maths.,I want to teach Maths.,I want to teach Maths.,My teachers inspired me.,My teachers inspired me.,Yes, they taught me Maths.,Yes, they taught me Maths.,Yes, they taught me Maths.,They were very patient.,They were very patient.,They were very patient.,They explained it again and again.,They explained it again and again.,They explained it again and again.,It was Maths.,It was Maths.,It was Maths.,Geometry concepts.,Geometry concepts.,Geometry concepts.,The theorems were hard.,The theorems were hard.,The theorems were hard.,I don't remember the name.,I don't remember the name.,I think it had to do with angles.,Yes, I think so.,Yes, I think so.,I don't remember.,I don't remember.,I don't recall exactly.,I don't recall exactly.,I don't recall exactly.,I met some friends.,I met some friends.,We just chilled at home.,We just chilled at home.,We just talked,We just talked,We talked about school time,We talked about school time,We remembered old friends.,We remembered old friends.,Some, but not all.,Some, but not all.,Yes, sometimes I think about it.,Yes, sometimes I think about it.,Yes, there's one friend.,We got busy with life.,We got busy with life.,Maybe I'll send a message.,Maybe I'll send a message.,It's been a long time.,It's been a long time.,Let's catch up soon.,Let's catch up soon.,Morning is good.,Morning is good.]",,"[Hello? I am प्रियंका.,Hello? I am प्रियंका.,Hello? I am प्रियंका.,Whatever you want.,Whatever you want.,Whatever you want.,This is Rajma Chawal.,This is Rajma Chawal.,This is Rajma Chawal.,Thank you. Is healthy food. And,Thank you. Is healthy food. And,Thank you. Is healthy food. And,I like to eat too.,I like to eat too.,I like to eat too.,I like to eat healthy food. I didn't like any junk food like burger pass. Pizza,,I like to eat healthy food. I didn't like any junk food like burger pass. Pizza,,I like to eat healthy food. I didn't like any junk food like burger pass. Pizza,,Lunchtime.,Lunchtime.,Lunchtime.,No It only,No It only,No It only,I don't know what I speak.,I don't know what I speak.,I don't know what I speak.,We can help about any interview,We can help about any interview,We can help about any interview,I'm looking for a teaching job.,I'm looking for a teaching job.,I'm looking for a teaching job.,To teach mathematics because math is my favorite subject.,To teach mathematics because math is my favorite subject.,To teach mathematics because math is my favorite subject.,Those in mat so we think logically. Not like we have to,Those in mat so we think logically. Not like we have to,Those in mat so we think logically. Not like we have to,Math is a creative subject.,Math is a creative subject.,Math is a creative subject.,I'm not sure yet.,I like spicy food.,Yes, that sounds good.,Let's get paneer tikka.,I want to talk about, interview questions.,I want to talk about, interview questions.,I want to talk about, interview questions.,I want to, I want to find a job like, a teacher,I want to, I want to find a job like, a teacher,I want to, I want to find a job like, a teacher,How we can give an interview in English? Into,How we can give an interview in English? Into,How we can give an interview in English? Into,Испрянка?,Испрянка?,Испрянка?,Yes, my name is Priyanka.,Yes, my name is Priyanka.,Yes, my name is Priyanka.,I want to be a math teacher.,I want to be a math teacher.,I want to be a math teacher.,My favorite topic is,My favorite topic is,My favorite topic is,My favorite topic is,My favorite topic is,My favorite topic is,My favorite math topic is Algebra. Algebra portion is my favorite.,My favorite math topic is Algebra. Algebra portion is my favorite.,My favorite math topic is Algebra. Algebra portion is my favorite.,A plus b scar is equals to a, scar plus b, scar is plus two a b.,A plus b scar is equals to a, scar plus b, scar is plus two a b.,A plus b scar is equals to a, scar plus b, scar is plus two a b.,Means we have to multiply. We need to multiply a a a multiply by,Means we have to multiply. We need to multiply a a a multiply by,Means we have to multiply. We need to multiply a a a multiply by,Seem ver. Like, eis cara in the same way,Seem ver. Like, eis cara in the same way,Seem ver. Like, eis cara in the same way,I said earlier a scar plus b scar plus two a b.,I said earlier a scar plus b scar plus two a b.,I said earlier a scar plus b scar plus two a b.,Try a different topic,No I want to practice and introduction topic,My name is Priyanka,I'm from gurgaon,I am a housewife,Yes, I love it,I love taking care of family.,Yes, I love reading.,I read all sorts of books.,I love thrillers lately.,Not really, can you suggest?,No, I haven't heard.,Maybe I'll give it a try.,I want to talk about next topic,Learning New Skills,I want to learn to speak english,My name is Anu,I am a student.,I am preparing for competitive exams.,I enjoy studying Maths.,It's logical and clear.,Teaching exams,I want to teach Maths.,My teachers inspired me.,Yes, they taught me Maths.,They were very patient.,They explained it again and again.,It was Maths.,Geometry concepts.,The theorems were hard.,I don't remember the name.,I think it had to do with angles.,Yes, I think so.,I don't remember.,I don't recall exactly.,I met some friends.,We just chilled at home.,We just talked,We talked about school time,We remembered old friends.,Some, but not all.,Yes, sometimes I think about it.,Yes, there's one friend.,We got busy with life.,Maybe I'll send a message.,It's been a long time.,Let's catch up soon.,Morning is good.]"
8465699,"[You can call me [kiran],You can call me [kiran],I m a housewife,I m a housewife,I watch movies mostly.,I watch movies mostly.,I enjoy romantic films.,I enjoy romantic films.,I enjoy watching old romantic movies.,I enjoy watching old romantic movies.,I love old actresses.,I love old actresses.,I like Waheeda Rehman a lot.,I like Waheeda Rehman a lot.,She is so graceful.,She is so graceful.,Nargis and Madhubala,Nargis and Madhubala,Nargis and Madhubala,Their classic movie roles.,Their classic movie roles.,Their classic movie roles.,Their powerful performances,Their powerful performances,Their powerful performances,Their emotional range was amazing,Their emotional range was amazing,Their emotional range was amazing,Both were incredible,Both were incredible,Her versatility,Her versatility,Her versatility,Mother India,Mother India,Yes, it's iconic.,Yes, it's iconic.,The story was very relatable,The story was very relatable,The story was very relatable]",,"[You can call me [kiran],I m a housewife,I watch movies mostly.,I enjoy romantic films.,I enjoy watching old romantic movies.,I love old actresses.,I like Waheeda Rehman a lot.,She is so graceful.,Nargis and Madhubala,Their classic movie roles.,Their powerful performances,Their emotional range was amazing,Both were incredible,Her versatility,Mother India,Yes, it's iconic.,The story was very relatable]"
8384610,"[My name is M D Afsar Ali Priya,My name is M D Afsar Ali Priya,Just chilling for now,Just chilling for now,I like listening to music,I like listening to music,Mostly English music.,Mostly English music.,Mostly rock music.,Mostly rock music.,I like Queen.,I like Queen.,I love 'We Will Rock You'.,I love 'We Will Rock You'.,I love 'We Will Rock You'.,Another One Bites the Dust is great.,Another One Bites the Dust is great.,Yes, I love dancing,Yes, I love dancing,Mostly Bollywood songs,Mostly Bollywood songs,Currently listening to 'Kesariya'.,Currently listening to 'Kesariya'.,Yes, I love singing it,Yes, I love singing it,I like Bollywood songs most.,I like Bollywood songs most.,Mostly Hindi, sometimes English,Mostly Hindi, sometimes English,Not really.,Not really.,Maybe a simple one?,Maybe a simple one?,I've heard of it.,I've heard of it.,Yes, let's try!,Yes, let's try!,Okay, I'll try.,Okay, I'll try.,Twinkle, twinkle, little star.,Twinkle, twinkle, little star.,Yes, I'm ready!,Yes, I'm ready!,I'll try to repeat.,I'll try to repeat.,I'll try to repeat.,How I wonder what you are.,How I wonder what you are.,Yes, I can try,Yes, I can try]",,"[My name is M D Afsar Ali Priya,Just chilling for now,I like listening to music,Mostly English music.,Mostly rock music.,I like Queen.,I love 'We Will Rock You'.,Another One Bites the Dust is great.,Yes, I love dancing,Mostly Bollywood songs,Currently listening to 'Kesariya'.,Yes, I love singing it,I like Bollywood songs most.,Mostly Hindi, sometimes English,Not really.,Maybe a simple one?,I've heard of it.,Yes, let's try!,Okay, I'll try.,Twinkle, twinkle, little star.,Yes, I'm ready!,I'll try to repeat.,How I wonder what you are.,Yes, I can try]"
8446505,"[Nomás pejos.,Nomáste.,Un namaste.,Namasté.,Nomás.,धन्यवाद.,धन्यवाद.,धन्यवाद.,You can call me Alex.,You can call me Alex.,Este,,Namaste,Namasté.,Namasté.,धन्यवाद.,धन्यवाद.,धन्यवाद.,धन्यवाद.,Yes, come,Yes.,No.,Please,Ari, sorry.,Please give me,I'm sorry,do you,Name.,Name is,What is your name?,I am from India.,Am from Bangalore.,I'm from,Where are,Yes.,Teacher.,I work,What do you]",,[You can call me Alex.]
8477312,"[Speaking in English Load Kijiyega,Speaking in English Load Kijiyega,You can call me Rahul,You can call me Rahul,You can call me Rahul]",,"[Speaking in English Load Kijiyega,You can call me Rahul]"
8523985,"[My name is siraj,My name is siraj,I am from india,I am from india,Were are you from,Were are you from,Yes I am Indian my state name uttar Pradesh,Yes I am Indian my state name uttar Pradesh,Whate heppen,Whate heppen,No,No,No,Let's talk about food,Let's talk about food,Street food is the best!,Street food is the best!,Tell me more about it.,Tell me more about it.,Tell me more about it.,Is ka kya matlab hua,Is ka kya matlab hua,Is ka kya matlab hua,Aap ke saatn,Aap ke saatn,Kya bol rahe ho,Kya bol rahe ho,Normal,Normal,20 partisat,20 partisat,20 partisat,Price nai pasand,Price nai pasand,Price nai pasand]",,"[My name is siraj,I am from india,Were are you from,Yes I am Indian my state name uttar Pradesh,Whate heppen,No,Let's talk about food,Street food is the best!,Tell me more about it.,Is ka kya matlab hua,Aap ke saatn,Kya bol rahe ho,Normal,20 partisat,Price nai pasand,Aloha,Aloha,Aloha,Where are you from?,Where are you from?,Where are you from?,Es Mumbai.,Es Mumbai.,Es Mumbai.,It's in UI. In life. Mumbai.,It's in UI. In life. Mumbai.,It's in UI. In life. Mumbai.,My favorite place.,My favorite place.,My favorite place.,And सलमान है टामिल,And सलमान है टामिल,And सलमान है टामिल,No.,No.,No.,What you are work,What you are work,What you are work,Speak English. My English is big.,Speak English. My English is big.,Speak English. My English is big.,You are helping me,You are helping me,You are helping me,My hobby my,My hobby my,My hobby my,My hobby is cricket.,My hobby is cricket.,My hobby is cricket.,Something something.,Something something.,Something something.,My favorite team की कोशिशा,My favorite team की कोशिशा,My favorite team की कोशिशा,Akin pokeraba, pokeraba.,Akin pokeraba, pokeraba.,Akin pokeraba, pokeraba.,Ok, bye.,Ok, bye.,Ok, bye.]"
8574939,"[Please suggest for interview,Please suggest for interview,Shrawan Sharma,Shrawan Sharma,Hello?,You,Thank you.,Yes.,No,,Please,,Sorry.,Please give me the pen,I'm sorry.,Name,One.,Zero one.,One.,Slowen,My name is,What is your name?,I'm from,Where are you from?,I work at,What will you do?,Maybe a cold lassi,Maybe a cold lassi,I like salty lassi more,I like salty lassi more,Yes, I make it often,Yes, I make it often,Maybe some momos?,Maybe some momos?,Steamed momos please,Steamed momos please,Yes, they are the best.,Yes, they are the best.,Chicken steamed momos,Chicken steamed momos,Red chutney, please,Red chutney, please,Red chutney, please,I like relaxing at home,I like relaxing at home,I watch movies mostly.,I watch movies mostly.,I like action movies.,I like action movies.,Yes, I saw one yesterday.,It had car chases.,It had car chases.,Yes, I really liked it.,Yes, I really liked it.,You can call me virat,You can call me virat,I am from Delhi,I am from Delhi,Both cities are great.,Both cities are great.,The people are very different,Delhi people are more open,Delhi people are more open,They are more direct,They are more direct,I like being subtle.,I like being subtle.,In making friends,In making friends,In making friends,Not really, I have good friends.,Not really, I have good friends.,Yes, it really does.,Yes, it really does.,They are very supportive,They are very supportive,Yes, they always help me.,Yes, they always help me.,They listen to my problems,They listen to my problems,They listen to my problems,I try to give advice,I try to give advice,I try to give advice,Advice about relationships,Advice about relationships,Advice about relationships,Trust is very important.,Trust is very important.,Trust is very important.,When they are honest with me.,When they are honest with me.,When they are honest with me.,Light,Like.,I make,I like.,I like,Don't like.]",,"[Please suggest for interview,Shrawan Sharma,Today I am at myself in,Today I am at myself in,Today I am at myself in,My interview? So please suggest,My interview? So please suggest,My interview? So please suggest,My name is Rowan.,My name is Rowan.,My name is Rowan.,Sorry?,Sorry?,Sorry?,I'm currently auditor as,I'm currently auditor as,I'm currently auditor as,My main task is, during day I work during day,,My main task is, during day I work during day,,My main task is, during day I work during day,,During my audit, I am I am searching for miss,During my audit, I am I am searching for miss,During my audit, I am I am searching for miss,Process enhance.,Process enhance.,Process enhance.,Like, RBI guidelines in bank sector, banking sector.,Hi, Ria. How are you?,Hi, Ria. How are you?,Hi, Ria. How are you?,I am ready for lunch,I am ready for lunch,I am ready for lunch,Sometimes chicken.,Sometimes chicken.,Sometimes chicken.,Yeah. I like spicy chicken.,Yeah. I like spicy chicken.,Yeah. I like spicy chicken.,Favorite spicy chicken dish is chicken. Made by me.,Favorite spicy chicken dish is chicken. Made by me.,Favorite spicy chicken dish is chicken. Made by me.,Sometime I cook in holiday, Saturday and Sunday.,Sometime I cook in holiday, Saturday and Sunday.,Sometime I cook in holiday, Saturday and Sunday.,I like booster cooking in making chicken and fast food, like Chinese,I like booster cooking in making chicken and fast food, like Chinese,I like booster cooking in making chicken and fast food, like Chinese,Noodles, manchau noodles, haka noodles, sorry.,Noodles, manchau noodles, haka noodles, sorry.,Noodles, manchau noodles, haka noodles, sorry.,Noodles.,Noodles.,Noodles.,Yeah.,Yeah.,Yeah.,Onions, onions, leaves,,Onions, onions, leaves,,Onions, onions, leaves,,Oops.,Oops.,Oops.,Brief improved my English,Brief improved my English,Brief improved my English,Beginning,Beginning,Beginning,It's your choice.,It's your choice.,It's your choice.,Like homemade,Like homemade,Like homemade,My favorite homemade is Sometime I like chicken. And sometime, mama's like,My favorite homemade is Sometime I like chicken. And sometime, mama's like,My favorite homemade is Sometime I like chicken. And sometime, mama's like,This is आलू कोबी सब्ज़ी.,This is आलू कोबी सब्ज़ी.,This is आलू कोबी सब्ज़ी.,I like, potato and soybean mix mix with,I like, potato and soybean mix mix with,I like, potato and soybean mix mix with,I like those. Semi spicy phone.,I like those. Semi spicy phone.,I like those. Semi spicy phone.,My favorite semi spicy dish,My favorite semi spicy dish,My favorite semi spicy dish,Because they,Because they,Because they,Maybe a cold lassi,I like salty lassi more,Yes, I make it often,Maybe some momos?,Steamed momos please,Yes, they are the best.,Chicken steamed momos,Red chutney, please,I like relaxing at home,I watch movies mostly.,I like action movies.,Yes, I saw one yesterday.,It had car chases.,Yes, I really liked it.,You can call me virat,I am from Delhi,Both cities are great.,The people are very different,Delhi people are more open,They are more direct,I like being subtle.,In making friends,Not really, I have good friends.,Yes, it really does.,They are very supportive,Yes, they always help me.,They listen to my problems,I try to give advice,Advice about relationships,Trust is very important.,When they are honest with me.]"
8777046,"[Hello.,Thank you.,Yes.,No,,Please.,Sorry.,Please.,You double.,Please. Que hurmita, please.,Please, cue me the pin.,I'm sorry.,I am study,I know I can,Non,Nel.,Sí.,No.,Même.,Ma'am.,Nem.,My name is,What is your name?,On phone. Just shallow.,I'm foam the shower.,Hay un fan personal. Hay un,I'm from Bachar.,Where are you from?,I was,as,student.,I I work as,What do you do?,Right.,Right.,Like,I like,I like,Don't like,I don't,I don't like,Do you,The number head device,पीछे बहुत हैं जल्दी से.,Do you like?,JL Lee,Really.,I really like,I really,You can call me Rahul.,just dosa aunty,What?,Witch,I watch tv show,Leat leat,Read,I read newspaper,Play,I play hockey.,I like watching,Creating newspaper,I like reading,I like playing.,What do you do in your,I like playing,on holidays.,Sometime.,I,sometimes I,I enjoy never and,Morning.,In the Monthly,In the morning.,Reuniu.,Reunning.,Evening,In the evening,Night,At night,Wake up,Find the morning.,I wake up in the,Eight,Eight.,Eight,eight,eight eight,Eight,Pet,eight,I ate breakfast,Go,I go to college,Sleep,At night.,What time do,Time do you pick up,Sleep,time do you]",,[You can call me Rahul.]
8620341,"[Hello?,Thank,Yes.,No,Please.,क्या आप मेरी practice करवा सकते हैं अच्छे से?,क्या आप मेरी practice करवा सकते हैं अच्छे से?,मुझे अपना interview निकालने के लिए लिए,मुझे अपना interview निकालने के लिए लिए]",,"[Hello?,Hello?,Hello?,I am Yes. I,I am Yes. I,I am Yes. I,Can you practice interview?,Can you practice interview?,Can you practice interview?,Teacher,Teacher,Teacher,Like teaching because it's it's my best,Like teaching because it's it's my best,Like teaching because it's it's my best,Sí,,Sí,,Sí,,Help me? Into my English?,Help me? Into my English?,Help me? Into my English?,Interview Passing interview.,Interview Passing interview.,Interview Passing interview.,Teacher.,Teacher.,Teacher.,Yes. Yes. I'm ready.,Yes. Yes. I'm ready.,Yes. Yes. I'm ready.,I am I have the art teacher. And,I am I have the art teacher. And,I am I have the art teacher. And,मैं कुछ समझ नहीं पा रही हूं. Please मुझे अच्छे से interview के लिए तैयार कर दो.,मैं कुछ समझ नहीं पा रही हूं. Please मुझे अच्छे से interview के लिए तैयार कर दो.,मैं कुछ समझ नहीं पा रही हूं. Please मुझे अच्छे से interview के लिए तैयार कर दो.,English and all,English and all,English and all,Dancing anything? I'm,Dancing anything? I'm,Dancing anything? I'm,मैं क्या बोलूँ मुझे समझो नहीं आ रहा,मैं क्या बोलूँ मुझे समझो नहीं आ रहा,मैं क्या बोलूँ मुझे समझो नहीं आ रहा,My name is Sonali,My name is Sonali,My name is Sonali,Hello dear hi too.,Hello dear hi too.,Hello dear hi too.,My favorite probably dancing and singing.,My favorite probably dancing and singing.,My favorite probably dancing and singing.,Is the,Is the,Is the,Hollywood.,Hollywood.,Hollywood.,Sorry, रिया.,Sorry, रिया.,Sorry, रिया.,Hello? Hello?,Hello? Hello?,Hello? Hello?,And,And,And,Yes. Yes. Yes. Yes.,Yes. Yes. Yes. Yes.,Yes. Yes. Yes. Yes.,No. No. No, no,,No. No. No, no,,No. No. No, no,,Sí. Sí.,Sí. Sí.,Sí. Sí.,क्या आप मेरी practice करवा सकते हैं अच्छे से?,मुझे अपना interview निकालने के लिए लिए]"
8386119,"[HRITURAJ,HRITURAJ,Raigarh chhattigarh,Raigarh chhattigarh,Yes. Yes. You'll call me.,Yes. Yes. You'll call me.,Speak english,Speak english,In benging,In benging,Ha,Ha,What is hobby,What is hobby,Its seems to great,Its seems to great,I like watching movies.,I like watching movies.,Action and horrow movie,Action and horrow movie,Allu arjun,Allu arjun,Allu arjun,Pushpa2,Pushpa2,Subbugling red cantan,Subbugling red cantan,Action and emotional,Action and emotional,Action and emotional,The interval scene was epic.,The interval scene was epic.,The interval scene was epic.,Pushpa is fire,Pushpa is fire,Pushpa is fire,Its acting and basically southmovie,Its acting and basically southmovie,The fights were amazing.,The fights were amazing.,The fights were amazing.,Yes, the one in the forest!,Yes, the one in the forest!,Allu Arjun's performance.,Allu Arjun's performance.,Allu Arjun's performance.,Son of surthmurty,Son of surthmurty,Son of surthmurty,His acting was great.,His acting was great.,His acting was great.,I like Vijay Deverakonda too.,I like Vijay Deverakonda too.,I like Vijay Deverakonda too.,He is very natural.,He is very natural.,I love his dialogues.,I love his dialogues.,I love his dialogues.,The Geetha Govindam ones!,The Geetha Govindam ones!,The Geetha Govindam ones!,Actually, I don't remember much.,Actually, I don't remember much.,Actually, I don't remember much.,Not really, it's been a while.,Not really, it's been a while.,Okay, maybe next week.,Okay, maybe next week.,Okay, maybe next week.,Not much, just relaxing.,Not much, just relaxing.,Listened to music.,Listened to music.,Romantic and sad song,Romantic and sad song,Yes, I love Arijit Singh.,Yes, I love Arijit Singh.,Main Phir Bhi Tumko Chahunga,Main Phir Bhi Tumko Chahunga,Main Phir Bhi Tumko Chahunga,Sometimes alone, sometimes with friends.,Sometimes alone, sometimes with friends.,It depends on the song.,It depends on the song.,It depends on the song.,Hello?,Thank you,Tavotti.,Cup of tea.,Hello.,Drink,A cup of tea?,No.,Peace.,Please,,Sorry,,Give me the pen,A star each.,I am sorry.,Hi,Hi,HRITURAJ MITRA,HRITURAJ MITRA,I'm hungry,I'm hungry,Indian,Indian,Indian,Dosa sounds great!,Dosa sounds great!,Masala dosa, please.,Masala dosa, please.,Sambar and chutney, yes please.,Sambar and chutney, yes please.,What is vada?,What is vada?,Yes, I love vada!,Yes, I love vada!,Sounds good to me.,Sounds good to me.,Maybe some filter coffee.,Maybe some filter coffee.,No, that's all.,No, that's all.,No, I've eaten here before.,No, I've eaten here before.,No, I've eaten here before.,The idli is great,The idli is great,The idli is great,I like it with extra chutney.,I like it with extra chutney.,Sweet chutney is my favorite.,Sweet chutney is my favorite.,Maybe some vada?,Maybe some vada?]",,"[Trying to tell me on learning the Actually,,Trying to tell me on learning the Actually,,Trying to tell me on learning the Actually,,Er phone and travel,Er phone and travel,Er phone and travel,Doubling and singing. Singing.,Doubling and singing. Singing.,Doubling and singing. Singing.,Hello?,Hello?,Hello?,And three times Sí.,And three times Sí.,And three times Sí.,Free time is phones,Free time is phones,Free time is phones,Alright,Alright,Alright,HRITURAJ,Raigarh chhattigarh,Yes. Yes. You'll call me.,Speak english,In benging,Ha,What is hobby,Its seems to great,I like watching movies.,Action and horrow movie,Allu arjun,Pushpa2,Subbugling red cantan,Action and emotional,The interval scene was epic.,Pushpa is fire,Its acting and basically southmovie,The fights were amazing.,Yes, the one in the forest!,Allu Arjun's performance.,Son of surthmurty,His acting was great.,I like Vijay Deverakonda too.,He is very natural.,I love his dialogues.,The Geetha Govindam ones!,Actually, I don't remember much.,Not really, it's been a while.,Okay, maybe next week.,Not much, just relaxing.,Listened to music.,Romantic and sad song,Yes, I love Arijit Singh.,Main Phir Bhi Tumko Chahunga,Sometimes alone, sometimes with friends.,It depends on the song.,Hi,HRITURAJ MITRA,I'm hungry,Indian,Dosa sounds great!,Masala dosa, please.,Sambar and chutney, yes please.,What is vada?,Yes, I love vada!,Sounds good to me.,Maybe some filter coffee.,No, that's all.,No, I've eaten here before.,The idli is great,I like it with extra chutney.,Sweet chutney is my favorite.,Maybe some vada?,Let's get start.,Let's get start.,Let's get start.,I talk about job. Jobs.,I talk about job. Jobs.,I talk about job. Jobs.,Pourquoi on a what's on paper,Pourquoi on a what's on paper,Pourquoi on a what's on paper,I'm ready to contest sessions.,I'm ready to contest sessions.,I'm ready to contest sessions.,I would like to discuss, my upload jobs Jobs. India jobs.,I would like to discuss, my upload jobs Jobs. India jobs.,I would like to discuss, my upload jobs Jobs. India jobs.,Out of India. Out of India.,Out of India. Out of India.,Out of India. Out of India.,Middle land, Singapore. Denmark, and Dubai. And and also Abu Dhabi.,Middle land, Singapore. Denmark, and Dubai. And and also Abu Dhabi.,Middle land, Singapore. Denmark, and Dubai. And and also Abu Dhabi.,Most are it just in,Most are it just in,Most are it just in,In a in a hospital as a housekeeping manager and safety officer.,In a in a hospital as a housekeeping manager and safety officer.,In a in a hospital as a housekeeping manager and safety officer.,Hotskipping department as a manager.,Hotskipping department as a manager.,Hotskipping department as a manager.,Housekeeping manager in hospital line.,Housekeeping manager in hospital line.,Housekeeping manager in hospital line.,I'm ending proper loves about the software stuff and and,I'm ending proper loves about the software stuff and and,I'm ending proper loves about the software stuff and and,Ich ja.,Ich ja.,Ich ja.,I practice in English.,I practice in English.,I practice in English.,Maintain the grooming properly and washing properly in every different stuff.,Maintain the grooming properly and washing properly in every different stuff.,Maintain the grooming properly and washing properly in every different stuff.,Those are touching the people Those are maintaining the,Those are touching the people Those are maintaining the,Those are touching the people Those are maintaining the,Delhi. And washing and,Delhi. And washing and,Delhi. And washing and,For hand watching. Step seven step of,For hand watching. Step seven step of,For hand watching. Step seven step of,Seven step.,Seven step.,Seven step.,What's,What's,What's,La,La,La,No.,No.,No.,Yeah? Yeah.,Yeah? Yeah.,Yeah? Yeah.,Sí.,Sí.]"
8679351,"[No how are,Este puesito es muqueado por n.,No. Thank you.,Alrighty.,How are you? Very nice.,Like the, like continue, up way to,Left or right?,Thank you.,Yes,No.,Please,Sorry.,That's blue curly.,Please, कहना है मैं TP,Palm de draining,Spanish.,I'm sorry.,Leave. Leave.,Name,My name la,What you,Two large two,How are you? How are you?,What you feel,I'm Prakash Harut,Palm I mean palm baruch,I'm from,कहां से हो?,You ready air,our new,I want job nursing,Hi. One is,S.,I want,I want,one,Quatro doze,what do do you,I'm in breakfast,How are you?,How are you?,On English आता नीचे सिखाओ कैसे?,On English आता नीचे सिखाओ कैसे?,Yes.,No English award tea. मुझे English सीखाओ हिंदी की तरह. हिंदी की तरह सीखाऊं English.,No English award tea. मुझे English सीखाओ हिंदी की तरह. हिंदी की तरह सीखाऊं English.,No English award tea. मुझे English सीखाओ हिंदी की तरह. हिंदी की तरह सीखाऊं English.,All the vodka nice Or or or the water you like to light light no and not name ward.,All the vodka nice Or or or the water you like to light light no and not name ward.,क्या आपके ward बहुत बड़े है मुझे समझ में नहीं आ रहा है.,क्या आपके ward बहुत बड़े है मुझे समझ में नहीं आ रहा है.,क्या आपके ward बहुत बड़े है मुझे समझ में नहीं आ रहा है.,मुझे English धीरे धीरे सीखाओ. दो दो अक्सर तरीके मैं करता हूं.,मुझे English धीरे धीरे सीखाओ. दो दो अक्सर तरीके मैं करता हूं.,मुझे English धीरे धीरे सीखाओ. दो दो अक्सर तरीके मैं करता हूं.,Like,I like,Job,I like,Don't Like,I don't,I don't like,Do you like,Me get,Do you like,Really,I really like,I I like the music.,I like,I really like,One.,You watch.,Want to move it,I want to what,I want,I want,I watch,Read,I did,nursing,I read nursing.,Sí.,Play.,I,been,Hi, play.,I'm watching,I like watching.,I like reading,In light,break,wicket?,I like three,I like,French,I like,What are your mealtime,What do you draw,I truly believe I am?,Bartonio,duo hi,I don't know you,Wardrobe,you,what do you,I like no,do holiday,I like on the,Like, on,holiday money.,Like not holiday,Sometimes.,Sometime,I like,Some eye... Sometimes eye,like book.,Sometimes I]",,"[I'm in breakfast,How are you?,On English आता नीचे सिखाओ कैसे?,Yes.,No English award tea. मुझे English सीखाओ हिंदी की तरह. हिंदी की तरह सीखाऊं English.,My name, From,My name, From,My name, From,Not english,Not english,Not english,आप सीखाओगे हमको.,आप सीखाओगे हमको.,आप सीखाओगे हमको.,क्या बोले आप मुझे समझ में ना पड़ा है. चलो बेटा चलो तालिए तो,क्या बोले आप मुझे समझ में ना पड़ा है. चलो बेटा चलो तालिए तो,क्या बोले आप मुझे समझ में ना पड़ा है. चलो बेटा चलो तालिए तो,दिखिया, आप lunch day कर रहे हो.,दिखिया, आप lunch day कर रहे हो.,दिखिया, आप lunch day कर रहे हो.,One is yeah I mean takat or,One is yeah I mean takat or,One is yeah I mean takat or,Harvari,Harvari,Harvari,Goodbye.,Goodbye.,Goodbye.,Hello?,Hello?,Hello?,How are you there? I'm in Prakash.,How are you there? I'm in Prakash.,How are you there? I'm in Prakash.,Where is to प्रकाश यानी बरुच,Where is to प्रकाश यानी बरुच,Where is to प्रकाश यानी बरुच,A nursing job,A nursing job,A nursing job,Job करता हूं one English not hour की. क्या आप help करोगे,Job करता हूं one English not hour की. क्या आप help करोगे,Job करता हूं one English not hour की. क्या आप help करोगे,It called lapcomer club,It called lapcomer club,It called lapcomer club,English में आप को वो english में वो क्या बोलते आपने कहा,English में आप को वो english में वो क्या बोलते आपने कहा,English में आप को वो english में वो क्या बोलते आपने कहा,मां आज कौन सी date हुई उसका मतलब क्या?,मां आज कौन सी date हुई उसका मतलब क्या?,मां आज कौन सी date हुई उसका मतलब क्या?,Dime si tengo a esta no vale todo,Dime si tengo a esta no vale todo,Dime si tengo a esta no vale todo,How are you,How are you,How are you,Thank you.,Thank you.,Thank you.,जितना word पुछा जाता है जो writing में पूछते हैं हमको flavor fried या october,जितना word पुछा जाता है जो writing में पूछते हैं हमको flavor fried या october,जितना word पुछा जाता है जो writing में पूछते हैं हमको flavor fried या october,A b c a b c,A b c a b c,A b c a b c,I'm doing,I'm doing,I'm doing,What do you want to try there?,What do you want to try there?,What do you want to try there?,घर में नहीं घटने दी. Spelling of day you.,घर में नहीं घटने दी. Spelling of day you.,घर में नहीं घटने दी. Spelling of day you.,थोड़ा थोड़ा,थोड़ा थोड़ा,थोड़ा थोड़ा,Solución,Solución,Solución,Cow. English, what? She,Cow. English, what? She,Cow. English, what? She,All the vodka nice Or or or the water you like to light light no and not name ward.,क्या आपके ward बहुत बड़े है मुझे समझ में नहीं आ रहा है.,मुझे English धीरे धीरे सीखाओ. दो दो अक्सर तरीके मैं करता हूं.]"
8445073,"[Hello.,Thank you,Yes.,Hello?,Hello?,No.,Please.,Sorry.,Please give,I'm sorry.,wolver do you stay I live at home,han hello,Una.,Nem.,¿Aló? Boludo,Name?,My name is Valerie,What?,What is your name? अरे यहां से नहीं ना press कर,Yes,Ok,Ok,My name is vaibhawi  Srivastav,My name is vaibhawi  Srivastav,Bihar [Siwan],Bihar [Siwan],I miss Litti Chokha.,I miss Litti Chokha.,I want to speak English. With you,Yes, you call me.,My name is Erचना. And I want to speak to you.,I am from Simon.,I am from Simon.,From Bihar, Bihar.,From Bihar, Bihar.,I am a teacher.,I am a teacher.,I teach English.,I teach English.,I cannot stick fluently.,I cannot stick fluently.,I cannot stick fluently.,I cannot speak fluently.,I cannot speak fluently.,I cannot speak fluently.,I find speaking challenging.,I find speaking challenging.,I find speaking challenging.,I want to speak fluently.,I want to speak fluently.,I want to speak fluently.,Yes. I talked to today.,Yes. I talked to today.,I want to speak with you.,I want to speak with you.,Yes you call me,Yes you call me,You called me to talk English. With me.,You called me to talk English. With me.]",,"[Yes,Ok,My name is vaibhawi  Srivastav,Bihar [Siwan],I miss Litti Chokha.,Hello. My,Hello. My,Hello. My,हिंदी में बात कीजिए.,हिंदी में बात कीजिए.,हिंदी में बात कीजिए.,What is your name?,What is your name?,What is your name?,नहीं दिख रहा है अपना face दिखाइएगा.,नहीं दिख रहा है अपना face दिखाइएगा.,नहीं दिख रहा है अपना face दिखाइएगा.,अगर मेरे को बजाय मैं English कैसे बोलना सीख सकती हूं?,अगर मेरे को बजाय मैं English कैसे बोलना सीख सकती हूं?,अगर मेरे को बजाय मैं English कैसे बोलना सीख सकती हूं?,My favorite food is a panic chunli.,My favorite food is a panic chunli.,My favorite food is a panic chunli.,Coke. पनीर टिक्का नहीं,,Coke. पनीर टिक्का नहीं,,Coke. पनीर टिक्का नहीं,,मेरे को नेपाली भाषा सीखना है.,मेरे को नेपाली भाषा सीखना है.,मेरे को नेपाली भाषा सीखना है.,Adolfo.,Adolfo.,Adolfo.,I want to speak English. With you,Yes, you call me.,My name is Erचना. And I want to speak to you.,I am from Simon.,From Bihar, Bihar.,I am a teacher.,I teach English.,I cannot stick fluently.,I cannot speak fluently.,I find speaking challenging.,I want to speak fluently.,Yes. I talked to today.,I want to speak with you.,Yes you call me,You called me to talk English. With me.]"
8773716,"[No,I am Deepak,I am Deepak,Yes I am student,Deled,Deled,Teacher training,Teacher training,Yes,Yes,Yes,English teacher,English teacher,English teacher,Mujhe English bolne ka practice nhi hai,Mujhe English bolne ka practice nhi hai,Mujhe English bolne ka practice nhi hai,I learn speak english,I learn speak english,I learn speak english,Senior student,Senior student,Senior student enjoy studying,Senior student enjoy studying,Yed,Yed,You will teach me to speak English,You will teach me to speak English,You will teach me to speak English,Kis tarah ki English mujhe sikhaiyega,Kis tarah ki English mujhe sikhaiyega,Kis tarah ki English mujhe sikhaiyega,I don't know,I don't know,I don't know,Ok,Ok,My name is Deepak,My name is Deepak,My name is Deepak,Yes,Yes,Both,Both,I I am currently studying,I I am currently studying,English,English,I like speak english,I like speak english,I like speak english,Something is easy and something is hard,Something is easy and something is hard,Mai english to bol leta hu par mujhe kis samay kaise bole,Mai english to bol leta hu par mujhe kis samay kaise bole,Mai english to bol leta hu par mujhe kis samay kaise bole,Yes,School me bole Jane vale english sikhaite,School me bole Jane vale english sikhaite,School me bole Jane vale english sikhaite,I teach english,I teach english,I am principal in our school,I am principal in our school,I am principal in our school,Ok bye,Ok bye,Mujhe aap english to sekha nhi rhi hai bas sawal kar rhi hai,Mujhe aap english to sekha nhi rhi hai bas sawal kar rhi hai,Mujhe aap english to sekha nhi rhi hai bas sawal kar rhi hai]",,"[No,I am Deepak,Yes I am student,Deled,Teacher training,Yes,English teacher,Mujhe English bolne ka practice nhi hai,I learn speak english,Senior student,Senior student enjoy studying,Yed,You will teach me to speak English,Kis tarah ki English mujhe sikhaiyega,I don't know,Ok,My name is Deepak,Yes,Both,I I am currently studying,English,I like speak english,Something is easy and something is hard,Mai english to bol leta hu par mujhe kis samay kaise bole,Yes,School me bole Jane vale english sikhaite,I teach english,I am principal in our school,Ok bye,Mujhe aap english to sekha nhi rhi hai bas sawal kar rhi hai]"
8515644,"[Hello,,Thank,Yes.,No.,Please,Sorry.,Give me the pen.,I am sorry.,I am study in doctor,Ma'am,Memo,Não.,Mafi.,Moin name is Sahlawaz.,My name is,Изюмная.,What is your name?,Yopi,I am from,Where are you from?,I work as,What do you do,Im shahnavahj,Im shahnavahj,Uttar Pradesh,Uttar Pradesh,Good,Good,Yes,Yes,Im liking the population cultures,Im liking the population cultures,Love,Love,I love the festivals,I love the festivals,I love the festivals,ईद my फेवरेट,ईद my फेवरेट,ईद my फेवरेट,I love seeing family.,I love seeing family.,I love seeing family.,Yes, biryani!,Yes, biryani!,Yes, biryani!,मुझे इतना फास्ट इंग्लिश नहीं आती,मुझे इतना फास्ट इंग्लिश नहीं आती,मुझे इतना फास्ट इंग्लिश नहीं आती,Yes, simple questions please,My name is shahnavahj,My name is shahnavahj,I am from Up,I am from Up,Im from sambhal,Im from sambhal,I am a doctor,I am a doctor,I work in a hospital.,I work in a hospital.,Im work in genral फिजिशियन,Im work in genral फिजिशियन,Im work in genral फिजिशियन,Yes, I love helping people.,Yes, I love helping people.,Seeing patients recover.,Seeing patients recover.,Seeing patients recover.,It's very busy.,It's very busy.,A little better, thanks.,A little better, thanks.,I want to rest,I want to rest,I want to rest,Like,,I like,I like,Don't Like,I don't,Black tea.,I don't like,Do you like,Do you like rain?,Really?,I really like,I really like,just too aunty,Watch,I watch books,Neat.,Read.,I reads newspaper,I read news,Chile.,Pilier,Pilez,Il est,Pipe Play,I like watching the,I like reading news.,I like playing the cricket,You can call me riya,You can call me riya,I am from Delhi.,I am from Delhi.,I am a student.,I'm studying dr,I'm studying dr,It's my dream.,It's my dream.,I love helping people.,I love helping people.]",,"[Im shahnavahj,Uttar Pradesh,Good,Yes,Im liking the population cultures,Love,I love the festivals,ईद my फेवरेट,I love seeing family.,Yes, biryani!,मुझे इतना फास्ट इंग्लिश नहीं आती,Yes, simple questions please,My name is shahnavahj,I am from Up,Im from sambhal,I am a doctor,I work in a hospital.,Im work in genral फिजिशियन,Yes, I love helping people.,Seeing patients recover.,It's very busy.,I want to rest,You can call me riya,I am from Delhi.,I am a student.,I'm studying dr,It's my dream.,I love helping people.]"
8653160,"[My name is [Ashish],My name is [Ashish],I am in Gorakhpur,I am in Gorakhpur,I work there,I work there,I am hr,I am hr,I like solving problems.,I like solving problems.,I like solving problems.,Mostly employee issues.,Mostly employee issues.,Conflicts between company and employees.,Conflicts between company and employees.,I try to listen to both sides.,I try to listen to both sides.,I look for a compromise.,I look for a compromise.,Yes,Yes,Employee is resgin due to best opportunity how to stop in company,Employee is resgin due to best opportunity how to stop in company,Employee is resgin due to best opportunity how to stop in company,His job is nearest district and 25% salary is increased,His job is nearest district and 25% salary is increased,His job is nearest district and 25% salary is increased,I am ashish,I am ashish,I want to order breakfast,I want to order breakfast,O'Hai de Glub. Du du du du du,O'Hai de Glub. Du du du du du,O'Hai de Glub. Du du du du du,I want poha,I want poha,Coffee,Coffee,Coffee,100 to much,100 to much,This time LPG gas problem,So food priprastin is costly,So food priprastin is costly,You can call  me,I am from a small town.,I am from a small town.,Greenery,Greenery,I,am ashish i talk with you,I,am ashish i talk with you,I am joining from maharastra,I am joining from maharastra,I am in Nanded site,I am in Nanded site,Thair are very bad culture this area,Thair are very bad culture this area,Thair people is not to good other state people,Thair people is not to good other state people]",,"[My name is [Ashish],I am in Gorakhpur,I work there,I am hr,I like solving problems.,Mostly employee issues.,Conflicts between company and employees.,I try to listen to both sides.,I look for a compromise.,Yes,Employee is resgin due to best opportunity how to stop in company,His job is nearest district and 25% salary is increased,¿Hola?,¿Hola?,¿Hola?,Slow y masses, mandes.,Slow y masses, mandes.,Slow y masses, mandes.,I am ashish,I want to order breakfast,O'Hai de Glub. Du du du du du,I want poha,Coffee,100 to much,This time LPG gas problem,So food priprastin is costly,You can call  me,I am from a small town.,Greenery,I,am ashish i talk with you,I am joining from maharastra,I am in Nanded site,Thair are very bad culture this area,Thair people is not to good other state people]"
2479134,"[Hello,,Thank You,Yes.,No.,Hello?,Thank you.,Yes,Но,No.,Please,Sorry.,Please give me,I'm sorry,पता नहीं चला जाता है फिर भारती है नहीं नहीं,Name,My name is,What is your,मैं तो सुवाया हूं सुवाया हूं सुवाया,I'm from the Mini House in,जी और आज भी तो.,Where are you from?,I got a student,I walk as a student,अभी इतना लोगों के? नहीं नहीं नहीं,Hi work at,Oh, I What?,Do you do? नहीं नहीं कहीं भी what,I am student I am a student,Like,I like,I like,Don't lie,I don't like.,I don't like,Do you,You like,Really,I really like,I really like,Watch,Watch,My name is Lakhwinder,My name is Lakhwinder,I am a student here.,I am a student here.,I'm studying computer science.,I'm studying computer science.,Yes, I love it.,Yes, I love it.,Problem-solving is fun,Problem-solving is fun,Logical puzzles are best,Logical puzzles are best,Yes, they really do.,Yes, they really do.,Data structures are interesting.,Data structures are interesting.,Data structures are interesting.,Learning different types,Learning different types,Learning different types,Ranch.,Lakhwinder,Lakhwinder,I am from a small village.,I am from a small village.,Watch,I watch movies,Eight,Read.,Païvits,story.,I read story.,Play,I play Ludo.,I like watching,I like Ready,開 来,playing,football.,I like,playing football.,I like playing foot,What do you,do?,Your free time?,What Do,you do in free time,I like on holidays.,हां? बंद जमा है जा रहा है. हां?,Si.,Six]",,"[My name is Lakhwinder,I am a student here.,I'm studying computer science.,Yes, I love it.,Problem-solving is fun,Logical puzzles are best,Yes, they really do.,Data structures are interesting.,Learning different types,Lakhwinder,I am from a small village.]"
8401690,"[My name is Mahendra,My name is Mahendra,Pune,Pune]",,"[Hello.,Hello.,Hello.,Hello? कितनी साल के लिए?,Hello? कितनी साल के लिए?,Hello? कितनी साल के लिए?,Hi. I'm Mahindra Patin.,Hi. I'm Mahindra Patin.,Hi. I'm Mahindra Patin.,English.,English.,English.,A subject like politician,,A subject like politician,,A subject like politician,,I read the,I read the,I read the,Noelle and two thirds.,Noelle and two thirds.,Noelle and two thirds.,As a newspaper articles.,As a newspaper articles.,As a newspaper articles.,नरेंद्र मोदी जी.,नरेंद्र मोदी जी.,नरेंद्र मोदी जी.,Is a yeah. Speech in Lok Sabah and Rajasabah,Is a yeah. Speech in Lok Sabah and Rajasabah,Is a yeah. Speech in Lok Sabah and Rajasabah,Hello?,Hello?,Hello?,My articles in,My articles in,My articles in,इसको topic देना पड़ेगा यार तभी मेरे साथ करेगी ऐसा बात नहीं करेगी,इसको topic देना पड़ेगा यार तभी मेरे साथ करेगी ऐसा बात नहीं करेगी,इसको topic देना पड़ेगा यार तभी मेरे साथ करेगी ऐसा बात नहीं करेगी,Anything you like.,Anything you like.,Anything you like.,Who like the,Who like the,Who like the,Bringgel लड़का.,Bringgel लड़का.,Bringgel लड़का.,Yeah.,Yeah.,Yeah.,Latest movie to do the great movie,Latest movie to do the great movie,Latest movie to do the great movie,So did my action on comedy?,So did my action on comedy?,So did my action on comedy?,Hello.,Hello.,Hello.,My name is Mahendra,Pune]"
8775540,"[Hi,My name is Aditya,My name is Aditya,I am originally from kanpur,I am originally from kanpur,I am a Learner,I am a Learner,Hello.,Thank you.,Yes.,No.,Please,Sorry.,Please give me,I'm sorry.]",,"[Hi,My name is Aditya,I am originally from kanpur,I am a Learner]"
8585554,"[I am vaishali,I am vaishali,I'm from Gujarat,I'm from Gujarat,No,,No,,I'm not living bengluru right now living in himatnagar,I'm not living bengluru right now living in himatnagar,I'm not living bengluru right now living in himatnagar,I'm house wife,I'm house wife,I read books.,I read books.,I like reborn stories and revenge,I like reborn stories and revenge,I like reborn stories and revenge,I like both my favourite author sanjana kirodiwal,I like both my favourite author sanjana kirodiwal,I like both my favourite author sanjana kirodiwal,Emotions and love,Emotions and love,Emotions and love,My favourite is kitni mohabbat hai,My favourite is kitni mohabbat hai,My favourite caracter is meera n akshit they're chamestry is osam,My favourite caracter is meera n akshit they're chamestry is osam]",,"[I am vaishali,I'm from Gujarat,No,,I'm not living bengluru right now living in himatnagar,I'm house wife,I read books.,I like reborn stories and revenge,I like both my favourite author sanjana kirodiwal,Emotions and love,My favourite is kitni mohabbat hai,My favourite caracter is meera n akshit they're chamestry is osam]"
8419423,"[You can call me...,You can call me...]",,[You can call me...]
8426695,"[Yes, you call me. My name is Mohni.,Yes, you call me. My name is Mohni.,I'm from a small town.,I'm from a small town.,My name is Mohini Gupta.,My name is Mohini Gupta.,I'm from Gazipur UP.,I'm from Gazipur UP.,I am a student.,I'm studying English.,I'm studying English.,I'm studying English.,I want to speak English frequently.,I want to speak English frequently.,First of all, introduce myself. How can,First of all, introduce myself. How can,Singing English songs,Singing English songs,Singing English songs,Maybe nursery rhymes?,Maybe nursery rhymes?,Maybe nursery rhymes?,Twinkle Twinkle Little Star,Twinkle Twinkle Little Star,Twinkle Twinkle Little Star,Yes, like Baa Baa Black Sheep,Yes, like Baa Baa Black Sheep,Yes, like Baa Baa Black Sheep,Humpty Dumpty,Humpty Dumpty,Humpty Dumpty,No, I remember the whole rhyme.,No, I remember the whole rhyme.,No, I remember the whole rhyme.,I want to try reciting it for me for you.,I want to try reciting it for me for you.,I want to try reciting it for me for you.,Home.,I'm on.,I'm home.,How was your day?,My day was good.,My day was tiring.,I'm hungry,What's for dinner?,Mom I need,Can I go to my friend's,Can we go out tonight?,Can I have some,Can you help me,Papa, please,I love you papa.,Matter,Mother,Father,This is my,This is my father.,Brother.,कई स्वर्णिकरण sister.,He is my,She is my,I have one,I have two sisters.,Mother.,Father,Is my mother,This is my father.,Brother,Sister,,He is my,She is my,I have one,Insisters,,I have two,Siblings,Do you have c,How many people are in your,Borro,Can I borrow your clothes?,Give it back,Let's watch something to,Let's watch a movie tonight.,What do you want,Help me with,I need your,Vacation,I'm on vacation.,Tribe,Trip.,We're going on a family trip.,When are we going?,Are going by,I'm so excited,What should I pack?,I will pack my clothes.,How many days are,sure this chance fun,what else,iska kam 5]",,"[Yes, you call me. My name is Mohni.,I'm from a small town.,Hello.,Hello.,Hello.,School work,School work,School work,I don't know speaking instrumently.,I don't know speaking instrumently.,I don't know speaking instrumently.,Introduce myself,Introduce myself,Introduce myself,My name is Mohini.,My name is Mohini.,My name is Mohini.,You be at your,You be at your,You be at your,I am from UP.,I am from UP.,I am from UP.,I am गाजीपुर. From UP.,I am गाजीपुर. From UP.,I am गाजीपुर. From UP.,My favorite place is Lord Karnavudis in Dadipur.,My favorite place is Lord Karnavudis in Dadipur.,My favorite place is Lord Karnavudis in Dadipur.,Kenil. Learn now? First of all, introduce in the,Kenil. Learn now? First of all, introduce in the,Kenil. Learn now? First of all, introduce in the,Can you use can you learn to speak English fluently? Me.,Can you use can you learn to speak English fluently? Me.,Can you use can you learn to speak English fluently? Me.,Ok, sí.,Ok, sí.,Ok, sí.,Ya vamos, school में किसी से मिलते हैं तो उससे क्या बात करें?,Ya vamos, school में किसी से मिलते हैं तो उससे क्या बात करें?,Ya vamos, school में किसी से मिलते हैं तो उससे क्या बात करें?,Yes. What is your name?,Yes. What is your name?,Yes. What is your name?,Where are you from?,Where are you from?,Where are you from?,I can talk about in,I can talk about in,I can talk about in,India is very visited in located places, like that आज में है,India is very visited in located places, like that आज में है,India is very visited in located places, like that आज में है,No. Thank you. No. Same to you.,No. Thank you. No. Same to you.,No. Thank you. No. Same to you.,My name is Mohini Gupta.,I'm from Gazipur UP.,I am a student.,I'm studying English.,I want to speak English frequently.,First of all, introduce myself. How can,Singing English songs,Maybe nursery rhymes?,Twinkle Twinkle Little Star,Yes, like Baa Baa Black Sheep,Humpty Dumpty,No, I remember the whole rhyme.,I want to try reciting it for me for you.]"
7670822,"[My name is [Name],Did you breakfast,Did you breakfast,No, not yet.,No, not yet.,I like idli.,I like idli.,With sambar, of course!,With sambar, of course!,I love Ramu idli center.,I love Ramu idli center.,I love pani puri.,I love pani puri.,The crunchy puri itself!,The crunchy puri itself!,Yes, it's fun!,Yes, it's fun!,Chaat is my favorite.,Chaat is my favorite.,Allu samosa is my favourite,Allu samosa is my favourite,Allu samosa is my favourite,The spices are great.,The spices are great.,My name is shoyeb akhtar,My name is shoyeb akhtar,I am from ranchi,I am from ranchi,I am a student of commerce,I am a student of commerce,I am studying accounting.,I am studying accounting.,Yes, it's very tough.,Yes, it's very tough.,Yes, it's very tough.]",,"[My name is [Name],Did you breakfast,No, not yet.,I like idli.,With sambar, of course!,I love Ramu idli center.,I love pani puri.,The crunchy puri itself!,Yes, it's fun!,Chaat is my favorite.,Allu samosa is my favourite,The spices are great.,My name is shoyeb akhtar,I am from ranchi,I am a student of commerce,I am studying accounting.,Yes, it's very tough.]"
5999680,"[Hllo,Ludhiana Punjab,Ludhiana Punjab,Muje english bolni nhi ati na hi samaj pati hu,Muje english bolni nhi ati na hi samaj pati hu,Muje english bolni nhi ati na hi samaj pati hu,I understand a little,I understand a little,I understand a little,Teaching line job apply krni hai,Teaching line job apply krni hai,Teaching line job apply krni hai,Yes, please!,Yes, please!,I am Gurpreet kaur from ludhiana punjab,I am Gurpreet kaur from ludhiana punjab,I am Gurpreet kaur from ludhiana punjab,I am qualified B.sc(IT) in lovely professional University throw distance education,I am qualified B.sc(IT) in lovely professional University throw distance education,I am qualified B.sc(IT) in lovely professional University throw distance education,I love helping students learn.,I love helping students learn.,I love helping students learn.,Computer and maths,Computer and maths,I love languages.,I love languages.,Yes, I speak Punjabi too.,Yes, I speak Punjabi too.,Yes, it is very helpful.,Yes, it is very helpful.,Punjabi,Punjabi,Yes, it's much easier.,Yes, it's much easier.,Yes, it's much easier.,English boln nl bnde da self confidence improve hunda,English boln nl bnde da self confidence improve hunda,English boln nl bnde da self confidence improve hunda,It helps in getting jobs.,It helps in getting jobs.,Yes, many companies require it.,Yes, many companies require it.,Yes, many companies require it.,Govt job lyi,Govt job lyi,Teaching ya political career,Teaching ya political career,Teaching ya political career,Teaching,Teaching,Teaching,Computer,Computer,Computer,School kids,School kids,High school students,High school students,High school students,Problem-solving with tech,Problem-solving with tech,Problem-solving with tech,Digital literacy skills,Digital literacy skills,Digital literacy skills,Online safety and privacy,Online safety and privacy,Online safety and privacy,Tusi mainu school de bachya nl class ch gl krni sikha skhde ho,Tusi mainu school de bachya nl class ch gl krni sikha skhde ho,Tusi mainu school de bachya nl class ch gl krni sikha skhde ho,Yes, let's practice.,Good morning, everyone!,Good morning, everyone!,Today we'll talk about animals.,Today we'll talk about animals.,Today we'll talk about animals.,Today we talk about english subject,Today we talk about english subject]",,"[Hllo,Ludhiana Punjab,Muje english bolni nhi ati na hi samaj pati hu,I understand a little,Teaching line job apply krni hai,Yes, please!,I am Gurpreet kaur from ludhiana punjab,I am qualified B.sc(IT) in lovely professional University throw distance education,I love helping students learn.,Computer and maths,I love languages.,Yes, I speak Punjabi too.,Yes, it is very helpful.,Punjabi,Yes, it's much easier.,English boln nl bnde da self confidence improve hunda,It helps in getting jobs.,Yes, many companies require it.,Govt job lyi,Teaching ya political career,Teaching,Computer,School kids,High school students,Problem-solving with tech,Digital literacy skills,Online safety and privacy,Tusi mainu school de bachya nl class ch gl krni sikha skhde ho,Yes, let's practice.,Good morning, everyone!,Today we'll talk about animals.,Today we talk about english subject]"
6933023,"[I am Greece.,I am Greece.,Hello?,Thank you.,Yes.,नहीं,,no,,Please,,Sorry,,Please give me the pen.,I am sorry]",,[I am Greece.]
8397481,"[You can call me Alex.,You can call me Alex.,Yes,Yes,My name is chaitanya,My name is chaitanya,Pune,Pune,You are from,You are from,Yes,Yes,Yes,My name is [chaitanya],My name is [chaitanya],I am a student.,I am a student.,I am studying engineering.,I am studying engineering.,I'm studying computer science.,I'm studying computer science.]",,"[You can call me Alex.,Yes,My name is chaitanya,Pune,You are from,Yes,Yes,My name is [chaitanya],I am a student.,I am studying engineering.,I'm studying computer science.]"
8350652,"[Home.,I am home.,How was your day?,My day was good.,My day was tiring.,I'm so hungry,What's for dinner?,Mom,I need help.,Can I go to my,Can we go out,Can we go out to,Can I save,money?,Can I have some money,Can you help me?,Papa please help,I love you, papa.,Maddar,また。,Mother,Father.,This is my,This is my,Brata.,Bradar.,Brad dar.,Catar.,Брадар.,Und das war,C'est car,Seaster.,I think you're not listening.,Sister,,My brother,She is my sister.,Have one whatever,I have one brother.,I have two sisters.,Siblings,Yes, I have a sibling.,I,I think,you are questioning me.,And,I'm saying answer I have a sibling.,Your question,do you have a,How many how many,Boro.,I borrow your,Give it back.,Watch something,Let's watch a movie to,What do you want?,Help me with this,I need your help.,Vocation,I'm on vacation,Zip.,Trip.,On that,family trip, we are going on the,When are we going?,We are going by,I am so excited.,What should I pack?,Black pack my clothes.,I will pack,How many days are we,forums,pipe lekin station]",,"[I want to talk about your family background.,I want to talk about your family background.,I want to talk about your family background.,My favorite hobbies is reading a book.,My favorite hobbies is reading a book.,My favorite hobbies is reading a book.,Like, English book.,Like, English book.,Like, English book.,Human writing.,Human writing.,Human writing.,What do you like about in your family background? Teach your me.,What do you like about in your family background? Teach your me.,What do you like about in your family background? Teach your me.,Yes, of course.,Yes, of course.,Yes, of course.,Story.,Story.,Story.,Yes, I'm already ready. Because you're not listening.,Yes, I'm already ready. Because you're not listening.,Yes, I'm already ready. Because you're not listening.,Red Red,Red Red,Red Red,Fast week,Fast week,Fast week,Happiness,Happiness,Happiness,Because he is your mother, So so happy.,Because he is your mother, So so happy.,Because he is your mother, So so happy.,Yes,,Yes,,Yes,,Can you repeat the question?,Can you repeat the question?,Can you repeat the question?,Yes, I remember.,Yes, I remember.,Yes, I remember.,Happy.,Happy.,Happy.,The dog is very kind person.,The dog is very kind person.,The dog is very kind person.,Estrato,Estrato,Estrato,I think I forget in this question.,I think I forget in this question.,I think I forget in this question.,Na boca,Na boca,Na boca,Yes, yes,,Yes, yes,,Yes, yes,,Capital,Capital,Capital,Small,,Small,,Small,,Small small.,Small small.,Small small.,Smaller.,Smaller.,Smaller.,Capital letter,Capital letter,Capital letter]"
8246494,"[My name is mariyam,My name is mariyam,Why,Why,Hello.,Thank you.,Boss,Yes.,No.,Please,Salut.,Sorry.,Please,,give me the,I'm sorry.,Nin.,Meen.,Name,My name is,Means,And,Ma'am,,Ma'am.,Bien.,Même.,Ma'am.,Mariam.,My name is Maryam.,What you said mean?,What the what,is your name?,I am from,Where are you from?,I walk,as well,salesman.,I work,What do,Nein.,Like,,Like.,I like,Don't Like,I don't like,I don't like Samwat.,Do you like,Dai.,Like.,Like,I like wings.,Don't like,I don't,I don't like,Like,,I like,I like for,He don't like,I don't like,I don't like,Who you like,Do you like coffee?,Really?,How would you be like?,I really like,I really like,What?,Watch.,I watch Serial.,Reed.,Read.,I read newspaper.,Sí.,Please.,Please.,Play.,Actually खुद को.,I play,I like watching three of,I like reading Mustick,Playing for the,I like plain coco.,I like playing cocoa.,Meeting,Beaching.,Watch.,I watch,Read.,I did,newspaper.,I read newspaper.,Play,I play Lido.,I like X Real.,I like it watching cereal.,I like it.,Reading newspaper.,I like it reading,I like,plain Lido.,I like,plain Lido.,I like play,What do you in your free time?,I like cereal on holiday.,Toby sometime.,Sometime.,Some Pine,light,reading,,Seven,fry,like,,news,,reading newspaper.,One time live,reading,Sometime, like,Morning.,Morning.,Shah, in bing.,En un,Ending.,In the evening,Night.,At night,Wake up.,I wake up in the morning,Eight.,Eight.,Eat,I eat breakfast,Go.,I go to,Steep,I sleep at,What time,What time do you wake up,What time do you sleep?,Home.,I am home.,How was the day?,My divorce boot,My day was boot.,My name is boss Eddie.,My days boss Eddie.,My day was,I'm hungry.,What for dinner?,Help.,When I need help,,I go to my friend's east.,Hello.,हां जी, जी,,Thank you.,Yes.,No,Please,Sorry.,Please give me,And,I'm sorry.,When we go,out,to then?,Give me go out,to,to bed.,Yes.,Can we go out,Sam mami,Can I have someone?,He helped me,Can you help me?,Papa please help me.,Popper.,Love you papa.,Mother. Mother.,Father, father, father, father, father.,This is my,This is not bad.,This This,Blogger.,Burger.,Burther.,This is good.,Sister.,My brother. He is my brother. He,This is my sister,I have one visit.,I have one burger.,One has two sisters.,सुबली, सुबली, सुबली, सुबली, सुबली, सुबली, सुबली, सुबली, सुबली,,Sibling,,जी मैं मत सीधि.,मंदिरी by r e sundry]",,"[My name is mariyam,Why]"
8497627,"[Kahan Jana hai,Kahan Jana hai,Mujhe bhi Jana hai,Mujhe bhi Jana hai]",,"[Kahan Jana hai,Mujhe bhi Jana hai]"